platform,horizon_label,horizon_hours,freshness_filter,price_bucket_5c_floor,price_bucket_5c_mid,price_bucket_5c_label,market_count,wins,empirical_win_rate,avg_implied_probability,calibration_gap,empirical_win_rate_ci_low,empirical_win_rate_ci_high
kalshi,30d,720.0,all,0,2.5,0-5,3341,34,0.010176593834181383,0.017671355881472613,-0.00749476204729123,0.007291626592547085,0.014186699914752991
kalshi,30d,720.0,all,5,7.5,5-10,1116,44,0.03942652329749104,0.06668458781362008,-0.02725806451612904,0.02949930068678783,0.05251372686996662
kalshi,30d,720.0,all,10,12.5,10-15,692,70,0.10115606936416185,0.11721098265895953,-0.016054913294797676,0.08084536948119185,0.12587064174895024
kalshi,30d,720.0,all,15,17.5,15-20,493,71,0.1440162271805274,0.1681135902636917,-0.02409736308316429,0.11577277527116282,0.1777646418855326
kalshi,30d,720.0,all,20,22.5,20-25,414,95,0.22946859903381642,0.21838164251207728,0.011086956521739133,0.19156044825042076,0.2723512350286017
kalshi,30d,720.0,all,25,27.5,25-30,333,75,0.22522522522522523,0.2681681681681682,-0.04294294294294296,0.18363829246131846,0.27307964261558415
kalshi,30d,720.0,all,30,32.5,30-35,271,89,0.3284132841328413,0.3176752767527675,0.0107380073800738,0.2752364392135897,0.3863868376120438
kalshi,30d,720.0,all,35,37.5,35-40,251,85,0.3386454183266932,0.36697211155378484,-0.028326693227091637,0.2829222398191948,0.39923326383483976
kalshi,30d,720.0,all,40,42.5,40-45,239,94,0.39330543933054396,0.41995815899581584,-0.026652719665271885,0.333531040943267,0.456455518196518
kalshi,30d,720.0,all,45,47.5,45-50,223,90,0.40358744394618834,0.47049327354260095,-0.06690582959641261,0.34135285623361467,0.46908755681231695
kalshi,30d,720.0,all,50,52.5,50-55,231,114,0.4935064935064935,0.5191341991341991,-0.02562770562770561,0.42966831373069053,0.5575571182200372
kalshi,30d,720.0,all,55,57.5,55-60,213,122,0.5727699530516432,0.5688262910798122,0.003943661971831047,0.5056257099363471,0.6373357882263672
kalshi,30d,720.0,all,60,62.5,60-65,236,148,0.6271186440677966,0.6193220338983051,0.0077966101694915135,0.5638483301919794,0.686316778779942
kalshi,30d,720.0,all,65,67.5,65-70,260,174,0.6692307692307692,0.6716153846153845,-0.0023846153846153184,0.609941182106003,0.7235922712993734
kalshi,30d,720.0,all,70,72.5,70-75,241,167,0.6929460580912863,0.7184232365145228,-0.02547717842323649,0.6320603851435386,0.7477770281064974
kalshi,30d,720.0,all,75,77.5,75-80,291,227,0.7800687285223368,0.7705841924398625,0.009484536082474238,0.7289996323729154,0.8238395870588066
kalshi,30d,720.0,all,80,82.5,80-85,311,261,0.8392282958199357,0.8205144694533761,0.018713826366559605,0.7943038990990664,0.8758743746741581
kalshi,30d,720.0,all,85,87.5,85-90,404,358,0.8861386138613861,0.8696782178217822,0.01646039603960392,0.8514593377921831,0.9135435456802239
kalshi,30d,720.0,all,90,92.5,90-95,473,463,0.9788583509513742,0.9213107822410148,0.057547568710359376,0.9615243596186335,0.9884766470049496
kalshi,30d,720.0,all,95,97.5,95-100,1056,1024,0.9696969696969697,0.9752367424242425,-0.005539772727272796,0.9575345753609058,0.9784543497765864
kalshi,30d,720.0,<=1h,0,2.5,0-5,94,1,0.010638297872340425,0.024255319148936173,-0.013617021276595748,0.001880347339052478,0.057824318161102874
kalshi,30d,720.0,<=1h,5,7.5,5-10,51,3,0.058823529411764705,0.06627450980392158,-0.007450980392156872,0.020206272864052077,0.15924873938941972
kalshi,30d,720.0,<=1h,10,12.5,10-15,57,3,0.05263157894736842,0.11526315789473685,-0.06263157894736843,0.01805996809628102,0.14369777660471303
kalshi,30d,720.0,<=1h,15,17.5,15-20,45,7,0.15555555555555556,0.16755555555555557,-0.01200000000000001,0.07745325311328677,0.28784190511248803
kalshi,30d,720.0,<=1h,20,22.5,20-25,40,10,0.25,0.22075,0.029249999999999998,0.14186967895549518,0.40194259066970106
kalshi,30d,720.0,<=1h,25,27.5,25-30,42,10,0.23809523809523808,0.26452380952380955,-0.026428571428571468,0.13480820811018188,0.38527835082318873
kalshi,30d,720.0,<=1h,30,32.5,30-35,35,13,0.37142857142857144,0.3191428571428572,0.05228571428571427,0.23165607368891059,0.5366335951197893
kalshi,30d,720.0,<=1h,35,37.5,35-40,18,9,0.5,0.36611111111111116,0.13388888888888884,0.2903070395897999,0.7096929604102
kalshi,30d,720.0,<=1h,40,42.5,40-45,30,10,0.3333333333333333,0.41733333333333333,-0.08400000000000002,0.19230295526846194,0.5122027418616973
kalshi,30d,720.0,<=1h,45,47.5,45-50,25,12,0.48,0.4744,0.005599999999999994,0.30031003928960015,0.6650178204685269
kalshi,30d,720.0,<=1h,50,52.5,50-55,33,15,0.45454545454545453,0.5212121212121212,-0.06666666666666671,0.298426891258915,0.6201434205625044
kalshi,30d,720.0,<=1h,55,57.5,55-60,20,12,0.6,0.569,0.031000000000000028,0.3865779423152061,0.7811960325858074
kalshi,30d,720.0,<=1h,60,62.5,60-65,23,16,0.6956521739130435,0.6186956521739131,0.07695652173913037,0.49133870939427393,0.8439617197902755
kalshi,30d,720.0,<=1h,65,67.5,65-70,33,23,0.696969696969697,0.6696969696969697,0.027272727272727337,0.5266154602526555,0.8262465218545277
kalshi,30d,720.0,<=1h,70,72.5,70-75,33,23,0.696969696969697,0.7175757575757575,-0.020606060606060517,0.5266154602526555,0.8262465218545277
kalshi,30d,720.0,<=1h,75,77.5,75-80,20,16,0.8,0.772,0.028000000000000025,0.5839782779742401,0.9193436467288
kalshi,30d,720.0,<=1h,80,82.5,80-85,31,26,0.8387096774193549,0.8212903225806452,0.01741935483870971,0.6736529727502113,0.9290748009456006
kalshi,30d,720.0,<=1h,85,87.5,85-90,22,22,1.0,0.875,0.125,0.8513404742740388,1.0
kalshi,30d,720.0,<=1h,90,92.5,90-95,28,27,0.9642857142857143,0.9182142857142856,0.04607142857142865,0.8228742388150135,0.9936676435024582
kalshi,30d,720.0,<=1h,95,97.5,95-100,61,61,1.0,0.9745901639344262,0.025409836065573788,0.9407540837980555,1.0
kalshi,30d,720.0,<=6h,0,2.5,0-5,261,2,0.007662835249042145,0.022068965517241378,-0.014406130268199233,0.00210390324767175,0.027504738295046613
kalshi,30d,720.0,<=6h,5,7.5,5-10,161,7,0.043478260869565216,0.06869565217391305,-0.02521739130434783,0.021217725855230428,0.08701708865761099
kalshi,30d,720.0,<=6h,10,12.5,10-15,146,11,0.07534246575342465,0.11972602739726028,-0.044383561643835626,0.04258787980687761,0.12987157070619754
kalshi,30d,720.0,<=6h,15,17.5,15-20,102,20,0.19607843137254902,0.1692156862745098,0.02686274509803921,0.13066968570928417,0.2835492981307183
kalshi,30d,720.0,<=6h,20,22.5,20-25,103,24,0.23300970873786409,0.21922330097087378,0.013786407766990305,0.16187497360880482,0.32334426683686435
kalshi,30d,720.0,<=6h,25,27.5,25-30,83,18,0.21686746987951808,0.26783132530120485,-0.05096385542168677,0.14181449316941397,0.3169702367296206
kalshi,30d,720.0,<=6h,30,32.5,30-35,74,24,0.32432432432432434,0.317972972972973,0.006351351351351342,0.22863921647459506,0.43734914964326477
kalshi,30d,720.0,<=6h,35,37.5,35-40,65,33,0.5076923076923077,0.36769230769230765,0.14,0.3891624609220664,0.6253636395753072
kalshi,30d,720.0,<=6h,40,42.5,40-45,61,22,0.36065573770491804,0.4183606557377049,-0.05770491803278688,0.25173936505814554,0.48608326732600293
kalshi,30d,720.0,<=6h,45,47.5,45-50,63,32,0.5079365079365079,0.4719047619047619,0.036031746031746026,0.38762677115387556,0.6273339718564653
kalshi,30d,720.0,<=6h,50,52.5,50-55,58,27,0.46551724137931033,0.5196551724137931,-0.05413793103448278,0.34331815357826717,0.5920004668972703
kalshi,30d,720.0,<=6h,55,57.5,55-60,52,30,0.5769230769230769,0.5696153846153846,0.007307692307692237,0.4419408497943149,0.7013215209113954
kalshi,30d,720.0,<=6h,60,62.5,60-65,60,40,0.6666666666666666,0.6203333333333333,0.04633333333333334,0.540566298666634,0.7727090578407216
kalshi,30d,720.0,<=6h,65,67.5,65-70,74,52,0.7027027027027027,0.67,0.0327027027027027,0.5906687497464007,0.7947292893483764
kalshi,30d,720.0,<=6h,70,72.5,70-75,61,40,0.6557377049180327,0.7178688524590164,-0.0621311475409837,0.5304951542045838,0.7625266096013678
kalshi,30d,720.0,<=6h,75,77.5,75-80,67,56,0.835820895522388,0.7716417910447761,0.06417910447761188,0.7294451400759889,0.9057748436623794
kalshi,30d,720.0,<=6h,80,82.5,80-85,68,54,0.7941176470588235,0.8192647058823529,-0.02514705882352941,0.6835749340049412,0.8732055385903238
kalshi,30d,720.0,<=6h,85,87.5,85-90,69,66,0.9565217391304348,0.8727536231884058,0.08376811594202904,0.8797860261535665,0.9851043661497328
kalshi,30d,720.0,<=6h,90,92.5,90-95,82,78,0.9512195121951219,0.9195121951219513,0.03170731707317065,0.8811836534035687,0.9808692440261156
kalshi,30d,720.0,<=6h,95,97.5,95-100,147,147,1.0,0.9747619047619048,0.02523809523809517,0.9745322245322244,0.9999999999999999
kalshi,30d,720.0,<=24h,0,2.5,0-5,687,7,0.010189228529839884,0.020902474526928675,-0.010713245997088791,0.004944187503337838,0.020881703699508085
kalshi,30d,720.0,<=24h,5,7.5,5-10,372,15,0.04032258064516129,0.06693548387096775,-0.026612903225806457,0.02458565032558009,0.0654565376599968
kalshi,30d,720.0,<=24h,10,12.5,10-15,282,29,0.10283687943262411,0.1200354609929078,-0.017198581560283685,0.07255930102269867,0.14378989377609896
kalshi,30d,720.0,<=24h,15,17.5,15-20,227,40,0.1762114537444934,0.16889867841409692,0.0073127753303964815,0.1321553120942869,0.2310443884796131
kalshi,30d,720.0,<=24h,20,22.5,20-25,209,51,0.24401913875598086,0.2185645933014354,0.025454545454545452,0.19075211897526523,0.30652660849154584
kalshi,30d,720.0,<=24h,25,27.5,25-30,160,41,0.25625,0.268625,-0.012375000000000025,0.19487319519495178,0.329057235171939
kalshi,30d,720.0,<=24h,30,32.5,30-35,161,53,0.32919254658385094,0.31763975155279506,0.011552795031055885,0.2613252647592849,0.4050210944121864
kalshi,30d,720.0,<=24h,35,37.5,35-40,146,55,0.3767123287671233,0.3678767123287671,0.008835616438356175,0.30222177132891903,0.4575245207555222
kalshi,30d,720.0,<=24h,40,42.5,40-45,131,53,0.40458015267175573,0.4194656488549618,-0.01488549618320606,0.3244106182615045,0.4901866573567022
kalshi,30d,720.0,<=24h,45,47.5,45-50,128,57,0.4453125,0.471875,-0.02656249999999999,0.36205379206482013,0.5317581762365354
kalshi,30d,720.0,<=24h,50,52.5,50-55,120,59,0.49166666666666664,0.5200833333333333,-0.0284166666666667,0.4038741586989492,0.5799761791519831
kalshi,30d,720.0,<=24h,55,57.5,55-60,121,67,0.5537190082644629,0.5701652892561984,-0.016446280991735507,0.46484853785152597,0.6392834181631359
kalshi,30d,720.0,<=24h,60,62.5,60-65,136,84,0.6176470588235294,0.6185294117647059,-0.0008823529411764452,0.5338050376414222,0.6950252961076197
kalshi,30d,720.0,<=24h,65,67.5,65-70,152,90,0.5921052631578947,0.6713815789473684,-0.0792763157894737,0.5126421793158427,0.6670274339324811
kalshi,30d,720.0,<=24h,70,72.5,70-75,127,87,0.6850393700787402,0.7196062992125983,-0.03456692913385817,0.5998293468067151,0.7593836252144159
kalshi,30d,720.0,<=24h,75,77.5,75-80,144,108,0.75,0.7705555555555555,-0.02055555555555555,0.6734017453693497,0.8136059709973562
kalshi,30d,720.0,<=24h,80,82.5,80-85,156,128,0.8205128205128205,0.820448717948718,6.410256410249726e-05,0.7528194163028651,0.8727999468666726
kalshi,30d,720.0,<=24h,85,87.5,85-90,171,151,0.8830409356725146,0.870701754385965,0.01233918128654965,0.8262504301633958,0.9229991763375741
kalshi,30d,720.0,<=24h,90,92.5,90-95,166,159,0.9578313253012049,0.9213253012048193,0.03650602409638559,0.9155255134669051,0.9794260178422676
kalshi,30d,720.0,<=24h,95,97.5,95-100,335,322,0.9611940298507463,0.9732238805970149,-0.012029850746268611,0.9347466965287532,0.9771838338429604
kalshi,7d,168.0,all,0,2.5,0-5,7187,66,0.009183247530262974,0.01679977737581745,-0.007616529845554474,0.00722516292961117,0.011665755207147677
kalshi,7d,168.0,all,5,7.5,5-10,2076,82,0.0394990366088632,0.06723025048169556,-0.027731213872832366,0.031935398573947546,0.04876382390530279
kalshi,7d,168.0,all,10,12.5,10-15,1183,111,0.09382924767540152,0.11814032121724428,-0.024311073541842768,0.07850241849236188,0.11178548513353055
kalshi,7d,168.0,all,15,17.5,15-20,889,138,0.15523059617547807,0.1688076490438695,-0.01357705286839142,0.13291430285938322,0.18051374529607905
kalshi,7d,168.0,all,20,22.5,20-25,849,157,0.18492343934040048,0.21756183745583038,-0.0326383981154299,0.16024750981891547,0.21243787513416382
kalshi,7d,168.0,all,25,27.5,25-30,709,188,0.2651622002820874,0.26819464033850493,-0.003032440056417507,0.23399813775315742,0.29885740827558155
kalshi,7d,168.0,all,30,32.5,30-35,575,162,0.2817391304347826,0.3180695652173913,-0.03633043478260872,0.24651183869323845,0.31986348747544047
kalshi,7d,168.0,all,35,37.5,35-40,520,168,0.3230769230769231,0.36817307692307694,-0.04509615384615384,0.28430557474580676,0.36444320732877455
kalshi,7d,168.0,all,40,42.5,40-45,483,197,0.4078674948240166,0.41927536231884055,-0.011407867494823976,0.3649337242713367,0.45225527518967884
kalshi,7d,168.0,all,45,47.5,45-50,543,233,0.429097605893186,0.46928176795580107,-0.04018416206261505,0.3881083612159431,0.47108303899940257
kalshi,7d,168.0,all,50,52.5,50-55,524,267,0.5095419847328244,0.5194274809160305,-0.00988549618320611,0.4668248259019954,0.5521202515606374
kalshi,7d,168.0,all,55,57.5,55-60,486,266,0.5473251028806584,0.5686008230452675,-0.021275720164609102,0.5028721335579385,0.5910357746311576
kalshi,7d,168.0,all,60,62.5,60-65,485,295,0.6082474226804123,0.6198969072164948,-0.0116494845360825,0.564115285889239,0.6506782177732969
kalshi,7d,168.0,all,65,67.5,65-70,539,337,0.6252319109461967,0.6701855287569574,-0.04495361781076068,0.5836147464193419,0.6650765845324497
kalshi,7d,168.0,all,70,72.5,70-75,515,347,0.6737864077669903,0.7193009708737864,-0.045514563106796135,0.6321377576934317,0.7128615638721483
kalshi,7d,168.0,all,75,77.5,75-80,524,410,0.7824427480916031,0.7693511450381679,0.013091603053435152,0.745129225916404,0.815645066977525
kalshi,7d,168.0,all,80,82.5,80-85,605,488,0.8066115702479338,0.8192892561983471,-0.012677685950413298,0.7732446910186154,0.8361092033276315
kalshi,7d,168.0,all,85,87.5,85-90,674,592,0.8783382789317508,0.8700148367952523,0.008323442136498493,0.8514915166529878,0.9008966519102873
kalshi,7d,168.0,all,90,92.5,90-95,1021,961,0.941234084231146,0.9201273261508325,0.02110675808031348,0.925086217005126,0.9540740356622129
kalshi,7d,168.0,all,95,97.5,95-100,2578,2536,0.9837083010085338,0.9775368502715283,0.006171450737005535,0.9780525878113938,0.9879245658606207
kalshi,7d,168.0,<=1h,0,2.5,0-5,390,2,0.005128205128205128,0.020974358974358974,-0.015846153846153847,0.0014074377123325967,0.01850310500331755
kalshi,7d,168.0,<=1h,5,7.5,5-10,224,6,0.026785714285714284,0.06723214285714285,-0.040446428571428564,0.012332530267932566,0.057196475848597515
kalshi,7d,168.0,<=1h,10,12.5,10-15,135,12,0.08888888888888889,0.12118518518518519,-0.032296296296296295,0.05157885461025679,0.14894894109362447
kalshi,7d,168.0,<=1h,15,17.5,15-20,151,23,0.152317880794702,0.16980132450331126,-0.01748344370860927,0.10369187215469948,0.21819578594234934
kalshi,7d,168.0,<=1h,20,22.5,20-25,172,37,0.21511627906976744,0.2177906976744186,-0.002674418604651174,0.16028767638500901,0.28239255400415936
kalshi,7d,168.0,<=1h,25,27.5,25-30,147,34,0.23129251700680273,0.2687074829931973,-0.03741496598639457,0.17049783388893874,0.3057739638114304
kalshi,7d,168.0,<=1h,30,32.5,30-35,133,42,0.3157894736842105,0.3184962406015038,-0.0027067669172932685,0.24290672937283575,0.39901502541518186
kalshi,7d,168.0,<=1h,35,37.5,35-40,129,49,0.3798449612403101,0.36992248062015504,0.00992248062015505,0.30071077692282255,0.4659285890589181
kalshi,7d,168.0,<=1h,40,42.5,40-45,139,58,0.4172661870503597,0.4179136690647482,-0.0006474820143884674,0.33859380424958263,0.5003886770443821
kalshi,7d,168.0,<=1h,45,47.5,45-50,142,59,0.4154929577464789,0.47049295774647887,-0.05499999999999999,0.337706015033418,0.49773188471535046
kalshi,7d,168.0,<=1h,50,52.5,50-55,136,65,0.47794117647058826,0.5178676470588236,-0.03992647058823534,0.3957536153824567,0.5613406970395979
kalshi,7d,168.0,<=1h,55,57.5,55-60,160,99,0.61875,0.5688125,0.04993749999999997,0.5415420671016985,0.6903892616939188
kalshi,7d,168.0,<=1h,60,62.5,60-65,157,93,0.5923566878980892,0.6195541401273885,-0.027197452229299368,0.5141756128359456,0.6661260006769765
kalshi,7d,168.0,<=1h,65,67.5,65-70,158,101,0.6392405063291139,0.6701898734177214,-0.030949367088607516,0.5618751766061463,0.7099955908603146
kalshi,7d,168.0,<=1h,70,72.5,70-75,138,96,0.6956521739130435,0.7205797101449275,-0.02492753623188404,0.614443674944552,0.7662626904658777
kalshi,7d,168.0,<=1h,75,77.5,75-80,143,105,0.7342657342657343,0.769090909090909,-0.034825174825174776,0.6564279437044778,0.7998460277041695
kalshi,7d,168.0,<=1h,80,82.5,80-85,136,107,0.7867647058823529,0.8197794117647059,-0.033014705882353,0.7105439206013697,0.8472300179119194
kalshi,7d,168.0,<=1h,85,87.5,85-90,117,99,0.8461538461538461,0.867948717948718,-0.02179487179487183,0.769884730178067,0.9004142397130962
kalshi,7d,168.0,<=1h,90,92.5,90-95,139,126,0.9064748201438849,0.9202158273381295,-0.013741007194244537,0.8465579345099937,0.94452813565444
kalshi,7d,168.0,<=1h,95,97.5,95-100,186,182,0.978494623655914,0.9723655913978494,0.006129032258064604,0.9460176960216709,0.9916060913884648
kalshi,7d,168.0,<=6h,0,2.5,0-5,942,8,0.008492569002123142,0.02029723991507431,-0.011804670912951168,0.0043094271670307775,0.016668292569550908
kalshi,7d,168.0,<=6h,5,7.5,5-10,519,24,0.046242774566473986,0.06811175337186898,-0.02186897880539499,0.031269008479947305,0.06788454012827361
kalshi,7d,168.0,<=6h,10,12.5,10-15,332,29,0.08734939759036145,0.11801204819277109,-0.030662650602409636,0.06150540744609897,0.12263378198129779
kalshi,7d,168.0,<=6h,15,17.5,15-20,338,51,0.15088757396449703,0.1700887573964497,-0.01920118343195268,0.11666373738130456,0.19295802895725692
kalshi,7d,168.0,<=6h,20,22.5,20-25,337,65,0.19287833827893175,0.21765578635014837,-0.024777448071216623,0.15430896649359493,0.2383708002954355
kalshi,7d,168.0,<=6h,25,27.5,25-30,304,87,0.28618421052631576,0.26786184210526315,0.018322368421052615,0.23829165069796268,0.3394132468857297
kalshi,7d,168.0,<=6h,30,32.5,30-35,256,73,0.28515625,0.31796875,-0.03281250000000002,0.23334375359169546,0.3433214147262337
kalshi,7d,168.0,<=6h,35,37.5,35-40,244,88,0.36065573770491804,0.3690983606557377,-0.008442622950819656,0.30299290327177575,0.4226383063395245
kalshi,7d,168.0,<=6h,40,42.5,40-45,253,102,0.4031620553359684,0.4189723320158103,-0.015810276679841917,0.3446012501545621,0.46461968601777126
kalshi,7d,168.0,<=6h,45,47.5,45-50,285,123,0.43157894736842106,0.46992982456140353,-0.03835087719298247,0.37536127919836865,0.4896166187221525
kalshi,7d,168.0,<=6h,50,52.5,50-55,266,135,0.5075187969924813,0.518609022556391,-0.011090225563909706,0.447760002161868,0.5670635091128948
kalshi,7d,168.0,<=6h,55,57.5,55-60,267,156,0.5842696629213483,0.5693632958801498,0.01490636704119852,0.5243658931938201,0.6417828815881926
kalshi,7d,168.0,<=6h,60,62.5,60-65,271,166,0.6125461254612546,0.6198523985239852,-0.007306273062730573,0.5533552780817975,0.6685907446454752
kalshi,7d,168.0,<=6h,65,67.5,65-70,284,185,0.6514084507042254,0.6706338028169014,-0.019225352112676064,0.5942997455271726,0.7044756920746196
kalshi,7d,168.0,<=6h,70,72.5,70-75,263,173,0.6577946768060836,0.7200760456273764,-0.06228136882129276,0.5985507254622333,0.7124952283920383
kalshi,7d,168.0,<=6h,75,77.5,75-80,239,176,0.7364016736401674,0.7693723849372386,-0.03297071129707119,0.6771214255615018,0.7882024728150533
kalshi,7d,168.0,<=6h,80,82.5,80-85,252,199,0.7896825396825397,0.8191269841269841,-0.029444444444444495,0.7352053449088992,0.835460254430692
kalshi,7d,168.0,<=6h,85,87.5,85-90,241,208,0.8630705394190872,0.8687551867219916,-0.005684647302904411,0.8139376418136411,0.900810178818147
kalshi,7d,168.0,<=6h,90,92.5,90-95,282,257,0.9113475177304965,0.9197872340425532,-0.008439716312056755,0.8724067122558754,0.9392316217025127
kalshi,7d,168.0,<=6h,95,97.5,95-100,459,450,0.9803921568627451,0.9734640522875817,0.006928104575163352,0.963159021193859,0.98965075217137
kalshi,7d,168.0,<=24h,0,2.5,0-5,2041,20,0.009799118079372856,0.019970602645761882,-0.010171484566389026,0.006352312985947242,0.015087782911945291
kalshi,7d,168.0,<=24h,5,7.5,5-10,983,44,0.044760935910478125,0.06755849440488301,-0.022797558494404888,0.03351052259417075,0.059555679722391515
kalshi,7d,168.0,<=24h,10,12.5,10-15,613,68,0.11092985318107668,0.11822185970636216,-0.007292006525285485,0.08845132193577454,0.13825452929086132
kalshi,7d,168.0,<=24h,15,17.5,15-20,574,91,0.15853658536585366,0.16975609756097562,-0.011219512195121961,0.130939660226772,0.19067373693951029
kalshi,7d,168.0,<=24h,20,22.5,20-25,549,100,0.18214936247723132,0.21772313296903462,-0.0355737704918033,0.1521082194467106,0.21660788295947586
kalshi,7d,168.0,<=24h,25,27.5,25-30,485,136,0.2804123711340206,0.2681649484536083,0.012247422680412345,0.24227962091217056,0.3219964145152563
kalshi,7d,168.0,<=24h,30,32.5,30-35,401,109,0.2718204488778055,0.31768079800498755,-0.045860349127182065,0.230593129579259,0.3173782251431805
kalshi,7d,168.0,<=24h,35,37.5,35-40,375,133,0.3546666666666667,0.36848,-0.013813333333333289,0.307942006670616,0.40433879881642665
kalshi,7d,168.0,<=24h,40,42.5,40-45,379,156,0.41160949868073876,0.4194195250659631,-0.007810026385224322,0.36319129451882093,0.46180160071513476
kalshi,7d,168.0,<=24h,45,47.5,45-50,401,177,0.44139650872817954,0.4700249376558604,-0.02862842892768086,0.3935789984553696,0.4903262128667869
kalshi,7d,168.0,<=24h,50,52.5,50-55,392,206,0.5255102040816326,0.5194387755102041,0.0060714285714285054,0.47606945344385465,0.5744558071654394
kalshi,7d,168.0,<=24h,55,57.5,55-60,383,221,0.577023498694517,0.5690600522193211,0.007963446475195868,0.5270210154054489,0.6254961906034189
kalshi,7d,168.0,<=24h,60,62.5,60-65,385,236,0.612987012987013,0.6197662337662337,-0.006779220779220774,0.5634453113190927,0.6602961813607029
kalshi,7d,168.0,<=24h,65,67.5,65-70,427,272,0.6370023419203747,0.669976580796253,-0.03297423887587825,0.5903576579838835,0.6812038625378117
kalshi,7d,168.0,<=24h,70,72.5,70-75,387,255,0.6589147286821705,0.7197416020671835,-0.060826873385013025,0.6103263773295904,0.7043791197311113
kalshi,7d,168.0,<=24h,75,77.5,75-80,369,284,0.7696476964769647,0.7690243902439025,0.0006233062330622818,0.7240389930047109,0.8096997314294723
kalshi,7d,168.0,<=24h,80,82.5,80-85,432,334,0.7731481481481481,0.8189120370370371,-0.04576388888888894,0.7313486625495026,0.8101324627033416
kalshi,7d,168.0,<=24h,85,87.5,85-90,411,348,0.8467153284671532,0.8693917274939174,-0.022676399026764105,0.8086879100129999,0.8783213002494231
kalshi,7d,168.0,<=24h,90,92.5,90-95,574,532,0.926829268292683,0.920383275261324,0.006445993031358954,0.9025694202553497,0.9454138332867975
kalshi,7d,168.0,<=24h,95,97.5,95-100,1028,1009,0.9815175097276264,0.9741050583657588,0.0074124513618676335,0.9713132971177093,0.9881362928193508
kalshi,3d,72.0,all,0,2.5,0-5,20529,277,0.01349310731160797,0.015725558965366065,-0.002232451653758096,0.012003396480098134,0.015164864536438418
kalshi,3d,72.0,all,5,7.5,5-10,6367,395,0.06203863672059055,0.06793623370504162,-0.005897596984451074,0.05637330300593989,0.06823214943538278
kalshi,3d,72.0,all,10,12.5,10-15,3909,426,0.10897927858787414,0.11822205167562036,-0.009242773087746223,0.09959167991512807,0.11913467997636354
kalshi,3d,72.0,all,15,17.5,15-20,2729,403,0.1476731403444485,0.16884206669109564,-0.021168926346647132,0.13485763140399348,0.16147919250852305
kalshi,3d,72.0,all,20,22.5,20-25,2350,468,0.19914893617021276,0.21908510638297873,-0.019936170212765975,0.1834988332256619,0.21578105034849193
kalshi,3d,72.0,all,25,27.5,25-30,2106,536,0.25451092117758783,0.26883190883190883,-0.014320987654320994,0.2363657178066664,0.2735500976744579
kalshi,3d,72.0,all,30,32.5,30-35,1719,507,0.2949389179755672,0.31810936591041306,-0.02317044793484585,0.2738579000165903,0.3169344281928051
kalshi,3d,72.0,all,35,37.5,35-40,1496,524,0.3502673796791444,0.36903074866310165,-0.01876336898395725,0.32650433133352064,0.3747974594689215
kalshi,3d,72.0,all,40,42.5,40-45,1375,591,0.4298181818181818,0.41928727272727273,0.01053090909090909,0.4038824700710916,0.45614496165130486
kalshi,3d,72.0,all,45,47.5,45-50,1690,758,0.4485207100591716,0.4701065088757397,-0.02158579881656808,0.4249520596592451,0.4723228685276645
kalshi,3d,72.0,all,50,52.5,50-55,1526,757,0.49606815203145477,0.5175950196592398,-0.02152686762778505,0.4710233114272684,0.5211327392383691
kalshi,3d,72.0,all,55,57.5,55-60,1224,655,0.5351307189542484,0.5683496732026144,-0.03321895424836607,0.5071221252666899,0.5629194827061953
kalshi,3d,72.0,all,60,62.5,60-65,1060,638,0.6018867924528302,0.6183962264150944,-0.01650943396226423,0.5721009329592154,0.6309368125096589
kalshi,3d,72.0,all,65,67.5,65-70,1000,635,0.635,0.6701900000000001,-0.035190000000000055,0.6046966883157053,0.6642700490659693
kalshi,3d,72.0,all,70,72.5,70-75,889,624,0.7019122609673791,0.7195275590551181,-0.017615298087738984,0.6710267055881697,0.7310602939423182
kalshi,3d,72.0,all,75,77.5,75-80,860,660,0.7674418604651163,0.770093023255814,-0.0026511627906976587,0.7380547841306135,0.7944502491995711
kalshi,3d,72.0,all,80,82.5,80-85,895,729,0.8145251396648044,0.8188826815642458,-0.004357541899441375,0.7877350748820169,0.8386266778450486
kalshi,3d,72.0,all,85,87.5,85-90,936,811,0.8664529914529915,0.8697649572649573,-0.0033119658119658,0.8431556443611785,0.8867545873204155
kalshi,3d,72.0,all,90,92.5,90-95,1423,1337,0.9395643007730148,0.9198735066760365,0.01969079409697827,0.9259597702479485,0.9508018829026186
kalshi,3d,72.0,all,95,97.5,95-100,4246,4160,0.9797456429580782,0.9782618935468677,0.0014837494112105443,0.9750545242499735,0.9835694395231704
kalshi,3d,72.0,<=1h,0,2.5,0-5,1621,22,0.013571869216533004,0.019389265885256014,-0.00581739666872301,0.008979540804505092,0.020464313907240343
kalshi,3d,72.0,<=1h,5,7.5,5-10,758,43,0.05672823218997362,0.06799472295514512,-0.011266490765171507,0.042385682186951525,0.07554119395108033
kalshi,3d,72.0,<=1h,10,12.5,10-15,591,62,0.10490693739424704,0.11949238578680203,-0.01458544839255499,0.08270081498780962,0.13221623183608433
kalshi,3d,72.0,<=1h,15,17.5,15-20,488,61,0.125,0.16887295081967213,-0.04387295081967213,0.09855437245764542,0.15730361108827667
kalshi,3d,72.0,<=1h,20,22.5,20-25,417,83,0.19904076738609114,0.21918465227817743,-0.020143884892086295,0.16354113605350862,0.2400349362739419
kalshi,3d,72.0,<=1h,25,27.5,25-30,394,109,0.2766497461928934,0.26880710659898477,0.007842639593908629,0.23479531137800685,0.322817567717593
kalshi,3d,72.0,<=1h,30,32.5,30-35,360,110,0.3055555555555556,0.3194166666666667,-0.013861111111111102,0.2602311139770829,0.3549860574513629
kalshi,3d,72.0,<=1h,35,37.5,35-40,348,114,0.3275862068965517,0.3696551724137931,-0.042068965517241375,0.28039111545459144,0.37854631548023826
kalshi,3d,72.0,<=1h,40,42.5,40-45,317,143,0.45110410094637227,0.4197791798107256,0.031324921135646666,0.39723688158686876,0.5061422313461176
kalshi,3d,72.0,<=1h,45,47.5,45-50,420,191,0.45476190476190476,0.47088095238095234,-0.01611904761904759,0.4077634927689591,0.5025803715426139
kalshi,3d,72.0,<=1h,50,52.5,50-55,408,202,0.4950980392156863,0.5181617647058823,-0.023063725490195974,0.4468556446444029,0.5434318833760787
kalshi,3d,72.0,<=1h,55,57.5,55-60,329,178,0.541033434650456,0.5685410334346505,-0.02750759878419451,0.4870224874953019,0.5940971802385391
kalshi,3d,72.0,<=1h,60,62.5,60-65,332,216,0.6506024096385542,0.6187349397590362,0.03186746987951805,0.5978580827777537,0.6999013371392547
kalshi,3d,72.0,<=1h,65,67.5,65-70,301,191,0.6345514950166113,0.670498338870432,-0.03594684385382063,0.5787706112542178,0.6869411551188757
kalshi,3d,72.0,<=1h,70,72.5,70-75,278,185,0.6654676258992805,0.7201079136690648,-0.054640287769784246,0.6080807478350297,0.7183437402462186
kalshi,3d,72.0,<=1h,75,77.5,75-80,238,184,0.773109243697479,0.7711764705882354,0.0019327731092436684,0.7158069122895943,0.8217350159808108
kalshi,3d,72.0,<=1h,80,82.5,80-85,232,199,0.8577586206896551,0.8196982758620689,0.038060344827586245,0.8069717204518692,0.8968905328571315
kalshi,3d,72.0,<=1h,85,87.5,85-90,210,183,0.8714285714285714,0.8681428571428572,0.003285714285714225,0.819398464815287,0.910113472992885
kalshi,3d,72.0,<=1h,90,92.5,90-95,258,244,0.9457364341085271,0.9192248062015504,0.026511627906976698,0.910988816952253,0.9674048378375134
kalshi,3d,72.0,<=1h,95,97.5,95-100,411,406,0.9878345498783455,0.9737712895377129,0.014063260340632655,0.9718411772669431,0.9947928343654489
kalshi,3d,72.0,<=6h,0,2.5,0-5,4781,59,0.012340514536707802,0.0176594854632922,-0.005318970926584397,0.009579448606220262,0.015884633632155195
kalshi,3d,72.0,<=6h,5,7.5,5-10,1907,110,0.05768222338751967,0.06766649187205034,-0.009984268484530677,0.04808017418498273,0.06906276429824897
kalshi,3d,72.0,<=6h,10,12.5,10-15,1460,154,0.10547945205479452,0.11916438356164383,-0.01368493150684931,0.09074500458494837,0.1222846018970644
kalshi,3d,72.0,<=6h,15,17.5,15-20,1098,162,0.14754098360655737,0.16879781420765028,-0.021256830601092902,0.12779319366993808,0.16974648898499167
kalshi,3d,72.0,<=6h,20,22.5,20-25,998,221,0.22144288577154309,0.21902805611222445,0.0024148296593186347,0.19677703686054615,0.24824501053696663
kalshi,3d,72.0,<=6h,25,27.5,25-30,923,251,0.27193932827735645,0.2691332611050921,0.002806067172264337,0.24422240748440482,0.3015467940706398
kalshi,3d,72.0,<=6h,30,32.5,30-35,772,248,0.32124352331606215,0.31827720207253885,0.0029663212435233066,0.28925852483814857,0.35499875654506147
kalshi,3d,72.0,<=6h,35,37.5,35-40,718,253,0.35236768802228413,0.3693314763231198,-0.01696378830083567,0.3182949542031141,0.3880118034013243
kalshi,3d,72.0,<=6h,40,42.5,40-45,650,276,0.4246153846153846,0.41986153846153845,0.004753846153846164,0.38716814007314015,0.46294846309190774
kalshi,3d,72.0,<=6h,45,47.5,45-50,890,405,0.4550561797752809,0.4711910112359551,-0.01613483146067418,0.4226024554762211,0.48789622795941223
kalshi,3d,72.0,<=6h,50,52.5,50-55,845,425,0.5029585798816568,0.5177751479289942,-0.01481656804733733,0.46930912552956633,0.5365812549607395
kalshi,3d,72.0,<=6h,55,57.5,55-60,651,360,0.5529953917050692,0.5674347158218126,-0.014439324116743424,0.5146025472540415,0.5907664457971026
kalshi,3d,72.0,<=6h,60,62.5,60-65,598,374,0.6254180602006689,0.6188461538461538,0.0065719063545151,0.5859392729164378,0.6632957417452273
kalshi,3d,72.0,<=6h,65,67.5,65-70,571,362,0.6339754816112084,0.6708056042031524,-0.03683012259194396,0.5936901809537887,0.6724700969384168
kalshi,3d,72.0,<=6h,70,72.5,70-75,484,325,0.6714876033057852,0.7196694214876033,-0.048181818181818103,0.6284368728532725,0.7118375112910891
kalshi,3d,72.0,<=6h,75,77.5,75-80,450,332,0.7377777777777778,0.7702444444444444,-0.032466666666666644,0.695248014543135,0.7762821404713018
kalshi,3d,72.0,<=6h,80,82.5,80-85,431,366,0.8491879350348028,0.8189559164733179,0.03023201856148494,0.8123253996375789,0.8798806818412862
kalshi,3d,72.0,<=6h,85,87.5,85-90,405,348,0.8592592592592593,0.8691111111111112,-0.00985185185185189,0.8220055832423763,0.8897615167787567
kalshi,3d,72.0,<=6h,90,92.5,90-95,530,497,0.9377358490566038,0.919245283018868,0.0184905660377358,0.9138473234606785,0.9553243559288633
kalshi,3d,72.0,<=6h,95,97.5,95-100,973,949,0.9753340184994861,0.9748920863309353,0.0004419321685508182,0.9635598875511984,0.9833694815501992
kalshi,3d,72.0,<=24h,0,2.5,0-5,9948,147,0.014776839565741858,0.016615400080418175,-0.0018385605146763167,0.01258613419581655,0.017342155659600764
kalshi,3d,72.0,<=24h,5,7.5,5-10,3445,209,0.06066763425253991,0.06814804063860667,-0.007480406386066764,0.0531747487318038,0.06913924794464546
kalshi,3d,72.0,<=24h,10,12.5,10-15,2449,274,0.11188240097999183,0.11881175990200081,-0.00692935892200898,0.10000055275753486,0.12497997594843621
kalshi,3d,72.0,<=24h,15,17.5,15-20,1870,282,0.15080213903743314,0.16910160427807486,-0.018299465240641716,0.13529913960746212,0.1677369334522885
kalshi,3d,72.0,<=24h,20,22.5,20-25,1672,354,0.2117224880382775,0.219377990430622,-0.007655502392344499,0.19281243756344918,0.2319541990924257
kalshi,3d,72.0,<=24h,25,27.5,25-30,1482,383,0.2584345479082321,0.2688663967611336,-0.010431848852901493,0.23679062058933034,0.28132759604964375
kalshi,3d,72.0,<=24h,30,32.5,30-35,1273,390,0.3063629222309505,0.31819324430479184,-0.011830322073841326,0.2816532869083649,0.33223773919855404
kalshi,3d,72.0,<=24h,35,37.5,35-40,1126,399,0.3543516873889876,0.3692007104795737,-0.014849023090586111,0.32695161175066734,0.3827422072767078
kalshi,3d,72.0,<=24h,40,42.5,40-45,1057,456,0.4314096499526963,0.4195364238410596,0.011873226111636714,0.401852936694167,0.4614631323589319
kalshi,3d,72.0,<=24h,45,47.5,45-50,1348,609,0.45178041543026703,0.47052670623145404,-0.018746290801187004,0.42538727960751144,0.4784476075567835
kalshi,3d,72.0,<=24h,50,52.5,50-55,1200,596,0.49666666666666665,0.5177833333333334,-0.021116666666666728,0.46843294089078297,0.5249216665592337
kalshi,3d,72.0,<=24h,55,57.5,55-60,957,519,0.542319749216301,0.5682654127481714,-0.025945663531870444,0.5106480325684877,0.5736530634706514
kalshi,3d,72.0,<=24h,60,62.5,60-65,869,534,0.6144994246260069,0.6188147295742232,-0.004315304948216303,0.5817020295496691,0.6462889369670506
kalshi,3d,72.0,<=24h,65,67.5,65-70,818,515,0.6295843520782396,0.6704156479217603,-0.04083129584352074,0.5959563717709261,0.6620008793587321
kalshi,3d,72.0,<=24h,70,72.5,70-75,721,500,0.6934812760055479,0.7196809986130375,-0.026199722607489595,0.6588756648252427,0.7260360179479315
kalshi,3d,72.0,<=24h,75,77.5,75-80,682,520,0.7624633431085044,0.7702639296187683,-0.0078005865102639405,0.7291085997481402,0.7928778181069448
kalshi,3d,72.0,<=24h,80,82.5,80-85,678,548,0.8082595870206489,0.8183775811209439,-0.010117994100295014,0.7769225505366109,0.8361230600568172
kalshi,3d,72.0,<=24h,85,87.5,85-90,657,566,0.8614916286149162,0.8689954337899544,-0.007503805175038125,0.8329692255946783,0.8858111901660726
kalshi,3d,72.0,<=24h,90,92.5,90-95,907,853,0.9404630650496141,0.9193825799338478,0.021080485115766323,0.9231261299875669,0.9540845727295685
kalshi,3d,72.0,<=24h,95,97.5,95-100,2064,2014,0.9757751937984496,0.9759689922480621,-0.00019379844961253667,0.9682058410536398,0.9815767728564391
kalshi,1d,24.0,all,0,2.5,0-5,55431,691,0.012465948656888744,0.015674802908120004,-0.0032088542512312603,0.011575475384284729,0.013423993541770611
kalshi,1d,24.0,all,5,7.5,5-10,19505,1096,0.056190720328120995,0.06777441681620097,-0.011583696488079977,0.05304535310967562,0.05951087370391439
kalshi,1d,24.0,all,10,12.5,10-15,11242,1138,0.10122753958370397,0.11861946272905177,-0.017391923145347807,0.0957872325408977,0.1069402894259776
kalshi,1d,24.0,all,15,17.5,15-20,8582,1250,0.1456536937776742,0.16879748310417153,-0.023143789326497327,0.1383487776536213,0.15327570328252826
kalshi,1d,24.0,all,20,22.5,20-25,7078,1386,0.19581802769143825,0.2193896580955072,-0.023571630404068955,0.18673912437704557,0.2052269427544192
kalshi,1d,24.0,all,25,27.5,25-30,6712,1612,0.2401668653158522,0.2690747914183552,-0.028907926102503007,0.23009745855141767,0.25053353191149025
kalshi,1d,24.0,all,30,32.5,30-35,6048,1811,0.2994378306878307,0.319307208994709,-0.019869378306878294,0.288024889084925,0.3111053987930658
kalshi,1d,24.0,all,35,37.5,35-40,5554,1953,0.3516384587684552,0.369458048253511,-0.017819589485055798,0.33918723337588735,0.36429478021730327
kalshi,1d,24.0,all,40,42.5,40-45,5072,2099,0.41384069400630913,0.4195623028391167,-0.00572160883280759,0.40035614604624603,0.42745565958614395
kalshi,1d,24.0,all,45,47.5,45-50,4971,2236,0.4498088915711125,0.46943673305169986,-0.019627841480587382,0.4360234830633445,0.46367181577792926
kalshi,1d,24.0,all,50,52.5,50-55,4194,2062,0.491654744873629,0.5178040057224607,-0.02614926084883168,0.47653887157990693,0.5067858922701631
kalshi,1d,24.0,all,55,57.5,55-60,3095,1653,0.5340872374798061,0.5685848142164782,-0.034497576736672086,0.5164812785787034,0.5516086812307943
kalshi,1d,24.0,all,60,62.5,60-65,2443,1460,0.5976258698321736,0.618501841997544,-0.020875972165370404,0.5780415401302328,0.6169036496196882
kalshi,1d,24.0,all,65,67.5,65-70,2164,1391,0.6427911275415896,0.6694223659889095,-0.02663123844731985,0.6223649950647699,0.66271118393281
kalshi,1d,24.0,all,70,72.5,70-75,1710,1136,0.664327485380117,0.7187602339181286,-0.05443274853801161,0.6415987894792737,0.6863194965513607
kalshi,1d,24.0,all,75,77.5,75-80,1658,1238,0.7466827503015682,0.7692460796139927,-0.02256332931242455,0.7251943623124313,0.7670306487836924
kalshi,1d,24.0,all,80,82.5,80-85,1557,1247,0.8008991650610148,0.8189531149646757,-0.018053949903660937,0.7803339386808748,0.8199832235475026
kalshi,1d,24.0,all,85,87.5,85-90,1559,1340,0.8595253367543297,0.8702950609364977,-0.010769724182167928,0.8413912547488491,0.8758919299321832
kalshi,1d,24.0,all,90,92.5,90-95,2038,1887,0.9259077526987243,0.9203974484789009,0.005510304219823348,0.9137172419691041,0.9364956246900923
kalshi,1d,24.0,all,95,97.5,95-100,6564,6386,0.9728823887873248,0.9789366240097501,-0.006054235222425319,0.9686678056625,0.9765437840932578
kalshi,1d,24.0,<=1h,0,2.5,0-5,6397,82,0.012818508675941847,0.019754572455838674,-0.006936063779896827,0.01033958809096842,0.015882213742090534
kalshi,1d,24.0,<=1h,5,7.5,5-10,3760,213,0.056648936170212764,0.06849999999999999,-0.011851063829787227,0.049702214822088364,0.06450067830710178
kalshi,1d,24.0,<=1h,10,12.5,10-15,2968,338,0.11388140161725067,0.11924865229110512,-0.005367250673854448,0.10294832248359709,0.12581272588452588
kalshi,1d,24.0,<=1h,15,17.5,15-20,2650,394,0.14867924528301887,0.16985283018867925,-0.021173584905660375,0.13564225335458657,0.16273335429283298
kalshi,1d,24.0,<=1h,20,22.5,20-25,2415,496,0.20538302277432713,0.2200952380952381,-0.014712215320910965,0.1897445918471155,0.22195727403777754
kalshi,1d,24.0,<=1h,25,27.5,25-30,2317,563,0.24298662063012516,0.2689382822615451,-0.02595166163141993,0.22595762922094892,0.2608664607988094
kalshi,1d,24.0,<=1h,30,32.5,30-35,2367,738,0.311787072243346,0.31979721166032954,-0.00801013941698353,0.29344313817144313,0.33074094903202095
kalshi,1d,24.0,<=1h,35,37.5,35-40,2364,833,0.3523688663282572,0.3692978003384095,-0.016928934010152275,0.33336524053636873,0.3718515273420231
kalshi,1d,24.0,<=1h,40,42.5,40-45,2210,916,0.4144796380090498,0.4196561085972851,-0.005176470588235282,0.3941061767482836,0.43514990010924776
kalshi,1d,24.0,<=1h,45,47.5,45-50,2281,1065,0.46690048224462954,0.4700043840420868,-0.0031039017974572314,0.446498945877354,0.4874133218264553
kalshi,1d,24.0,<=1h,50,52.5,50-55,2073,1038,0.5007235890014472,0.5178774722624216,-0.017153883260974445,0.4792180186654621,0.522226482446226
kalshi,1d,24.0,<=1h,55,57.5,55-60,1422,764,0.5372714486638537,0.5685864978902954,-0.03131504922644168,0.5112898698655842,0.563052188887646
kalshi,1d,24.0,<=1h,60,62.5,60-65,1119,653,0.5835567470956211,0.6181769436997319,-0.03462019660411075,0.5544346992909157,0.6121070462233225
kalshi,1d,24.0,<=1h,65,67.5,65-70,1023,646,0.6314760508308895,0.6695014662756599,-0.03802541544477034,0.6014737151141024,0.6604946352137379
kalshi,1d,24.0,<=1h,70,72.5,70-75,780,513,0.6576923076923077,0.7188846153846155,-0.06119230769230777,0.6236933762840335,0.6901455421913318
kalshi,1d,24.0,<=1h,75,77.5,75-80,756,550,0.7275132275132276,0.7701058201058202,-0.042592592592592626,0.6946837708502535,0.7580421657133672
kalshi,1d,24.0,<=1h,80,82.5,80-85,676,540,0.7988165680473372,0.8193786982248521,-0.020562130177514848,0.766945723136047,0.8273103506317248
kalshi,1d,24.0,<=1h,85,87.5,85-90,641,549,0.8564742589703588,0.8707176287051481,-0.014243369734789346,0.8272059036032249,0.8814952720033116
kalshi,1d,24.0,<=1h,90,92.5,90-95,685,635,0.927007299270073,0.9198686131386862,0.0071386861313867955,0.9050547572024266,0.9441970882145749
kalshi,1d,24.0,<=1h,95,97.5,95-100,1136,1111,0.9779929577464789,0.9742517605633804,0.0037411971830985102,0.9677140431305264,0.9850499198622262
kalshi,1d,24.0,<=6h,0,2.5,0-5,18454,229,0.01240923377045627,0.018068711390484448,-0.005659477620028178,0.010910414549588177,0.01411101590845628
kalshi,1d,24.0,<=6h,5,7.5,5-10,8944,468,0.05232558139534884,0.06814624329159213,-0.015820661896243295,0.047899718038871754,0.05713584718615413
kalshi,1d,24.0,<=6h,10,12.5,10-15,6122,626,0.10225416530545574,0.11901829467494282,-0.016764129369487082,0.094912143523591,0.11009505091643502
kalshi,1d,24.0,<=6h,15,17.5,15-20,5186,758,0.1461627458542229,0.16928654068646357,-0.02312379483224067,0.1368097319748835,0.1560395912106256
kalshi,1d,24.0,<=6h,20,22.5,20-25,4503,895,0.19875638463246725,0.21958472129691317,-0.020828336664445918,0.18735934520869232,0.2106669799233025
kalshi,1d,24.0,<=6h,25,27.5,25-30,4405,1062,0.24108967082860386,0.2691282633371169,-0.028038592508513066,0.2286868889783485,0.2539436505266317
kalshi,1d,24.0,<=6h,30,32.5,30-35,4239,1288,0.30384524652040573,0.3193937249351262,-0.015548478414720457,0.2901826454544633,0.31786305674662757
kalshi,1d,24.0,<=6h,35,37.5,35-40,4091,1442,0.35248105597653384,0.3694011244194574,-0.01692006844292354,0.3379858554173565,0.3672530480850402
kalshi,1d,24.0,<=6h,40,42.5,40-45,3697,1561,0.4222342439816067,0.4196077901000812,0.0026264538815254923,0.40640152879136693,0.4382284061942321
kalshi,1d,24.0,<=6h,45,47.5,45-50,3696,1690,0.45725108225108224,0.4696212121212121,-0.012370129870129865,0.44124295645717265,0.473347981706234
kalshi,1d,24.0,<=6h,50,52.5,50-55,3229,1602,0.4961288324558687,0.5177547228244038,-0.021625890368535128,0.4788980526549688,0.5133688125078649
kalshi,1d,24.0,<=6h,55,57.5,55-60,2275,1230,0.5406593406593406,0.568421978021978,-0.0277626373626374,0.5201296154589231,0.5610519813664113
kalshi,1d,24.0,<=6h,60,62.5,60-65,1797,1086,0.6043405676126878,0.6182860322760155,-0.013945464663327689,0.5815318964793317,0.6267040749686847
kalshi,1d,24.0,<=6h,65,67.5,65-70,1611,1023,0.6350093109869647,0.6695034140285537,-0.034494103041589064,0.6112046413437676,0.6581716244150536
kalshi,1d,24.0,<=6h,70,72.5,70-75,1236,812,0.656957928802589,0.7187055016181231,-0.06174757281553411,0.630042098952703,0.68290110282404
kalshi,1d,24.0,<=6h,75,77.5,75-80,1220,907,0.7434426229508196,0.7697213114754098,-0.026278688524590144,0.718197916421363,0.7671590121223308
kalshi,1d,24.0,<=6h,80,82.5,80-85,1094,872,0.7970749542961609,0.8192230347349178,-0.022148080438756823,0.7722222165191516,0.8198486250303033
kalshi,1d,24.0,<=6h,85,87.5,85-90,1029,876,0.8513119533527697,0.870427599611273,-0.01911564625850337,0.8282678625966736,0.8717426714484305
kalshi,1d,24.0,<=6h,90,92.5,90-95,1166,1066,0.9142367066895368,0.9200600343053174,-0.005823327615780527,0.8967726399931232,0.9289801798758232
kalshi,1d,24.0,<=6h,95,97.5,95-100,2388,2313,0.9685929648241206,0.9758375209380235,-0.007244556113902845,0.960809995414484,0.9748706951462955
kalshi,1d,24.0,<=24h,0,2.5,0-5,33392,436,0.013057019645424054,0.01676359607091519,-0.003706576425491135,0.011894220847310434,0.01433184677183889
kalshi,1d,24.0,<=24h,5,7.5,5-10,14246,777,0.05454162571950021,0.0679362628106135,-0.013394637091113291,0.05093126443042957,0.058392168329693184
kalshi,1d,24.0,<=24h,10,12.5,10-15,8705,876,0.1006318207926479,0.11883630097645032,-0.018204480183802413,0.09448705723655491,0.10712891887673208
kalshi,1d,24.0,<=24h,15,17.5,15-20,7086,1043,0.1471916454981654,0.16892887383573243,-0.021737228337567027,0.13913342479316043,0.15563220156441576
kalshi,1d,24.0,<=24h,20,22.5,20-25,5927,1151,0.19419605196558123,0.21947528260502783,-0.025279230639446593,0.1843244240006526,0.204463838359954
kalshi,1d,24.0,<=24h,25,27.5,25-30,5732,1357,0.23674110258199582,0.26917306350314024,-0.03243196092114442,0.22591505632054373,0.24791978598054074
kalshi,1d,24.0,<=24h,30,32.5,30-35,5304,1603,0.30222473604826544,0.3194268476621418,-0.01720211161387636,0.29001269904220506,0.3147230564483129
kalshi,1d,24.0,<=24h,35,37.5,35-40,4977,1730,0.3475989551938919,0.369441430580671,-0.021842475386779137,0.33449080607400844,0.3609421906308055
kalshi,1d,24.0,<=24h,40,42.5,40-45,4543,1876,0.41294298921417566,0.41961919436495704,-0.006676205150781378,0.3987048148781505,0.4273282714734831
kalshi,1d,24.0,<=24h,45,47.5,45-50,4477,2011,0.44918472191199466,0.46949966495421036,-0.020314943042215705,0.43466385102192334,0.46379272463564963
kalshi,1d,24.0,<=24h,50,52.5,50-55,3818,1886,0.4939759036144578,0.5178548978522787,-0.02387899423782086,0.4781309013116305,0.5098330163975701
kalshi,1d,24.0,<=24h,55,57.5,55-60,2737,1466,0.535622944830106,0.5686700767263427,-0.03304713189623676,0.5169014546381375,0.5542445758365896
kalshi,1d,24.0,<=24h,60,62.5,60-65,2192,1319,0.6017335766423357,0.6185948905109488,-0.016861313868613115,0.5810788489207089,0.622032340884603
kalshi,1d,24.0,<=24h,65,67.5,65-70,1950,1248,0.64,0.6694871794871794,-0.029487179487179382,0.6184389854508703,0.6610104847620681
kalshi,1d,24.0,<=24h,70,72.5,70-75,1533,1008,0.6575342465753424,0.7185192433137638,-0.06098499673842139,0.6334120277596228,0.680868897483421
kalshi,1d,24.0,<=24h,75,77.5,75-80,1471,1089,0.7403127124405167,0.7694697484704283,-0.029157036029911598,0.7173002583869866,0.762073255351709
kalshi,1d,24.0,<=24h,80,82.5,80-85,1356,1077,0.7942477876106194,0.8190707964601769,-0.02482300884955746,0.7719141268643163,0.8149189278091103
kalshi,1d,24.0,<=24h,85,87.5,85-90,1324,1127,0.8512084592145015,0.8703474320241692,-0.019138972809667698,0.8310233042972202,0.8693614403891943
kalshi,1d,24.0,<=24h,90,92.5,90-95,1532,1403,0.9157963446475196,0.9200783289817233,-0.004281984334203681,0.9008291679032452,0.9286834589197293
kalshi,1d,24.0,<=24h,95,97.5,95-100,3871,3741,0.9664169465254456,0.9770911909067425,-0.010674244381296827,0.9602632540243985,0.9716458077550558
kalshi,6h,6.0,all,0,2.5,0-5,135390,1355,0.010008124676859444,0.015470492650860477,-0.0054623679740010336,0.009491634166277753,0.010552420776912515
kalshi,6h,6.0,all,5,7.5,5-10,42532,2169,0.05099689645443431,0.06815997366688611,-0.017163077212451805,0.048946390646113114,0.05312850517539097
kalshi,6h,6.0,all,10,12.5,10-15,21564,2085,0.09668892598775737,0.11883045817102579,-0.02214153218326842,0.09281590084282897,0.10070562427816411
kalshi,6h,6.0,all,15,17.5,15-20,16060,2283,0.1421544209215442,0.1685398505603985,-0.02638542963885429,0.13683904226800347,0.14764095409849454
kalshi,6h,6.0,all,20,22.5,20-25,13017,2590,0.1989705769378505,0.2190251209956211,-0.0200545440577706,0.19220148344902183,0.20591729867332575
kalshi,6h,6.0,all,25,27.5,25-30,11292,2792,0.24725469358838115,0.2693030464045342,-0.022048352816153027,0.23938421649280803,0.2552970828625229
kalshi,6h,6.0,all,30,32.5,30-35,9043,2662,0.29437133694570383,0.3184341479597479,-0.02406281101404406,0.28506656461946234,0.3038507432728301
kalshi,6h,6.0,all,35,37.5,35-40,8180,2807,0.3431540342298289,0.36909535452322734,-0.025941320293398462,0.3329412241298011,0.35351409533777023
kalshi,6h,6.0,all,40,42.5,40-45,7909,3158,0.39929194588443545,0.42011379441143,-0.020821848526994535,0.38854959995979754,0.41013207717626443
kalshi,6h,6.0,all,45,47.5,45-50,8034,3602,0.4483445357231765,0.46973487677371173,-0.021390341050535222,0.4374967750765258,0.45924167271771793
kalshi,6h,6.0,all,50,52.5,50-55,7058,3498,0.49560782091243977,0.5185633323887786,-0.02295551147633884,0.4839488196402431,0.5072716008234501
kalshi,6h,6.0,all,55,57.5,55-60,5736,3121,0.5441073919107392,0.5689452580195258,-0.024837866108786577,0.5311929775475661,0.5569627652868703
kalshi,6h,6.0,all,60,62.5,60-65,4616,2730,0.591421143847487,0.6186178509532063,-0.02719670710571931,0.577169729082057,0.6055205172675149
kalshi,6h,6.0,all,65,67.5,65-70,3881,2532,0.6524091728935841,0.6694022159237311,-0.016993043030146926,0.6372828133078797,0.6672341070216391
kalshi,6h,6.0,all,70,72.5,70-75,3474,2455,0.7066781807714451,0.7187564766839378,-0.012078295912492765,0.6913165861623111,0.721583184776078
kalshi,6h,6.0,all,75,77.5,75-80,2970,2257,0.7599326599326599,0.7690808080808081,-0.009148148148148239,0.7442416925687675,0.7749520667760476
kalshi,6h,6.0,all,80,82.5,80-85,2999,2449,0.8166055351783928,0.8192497499166389,-0.0026442147382460535,0.8023528795463856,0.8300481102360925
kalshi,6h,6.0,all,85,87.5,85-90,2913,2538,0.8712667353244078,0.8698764160659114,0.0013903192584964197,0.8586138912754369,0.8829416323429866
kalshi,6h,6.0,all,90,92.5,90-95,3794,3542,0.933579335793358,0.9205297838692672,0.013049551924090741,0.9252088146627971,0.9410727069256756
kalshi,6h,6.0,all,95,97.5,95-100,16959,16585,0.9779468129017042,0.9817913792086798,-0.0038445663069756053,0.975625882832163,0.9800512603181922
kalshi,6h,6.0,<=1h,0,2.5,0-5,21420,234,0.010924369747899159,0.017394024276377217,-0.006469654528478058,0.009617368578913748,0.012406767372502174
kalshi,6h,6.0,<=1h,5,7.5,5-10,9477,474,0.05001582779360557,0.06838978579719321,-0.01837395800358764,0.04580659596519572,0.054589723281399424
kalshi,6h,6.0,<=1h,10,12.5,10-15,6368,619,0.09720477386934673,0.11896984924623116,-0.021765075376884435,0.0901697564544262,0.10472548387923185
kalshi,6h,6.0,<=1h,15,17.5,15-20,5414,787,0.1453638714444034,0.16900997414111563,-0.023646102696712218,0.13622636898036294,0.1550042937987039
kalshi,6h,6.0,<=1h,20,22.5,20-25,5051,1009,0.1997624232825183,0.21950702831122548,-0.019744605028707174,0.18896602798629855,0.21101517023759828
kalshi,6h,6.0,<=1h,25,27.5,25-30,4942,1254,0.2537434237150951,0.26965196276811004,-0.015908539053014925,0.24180551882187296,0.2660638799878261
kalshi,6h,6.0,<=1h,30,32.5,30-35,4266,1286,0.3014533520862635,0.31899203000468823,-0.017538677918424728,0.2878664052807943,0.3153975659166385
kalshi,6h,6.0,<=1h,35,37.5,35-40,4042,1418,0.3508164275111331,0.369475507174666,-0.018659079663532863,0.33625204813763665,0.365664111901847
kalshi,6h,6.0,<=1h,40,42.5,40-45,4300,1778,0.41348837209302325,0.4207488372093023,-0.007260465116279036,0.3988525026761379,0.4282786817057408
kalshi,6h,6.0,<=1h,45,47.5,45-50,4836,2229,0.4609181141439206,0.4704114971050455,-0.009493382961124897,0.4469054587717003,0.47499281161797524
kalshi,6h,6.0,<=1h,50,52.5,50-55,4650,2291,0.49268817204301074,0.5187075268817204,-0.026019354838709652,0.4783302581092932,0.5070581573451564
kalshi,6h,6.0,<=1h,55,57.5,55-60,3712,2024,0.5452586206896551,0.568771551724138,-0.02351293103448282,0.5292010375380576,0.5612226231475863
kalshi,6h,6.0,<=1h,60,62.5,60-65,2947,1761,0.5975568374618256,0.6187648456057007,-0.021208008143875023,0.5797354170266732,0.6151242460606307
kalshi,6h,6.0,<=1h,65,67.5,65-70,2343,1526,0.6513017498932991,0.6690823730260349,-0.017780623132735762,0.6317714617350487,0.6703366992929471
kalshi,6h,6.0,<=1h,70,72.5,70-75,2055,1431,0.6963503649635037,0.7187201946472019,-0.022369829683698272,0.6761176134158,0.7158503747966007
kalshi,6h,6.0,<=1h,75,77.5,75-80,1719,1284,0.7469458987783595,0.7694240837696336,-0.022478184991274075,0.725858077257917,0.7669324381324706
kalshi,6h,6.0,<=1h,80,82.5,80-85,1681,1357,0.8072575847709696,0.8192504461629981,-0.011992861392028487,0.7877087397203374,0.8254052764578007
kalshi,6h,6.0,<=1h,85,87.5,85-90,1587,1364,0.8594833018273472,0.8696282293635791,-0.010144927536231862,0.841515625077026,0.8757148018869155
kalshi,6h,6.0,<=1h,90,92.5,90-95,1807,1672,0.9252905368013282,0.9205534034311014,0.004737133370226854,0.9122447835404596,0.9365318294995767
kalshi,6h,6.0,<=1h,95,97.5,95-100,6284,6154,0.9793125397835774,0.980638128580522,-0.0013255887969446656,0.9754893423151042,0.9825500586774399
kalshi,6h,6.0,<=6h,0,2.5,0-5,59608,547,0.009176620587840559,0.016233559253791437,-0.007056938665950878,0.00844212576515455,0.0099743762340053
kalshi,6h,6.0,<=6h,5,7.5,5-10,21207,1085,0.05116235205356722,0.06836610553119253,-0.01720375347762531,0.0482773678242544,0.0542099186773807
kalshi,6h,6.0,<=6h,10,12.5,10-15,12301,1238,0.10064222420941386,0.11887976587269328,-0.018237541663279414,0.09544957187309377,0.1060842373878072
kalshi,6h,6.0,<=6h,15,17.5,15-20,9793,1410,0.14398039415909322,0.1688563259471051,-0.024875931788011868,0.13716664848041804,0.15107334919393445
kalshi,6h,6.0,<=6h,20,22.5,20-25,8760,1764,0.20136986301369864,0.21931050228310503,-0.017940639269406394,0.19310362110854948,0.2098979119177891
kalshi,6h,6.0,<=6h,25,27.5,25-30,8164,2055,0.25171484566389024,0.2695063694267516,-0.01779152376286136,0.24241871404771528,0.2612445303521272
kalshi,6h,6.0,<=6h,30,32.5,30-35,6790,2059,0.303240058910162,0.318659793814433,-0.01541973490427101,0.29242042219350256,0.3142822127339881
kalshi,6h,6.0,<=6h,35,37.5,35-40,6296,2179,0.3460927573062262,0.3693043202033037,-0.023211562897077542,0.3344387304252334,0.35793448733947986
kalshi,6h,6.0,<=6h,40,42.5,40-45,6346,2573,0.4054522533879609,0.42020642924676965,-0.014754175858808727,0.39343290838186884,0.4175859995543544
kalshi,6h,6.0,<=6h,45,47.5,45-50,6671,3037,0.45525408484485086,0.4699820116923999,-0.014727926847549033,0.4433327922218542,0.4672268830819015
kalshi,6h,6.0,<=6h,50,52.5,50-55,6068,3046,0.501977587343441,0.5186206328279499,-0.0166430454845089,0.4893997588487687,0.5145529134343817
kalshi,6h,6.0,<=6h,55,57.5,55-60,4960,2701,0.5445564516129032,0.5689616935483871,-0.02440524193548388,0.5306675855967667,0.5583763516634391
kalshi,6h,6.0,<=6h,60,62.5,60-65,3949,2334,0.5910357052418334,0.6186047100531781,-0.02756900481134472,0.5756201962141083,0.6062742667464109
kalshi,6h,6.0,<=6h,65,67.5,65-70,3329,2166,0.6506458395914689,0.6692880744968458,-0.018642234905376864,0.6342847263771182,0.6666596689400791
kalshi,6h,6.0,<=6h,70,72.5,70-75,2967,2101,0.7081226828446242,0.7185574654533198,-0.01043478260869557,0.6915031136999256,0.7242040044446433
kalshi,6h,6.0,<=6h,75,77.5,75-80,2481,1881,0.7581620314389359,0.7691011688835147,-0.01093913744457875,0.7409217505122452,0.774604068115389
kalshi,6h,6.0,<=6h,80,82.5,80-85,2475,1987,0.8028282828282828,0.8192202020202021,-0.01639191919191929,0.7866892903591635,0.8180286553135249
kalshi,6h,6.0,<=6h,85,87.5,85-90,2329,2006,0.8613138686131386,0.8696178617432375,-0.008303993130098886,0.8466810087668004,0.8747567433720502
kalshi,6h,6.0,<=6h,90,92.5,90-95,2798,2598,0.9285203716940672,0.9207719799857041,0.007748391708363056,0.9183753497169445,0.9374903066427871
kalshi,6h,6.0,<=6h,95,97.5,95-100,11284,11050,0.9792626728110599,0.9813213399503722,-0.0020586671393122424,0.9764655945286059,0.9817335354095748
kalshi,6h,6.0,<=24h,0,2.5,0-5,103257,975,0.009442459106888637,0.015991942434895455,-0.006549483328006818,0.008870537529602342,0.010050880984189822
kalshi,6h,6.0,<=24h,5,7.5,5-10,35077,1721,0.04906348889585768,0.06836103429597742,-0.019297545400119742,0.046851978461359266,0.051373760797986216
kalshi,6h,6.0,<=24h,10,12.5,10-15,18678,1801,0.09642359995716886,0.11894153549630582,-0.02251793553913696,0.09227304725382723,0.10074012977685692
kalshi,6h,6.0,<=24h,15,17.5,15-20,14407,2032,0.14104254876101896,0.16866245575067676,-0.0276199069896578,0.135454503133333,0.146821974043406
kalshi,6h,6.0,<=24h,20,22.5,20-25,11918,2366,0.19852324215472394,0.21908877328410806,-0.020565531129384113,0.19145935737271785,0.2057814179115302
kalshi,6h,6.0,<=24h,25,27.5,25-30,10455,2580,0.2467718794835007,0.2693878527020564,-0.022615973218555685,0.23860160379939357,0.25512817981258895
kalshi,6h,6.0,<=24h,30,32.5,30-35,8468,2494,0.2945205479452055,0.31839631554085973,-0.02387576759565424,0.2849066762571397,0.3043207710549063
kalshi,6h,6.0,<=24h,35,37.5,35-40,7737,2650,0.3425100168023782,0.3691133514282021,-0.026603334625823927,0.33201622643835005,0.3531601244121828
kalshi,6h,6.0,<=24h,40,42.5,40-45,7550,3018,0.39973509933774837,0.4201456953642384,-0.020410596026490035,0.3887393440530029,0.41083283654448277
kalshi,6h,6.0,<=24h,45,47.5,45-50,7706,3470,0.4502984687256683,0.46975733194913055,-0.01945886322346224,0.4392174775091461,0.4614289897282612
kalshi,6h,6.0,<=24h,50,52.5,50-55,6820,3391,0.4972140762463343,0.5186656891495601,-0.021451612903225836,0.48535236221191314,0.5090789270489628
kalshi,6h,6.0,<=24h,55,57.5,55-60,5554,3018,0.5433921498019445,0.5689629096146921,-0.02557075981274759,0.5302663430965288,0.556457970888958
kalshi,6h,6.0,<=24h,60,62.5,60-65,4468,2652,0.5935541629364369,0.6186101163831692,-0.025055953446732282,0.5790774851845398,0.6078701025833274
kalshi,6h,6.0,<=24h,65,67.5,65-70,3765,2453,0.651527224435591,0.6693997343957503,-0.017872509960159322,0.6361594091186829,0.6665861347640847
kalshi,6h,6.0,<=24h,70,72.5,70-75,3376,2387,0.7070497630331753,0.7187381516587678,-0.011688388625592405,0.6914689312111395,0.7221599205078286
kalshi,6h,6.0,<=24h,75,77.5,75-80,2877,2180,0.7577337504344803,0.7690441432047271,-0.011310392770246813,0.741740366503766,0.7730397588596
kalshi,6h,6.0,<=24h,80,82.5,80-85,2890,2347,0.8121107266435986,0.8193217993079586,-0.007211072664359941,0.7974579944868815,0.8259347993688707
kalshi,6h,6.0,<=24h,85,87.5,85-90,2765,2399,0.867631103074141,0.8697613019891501,-0.002130198915009096,0.8544875919266847,0.8797544824483897
kalshi,6h,6.0,<=24h,90,92.5,90-95,3437,3198,0.9304626127436718,0.9203636892638929,0.01009892347977892,0.9214691518687445,0.9384948755366439
kalshi,6h,6.0,<=24h,95,97.5,95-100,14324,13998,0.9772409941357163,0.9816385087964256,-0.004397514660709256,0.9746676994815184,0.9795583718061485
kalshi,1h,1.0,all,0,2.5,0-5,196532,1771,0.009011255164553355,0.015643152260191723,-0.006631897095638368,0.00860294809696357,0.009438756515962361
kalshi,1h,1.0,all,5,7.5,5-10,60564,2486,0.041047486955947426,0.06794432336041212,-0.02689683640446469,0.03949625660036126,0.04265693672063039
kalshi,1h,1.0,all,10,12.5,10-15,27299,2180,0.07985640499652003,0.11855122898274661,-0.03869482398622659,0.07669957853906567,0.08313146263724913
kalshi,1h,1.0,all,15,17.5,15-20,18871,2230,0.11817073816967834,0.16819034497376928,-0.05001960680409094,0.11364245691070934,0.12285444698913581
kalshi,1h,1.0,all,20,22.5,20-25,14095,2336,0.16573252926569707,0.21852004256828664,-0.05278751330258957,0.15968501821519288,0.1719622002343002
kalshi,1h,1.0,all,25,27.5,25-30,11082,2413,0.21774048005775132,0.2688512903807977,-0.051110810323046374,0.21015491850340837,0.2255216655820074
kalshi,1h,1.0,all,30,32.5,30-35,9012,2339,0.2595428317798491,0.31802041722148244,-0.05847758544163334,0.25059556677603595,0.26869501170972626
kalshi,1h,1.0,all,35,37.5,35-40,7796,2365,0.30336069779374036,0.36878783991790665,-0.06542714212416628,0.2932548172103887,0.31366027706537203
kalshi,1h,1.0,all,40,42.5,40-45,6739,2400,0.3561359252114557,0.419232823861107,-0.06309689864965129,0.3447877700015782,0.36764800781648604
kalshi,1h,1.0,all,45,47.5,45-50,6477,2691,0.41547012505789715,0.46908599660336575,-0.053615871545468596,0.4035219948796376,0.4275184675195669
kalshi,1h,1.0,all,50,52.5,50-55,5523,2642,0.4783632084012312,0.5174379866014847,-0.03907477820025346,0.46520839742138875,0.4915480980063073
kalshi,1h,1.0,all,55,57.5,55-60,3892,2062,0.5298047276464543,0.5683144912641316,-0.03850976361767733,0.5141022982015944,0.5454483775753673
kalshi,1h,1.0,all,60,62.5,60-65,3286,1992,0.6062081558125381,0.618965307364577,-0.012757151552038937,0.5893876593585043,0.6227806103843307
kalshi,1h,1.0,all,65,67.5,65-70,3160,2073,0.6560126582278482,0.6699145569620254,-0.013901898734177243,0.6392691661222738,0.6723772829287786
kalshi,1h,1.0,all,70,72.5,70-75,2748,1983,0.7216157205240175,0.7198544395924309,0.0017612809315865618,0.704557152908167,0.7380555323568568
kalshi,1h,1.0,all,75,77.5,75-80,2914,2268,0.7783115991763898,0.7696739876458476,0.00863761153054221,0.7628686344914342,0.7930217195291542
kalshi,1h,1.0,all,80,82.5,80-85,3119,2609,0.8364860532221866,0.8196184674575184,0.01686758576466818,0.8230940884542423,0.8490501535079503
kalshi,1h,1.0,all,85,87.5,85-90,3528,3104,0.8798185941043084,0.8707908163265305,0.009027777777777857,0.8686731668339226,0.8901377605870581
kalshi,1h,1.0,all,90,92.5,90-95,5813,5432,0.9344572509891622,0.9221159470153105,0.012341303973851692,0.927803892945006,0.9405367543230921
kalshi,1h,1.0,all,95,97.5,95-100,36132,35522,0.98311745820879,0.9833529835049264,-0.00023552529613635187,0.981736767432789,0.9843954285861354
kalshi,1h,1.0,<=1h,0,2.5,0-5,25663,311,0.012118614347504188,0.016284534154229827,-0.004165919806725638,0.010851052556532742,0.013532220218252294
kalshi,1h,1.0,<=1h,5,7.5,5-10,8034,414,0.05153099327856609,0.06722927557879015,-0.015698282300224055,0.0469074125753925,0.056583255864751915
kalshi,1h,1.0,<=1h,10,12.5,10-15,5115,513,0.10029325513196481,0.11824437927663733,-0.017951124144672523,0.09235858212932559,0.10882787380632984
kalshi,1h,1.0,<=1h,15,17.5,15-20,4082,578,0.14159725624693778,0.16846153846153847,-0.026864282214600688,0.1312386645584521,0.152629804547154
kalshi,1h,1.0,<=1h,20,22.5,20-25,3561,675,0.18955349620893008,0.21860151642796968,-0.0290480202190396,0.17701708900030863,0.20275899978860137
kalshi,1h,1.0,<=1h,25,27.5,25-30,3334,771,0.23125374925014996,0.26882423515296944,-0.03757048590281947,0.21725565895458837,0.24587045224253973
kalshi,1h,1.0,<=1h,30,32.5,30-35,3153,929,0.294640025372661,0.3185949888994608,-0.023954963526799822,0.2789848976976565,0.31079496328744965
kalshi,1h,1.0,<=1h,35,37.5,35-40,2918,976,0.33447566826593556,0.36942083618917065,-0.0349451679232351,0.3175841997446033,0.35180239533981195
kalshi,1h,1.0,<=1h,40,42.5,40-45,2804,1087,0.387660485021398,0.4189087018544936,-0.031248216833095588,0.36979199812707014,0.4058363706527071
kalshi,1h,1.0,<=1h,45,47.5,45-50,2737,1240,0.45305078553160394,0.4693313847278041,-0.016280599196200174,0.4344801158473751,0.4717530645013178
kalshi,1h,1.0,<=1h,50,52.5,50-55,2803,1424,0.5080271138066358,0.5176632179807349,-0.009636104174099103,0.48952083402772617,0.5265114208740111
kalshi,1h,1.0,<=1h,55,57.5,55-60,2239,1236,0.5520321572130416,0.5685797230906655,-0.01654756587762396,0.5313620361863863,0.5725240340559349
kalshi,1h,1.0,<=1h,60,62.5,60-65,2057,1323,0.6431696645600389,0.6188283908604764,0.024341273699562516,0.622217399619632,0.6635881664170785
kalshi,1h,1.0,<=1h,65,67.5,65-70,2082,1405,0.6748318924111432,0.66992795389049,0.004903938520653184,0.6544040251319281,0.694615766207932
kalshi,1h,1.0,<=1h,70,72.5,70-75,1931,1419,0.7348524080787157,0.7198032107716209,0.015049197307094753,0.7147118124787497,0.7540604115627427
kalshi,1h,1.0,<=1h,75,77.5,75-80,1995,1576,0.7899749373433584,0.7698646616541354,0.02011027568922308,0.7715519114972548,0.8072833498861386
kalshi,1h,1.0,<=1h,80,82.5,80-85,2110,1735,0.8222748815165877,0.8195734597156398,0.0027014218009479007,0.8053818564173718,0.8379965310644528
kalshi,1h,1.0,<=1h,85,87.5,85-90,2278,1962,0.8612818261633012,0.8706057945566286,-0.009323968393327386,0.8464780574118951,0.8748691211126793
kalshi,1h,1.0,<=1h,90,92.5,90-95,3280,3004,0.9158536585365854,0.9223963414634145,-0.006542682926829135,0.9058597032675779,0.9248746415315137
kalshi,1h,1.0,<=1h,95,97.5,95-100,18532,18217,0.9830023742715304,0.983428663932657,-0.00042628966112667754,0.9810386876136238,0.9847658540048158
kalshi,1h,1.0,<=6h,0,2.5,0-5,94143,832,0.008837619366283208,0.016446788396375728,-0.0076091690300925195,0.008259473703133971,0.00945584814575108
kalshi,1h,1.0,<=6h,5,7.5,5-10,32885,1214,0.036916527292078456,0.06798053823931884,-0.03106401094724038,0.03493204111564896,0.03900919492958774
kalshi,1h,1.0,<=6h,10,12.5,10-15,16301,1266,0.07766394699711675,0.11848720937365806,-0.04082326237654131,0.07365404414173807,0.08187286389029091
kalshi,1h,1.0,<=6h,15,17.5,15-20,11792,1346,0.11414518317503392,0.16839806648575306,-0.05425288331071915,0.10853092690420167,0.12001076527993211
kalshi,1h,1.0,<=6h,20,22.5,20-25,9410,1483,0.1575982996811902,0.21875345377258235,-0.06115515409139213,0.15037618908959338,0.16509986480959266
kalshi,1h,1.0,<=6h,25,27.5,25-30,7852,1667,0.21230259806418747,0.26891874681609784,-0.05661614875191037,0.20339909662893135,0.22148747440376365
kalshi,1h,1.0,<=6h,30,32.5,30-35,6728,1739,0.25847205707491083,0.31822235434007135,-0.05975029726516051,0.24815071338181247,0.26906906196168345
kalshi,1h,1.0,<=6h,35,37.5,35-40,5886,1793,0.3046211348963643,0.3689415562351342,-0.06432042133876992,0.29299362566000636,0.3165035125991958
kalshi,1h,1.0,<=6h,40,42.5,40-45,5268,1878,0.3564920273348519,0.4191875474563402,-0.06269552012148827,0.3436668265676567,0.369526377112818
kalshi,1h,1.0,<=6h,45,47.5,45-50,5099,2146,0.42086683663463426,0.46924887232790746,-0.048382035693273207,0.40738026345474665,0.4344725583142066
kalshi,1h,1.0,<=6h,50,52.5,50-55,4569,2182,0.477566207047494,0.5175793390238564,-0.04001313197636247,0.4631074797443403,0.4920626271756108
kalshi,1h,1.0,<=6h,55,57.5,55-60,3301,1756,0.5319600121175402,0.5683156619206301,-0.03635564980308992,0.5149105721351238,0.5489351504556353
kalshi,1h,1.0,<=6h,60,62.5,60-65,2839,1757,0.618879887284255,0.6189115885875308,-3.170130327578846e-05,0.6008654102000651,0.6365730738857173
kalshi,1h,1.0,<=6h,65,67.5,65-70,2758,1800,0.6526468455402465,0.670039883973894,-0.01739303843364748,0.634675767122825,0.6701932738822781
kalshi,1h,1.0,<=6h,70,72.5,70-75,2427,1737,0.715698393077874,0.7199011124845488,-0.004202719406674826,0.6974221203696581,0.7332929044184647
kalshi,1h,1.0,<=6h,75,77.5,75-80,2573,1997,0.7761368052856588,0.7698212203653323,0.006315584920326467,0.7596255492327606,0.7918247222934365
kalshi,1h,1.0,<=6h,80,82.5,80-85,2688,2214,0.8236607142857143,0.8195684523809524,0.0040922619047618625,0.8087941353793966,0.8376034832620569
kalshi,1h,1.0,<=6h,85,87.5,85-90,2986,2597,0.8697253851306095,0.8708104487608841,-0.0010850636302746075,0.8571752705378232,0.8813253911694726
kalshi,1h,1.0,<=6h,90,92.5,90-95,4770,4417,0.9259958071278827,0.9224423480083856,0.0035534591194970044,0.9182190954670743,0.9330869051342027
kalshi,1h,1.0,<=6h,95,97.5,95-100,29140,28666,0.9837336993822924,0.9833946465339739,0.0003390528483184774,0.9822162050916494,0.9851236668077368
kalshi,1h,1.0,<=24h,0,2.5,0-5,158508,1343,0.008472758472758473,0.016080324021500492,-0.007607565548742019,0.008033291945542495,0.008936049731704159
kalshi,1h,1.0,<=24h,5,7.5,5-10,51900,2006,0.03865125240847784,0.06807109826589595,-0.029419845857418116,0.03702668793777006,0.04034410921725207
kalshi,1h,1.0,<=24h,10,12.5,10-15,24198,1900,0.0785188858583354,0.11860071080254567,-0.04008182494421027,0.07519620148440796,0.08197537507859211
kalshi,1h,1.0,<=24h,15,17.5,15-20,17078,1968,0.11523597610961471,0.16828317133153764,-0.05304719522192293,0.1105332584006532,0.1201117558933559
kalshi,1h,1.0,<=24h,20,22.5,20-25,12962,2115,0.16316926400246876,0.21855500694337293,-0.055385742940904176,0.1569077435780489,0.16963038102776148
kalshi,1h,1.0,<=24h,25,27.5,25-30,10285,2215,0.21536217792902285,0.2689227029654837,-0.05356052503646086,0.20752460464754158,0.2234123047125947
kalshi,1h,1.0,<=24h,30,32.5,30-35,8496,2194,0.2582391713747646,0.3180096516007533,-0.05977048022598869,0.24904328303992912,0.26765359281714557
kalshi,1h,1.0,<=24h,35,37.5,35-40,7400,2240,0.3027027027027027,0.3688027027027027,-0.06609999999999999,0.2923394422360015,0.31327070479901875
kalshi,1h,1.0,<=24h,40,42.5,40-45,6447,2286,0.3545835272219637,0.41919342329765785,-0.06460989607569417,0.34299560289104347,0.3663446481546496
kalshi,1h,1.0,<=24h,45,47.5,45-50,6215,2587,0.4162510056315366,0.46909412711182624,-0.052843121480289634,0.4040510527135461,0.428554428024217
kalshi,1h,1.0,<=24h,50,52.5,50-55,5326,2556,0.47990987607960944,0.5175291025159594,-0.03761922643634996,0.4665115913228223,0.4933371216295475
kalshi,1h,1.0,<=24h,55,57.5,55-60,3776,1993,0.5278072033898306,0.5683103813559321,-0.04050317796610159,0.5118635516326167,0.5436943320628271
kalshi,1h,1.0,<=24h,60,62.5,60-65,3185,1941,0.6094191522762952,0.6190078492935636,-0.009588697017268388,0.5923530728568432,0.626221597017007
kalshi,1h,1.0,<=24h,65,67.5,65-70,3085,2026,0.6567260940032414,0.6699611021069692,-0.013235008103727797,0.63978559282283,0.6732767539158309
kalshi,1h,1.0,<=24h,70,72.5,70-75,2684,1937,0.7216840536512668,0.7198807749627422,0.00180327868852459,0.7044209947285649,0.7383134283118404
kalshi,1h,1.0,<=24h,75,77.5,75-80,2847,2213,0.7773094485423253,0.7696909027046013,0.007618545837724033,0.7616584389845971,0.7922130914434704
kalshi,1h,1.0,<=24h,80,82.5,80-85,3025,2517,0.8320661157024793,0.8197123966942149,0.01235371900826443,0.8183255907038729,0.8449642954360956
kalshi,1h,1.0,<=24h,85,87.5,85-90,3398,2979,0.8766921718658034,0.8707504414361389,0.005941730429664505,0.8652097273178154,0.887323841558525
kalshi,1h,1.0,<=24h,90,92.5,90-95,5492,5116,0.9315367807720321,0.9220921340131101,0.009444646758921982,0.9245515369793612,0.9379187350896155
kalshi,1h,1.0,<=24h,95,97.5,95-100,33516,32950,0.9831125432629192,0.9833900226757369,-0.00027747941281774935,0.9816766689396625,0.9844376816723046
polymarket,30d,720.0,all,0,2.5,0-5,11544,68,0.00589050589050589,0.00830018779108375,-0.002409681900577859,0.0046495120701502335,0.0074602487703517685
polymarket,30d,720.0,all,5,7.5,5-10,1460,92,0.06301369863013699,0.06924388107754703,-0.00623018244741004,0.051659964081889324,0.07666102365339571
polymarket,30d,720.0,all,10,12.5,10-15,825,71,0.08606060606060606,0.11983108286123466,-0.0337704768006286,0.06878971537865788,0.10716863420225117
polymarket,30d,720.0,all,15,17.5,15-20,558,74,0.13261648745519714,0.17017828755067843,-0.037561800095481296,0.10697132996387773,0.1632856250212996
polymarket,30d,720.0,all,20,22.5,20-25,459,88,0.19172113289760348,0.2192431936430462,-0.027522060745442722,0.15832496386583994,0.23023475073198363
polymarket,30d,720.0,all,25,27.5,25-30,385,91,0.23636363636363636,0.27094742431320157,-0.03458378794956521,0.19665973366311518,0.2812767834173618
polymarket,30d,720.0,all,30,32.5,30-35,281,95,0.33807829181494664,0.32171498561601597,0.01636330619893067,0.28528153519744515,0.39524265789794544
polymarket,30d,720.0,all,35,37.5,35-40,239,70,0.2928870292887029,0.36958563492580127,-0.07669860563709835,0.23883112999926775,0.35349572009560887
polymarket,30d,720.0,all,40,42.5,40-45,205,79,0.3853658536585366,0.42214253359862647,-0.036776679940089874,0.32143346868424716,0.4535155836118471
polymarket,30d,720.0,all,45,47.5,45-50,175,69,0.3942857142857143,0.47088105680730363,-0.07659534252158934,0.3248960801469059,0.46821693159085537
polymarket,30d,720.0,all,50,52.5,50-55,201,91,0.4527363184079602,0.5223086366076166,-0.06957231819965642,0.3854509133849028,0.5217944898925565
polymarket,30d,720.0,all,55,57.5,55-60,191,110,0.5759162303664922,0.569542569632802,0.006373660733690167,0.5050094781073685,0.6438293735546997
polymarket,30d,720.0,all,60,62.5,60-65,165,108,0.6545454545454545,0.6213638864725485,0.033181568072906065,0.5792161492824026,0.7228421112410703
polymarket,30d,720.0,all,65,67.5,65-70,156,103,0.6602564102564102,0.6725706352142657,-0.012314224957855502,0.5828790340640086,0.7299306475207603
polymarket,30d,720.0,all,70,72.5,70-75,171,122,0.7134502923976608,0.7211256407508126,-0.007675348353151867,0.6415747826883528,0.775945990399974
polymarket,30d,720.0,all,75,77.5,75-80,169,124,0.7337278106508875,0.7717962519605603,-0.038068441309672796,0.6624320009002025,0.7946338906444255
polymarket,30d,720.0,all,80,82.5,80-85,180,147,0.8166666666666667,0.8200644259548646,-0.0033977592881979657,0.7537252847530411,0.8663737570307555
polymarket,30d,720.0,all,85,87.5,85-90,168,146,0.8690476190476191,0.8730536785632502,-0.004006059515631155,0.8096876487202882,0.9119071222781197
polymarket,30d,720.0,all,90,92.5,90-95,252,229,0.9087301587301587,0.9228013832338696,-0.0140712245037109,0.8667731625435521,0.9384125461136795
polymarket,30d,720.0,all,95,97.5,95-100,2068,2043,0.9879110251450677,0.9922951794218621,-0.004384154276794394,0.9822143911210371,0.9917982940185991
polymarket,30d,720.0,<=1h,0,2.5,0-5,1319,9,0.006823351023502654,0.012277830124294982,-0.005454479100792328,0.0035938683886754174,0.01291725433380322
polymarket,30d,720.0,<=1h,5,7.5,5-10,237,22,0.09282700421940929,0.07009494579342208,0.022732058425987203,0.06210081920824374,0.13654260451921862
polymarket,30d,720.0,<=1h,10,12.5,10-15,170,22,0.12941176470588237,0.11955704165456656,0.009854723051315809,0.08703677161640119,0.18816548146916637
polymarket,30d,720.0,<=1h,15,17.5,15-20,129,16,0.12403100775193798,0.17113290887716825,-0.04710190112523027,0.07780583983222933,0.1920012085622495
polymarket,30d,720.0,<=1h,20,22.5,20-25,97,21,0.21649484536082475,0.2210021657654063,-0.004507320404581544,0.14618670657065763,0.3084034625658892
polymarket,30d,720.0,<=1h,25,27.5,25-30,81,21,0.25925925925925924,0.27211129504677856,-0.012852035787519311,0.17627430254837978,0.3640455405474599
polymarket,30d,720.0,<=1h,30,32.5,30-35,88,29,0.32954545454545453,0.3234521089549159,0.006093345590538646,0.240276916679746,0.4330737218108727
polymarket,30d,720.0,<=1h,35,37.5,35-40,65,19,0.2923076923076923,0.3686254302121023,-0.07631773790440999,0.19583261556264242,0.4119626710082681
polymarket,30d,720.0,<=1h,40,42.5,40-45,50,17,0.34,0.42360066865757157,-0.08360066865757154,0.2243676963506106,0.47846431458517147
polymarket,30d,720.0,<=1h,45,47.5,45-50,42,17,0.40476190476190477,0.4716735984147446,-0.06691169365283983,0.27042647671209086,0.5550595447182258
polymarket,30d,720.0,<=1h,50,52.5,50-55,50,25,0.5,0.5264535317688533,-0.026453531768853344,0.36644286412332855,0.6335571358766714
polymarket,30d,720.0,<=1h,55,57.5,55-60,53,27,0.5094339622641509,0.5722872265025734,-0.06285326423842241,0.3788330425329779,0.6387597064396054
polymarket,30d,720.0,<=1h,60,62.5,60-65,49,32,0.6530612244897959,0.6255804200823675,0.027480804407428394,0.5131093521943979,0.7707579039068555
polymarket,30d,720.0,<=1h,65,67.5,65-70,37,21,0.5675675675675675,0.6745763646808315,-0.10700879711326394,0.40913906334200717,0.713285131596487
polymarket,30d,720.0,<=1h,70,72.5,70-75,38,26,0.6842105263157895,0.7187737346896746,-0.03456320837388516,0.5254394356005149,0.8091557997633335
polymarket,30d,720.0,<=1h,75,77.5,75-80,37,29,0.7837837837837838,0.7712620936697309,0.012521690114052908,0.628045387261231,0.8861362314804442
polymarket,30d,720.0,<=1h,80,82.5,80-85,45,37,0.8222222222222222,0.8214663720882733,0.0007558501339488544,0.6866989315634587,0.9070572107414617
polymarket,30d,720.0,<=1h,85,87.5,85-90,57,48,0.8421052631578947,0.8706831657577396,-0.02857790259984494,0.726365780957114,0.9146430025068315
polymarket,30d,720.0,<=1h,90,92.5,90-95,60,53,0.8833333333333333,0.924098196213475,-0.040764862880141695,0.7782097940014187,0.9423235259654995
polymarket,30d,720.0,<=1h,95,97.5,95-100,93,91,0.978494623655914,0.9782856686245904,0.00020895503132356552,0.9249439098234603,0.9940826242280217
polymarket,30d,720.0,<=6h,0,2.5,0-5,3006,21,0.006986027944111776,0.012790964378081061,-0.005804936433969285,0.00457386001874591,0.010656708925480256
polymarket,30d,720.0,<=6h,5,7.5,5-10,614,45,0.0732899022801303,0.0698123389678922,0.0034775633122380994,0.05522253697798367,0.09666364226277967
polymarket,30d,720.0,<=6h,10,12.5,10-15,396,43,0.10858585858585859,0.12005512415491154,-0.01146926556905295,0.081619798718619,0.1430731797008351
polymarket,30d,720.0,<=6h,15,17.5,15-20,274,37,0.13503649635036497,0.17038126003890855,-0.035344763688543585,0.0995804511498002,0.18058493805037723
polymarket,30d,720.0,<=6h,20,22.5,20-25,216,48,0.2222222222222222,0.22066574366648145,0.001556478555740759,0.171905324582318,0.2822471197230364
polymarket,30d,720.0,<=6h,25,27.5,25-30,198,47,0.23737373737373738,0.27161078762088153,-0.03423705024714416,0.18346184279415306,0.3012826300994427
polymarket,30d,720.0,<=6h,30,32.5,30-35,157,52,0.33121019108280253,0.3218041542938545,0.009406036788948025,0.2623933009329,0.4080899571296908
polymarket,30d,720.0,<=6h,35,37.5,35-40,120,38,0.31666666666666665,0.3699698832035571,-0.05330321653689046,0.2402270792621595,0.4044803534583481
polymarket,30d,720.0,<=6h,40,42.5,40-45,112,45,0.4017857142857143,0.4222687910490129,-0.02048307676329858,0.31570433316053725,0.4943811628961471
polymarket,30d,720.0,<=6h,45,47.5,45-50,89,36,0.4044943820224719,0.47110405098516045,-0.06660966896268855,0.30853277331729134,0.508359654215194
polymarket,30d,720.0,<=6h,50,52.5,50-55,109,57,0.5229357798165137,0.5258191738688427,-0.002883394052328958,0.42999342692854003,0.6143164729665341
polymarket,30d,720.0,<=6h,55,57.5,55-60,94,52,0.5531914893617021,0.5721648555128954,-0.01897336615119327,0.4525680493989119,0.6496379652206365
polymarket,30d,720.0,<=6h,60,62.5,60-65,99,63,0.6363636363636364,0.6237474075983054,0.012616228765330972,0.5381571567598795,0.7243825159017672
polymarket,30d,720.0,<=6h,65,67.5,65-70,84,58,0.6904761904761905,0.6722393644983319,0.018236825977858584,0.5851099007733379,0.7791821886239408
polymarket,30d,720.0,<=6h,70,72.5,70-75,88,63,0.7159090909090909,0.721252299423105,-0.005343208514014042,0.614202221177759,0.7995536367341242
polymarket,30d,720.0,<=6h,75,77.5,75-80,83,61,0.7349397590361446,0.7705204591978209,-0.03558070016167625,0.6311363664308388,0.8179571555678348
polymarket,30d,720.0,<=6h,80,82.5,80-85,88,72,0.8181818181818182,0.8212303646517809,-0.003048546469962665,0.7248754936722209,0.884869981145291
polymarket,30d,720.0,<=6h,85,87.5,85-90,99,85,0.8585858585858586,0.872154904370667,-0.013569045784808442,0.7765261713095185,0.9138559308748114
polymarket,30d,720.0,<=6h,90,92.5,90-95,134,123,0.917910447761194,0.9226562503557016,-0.004745802594507631,0.8589806884452829,0.9535461539593324
polymarket,30d,720.0,<=6h,95,97.5,95-100,246,239,0.9715447154471545,0.9780383790969758,-0.006493663649821291,0.9424389095985937,0.9861494439822354
polymarket,30d,720.0,<=24h,0,2.5,0-5,4690,38,0.00810234541577825,0.01256141409511672,-0.004459068679338469,0.005908860637470774,0.011101001817197484
polymarket,30d,720.0,<=24h,5,7.5,5-10,937,65,0.06937033084311633,0.06971720309476577,-0.00034687225164943547,0.05479794265226377,0.08745937250046758
polymarket,30d,720.0,<=24h,10,12.5,10-15,574,54,0.09407665505226481,0.12026075849849177,-0.02618410344622696,0.07281945790413893,0.12073116219659455
polymarket,30d,720.0,<=24h,15,17.5,15-20,398,48,0.12060301507537688,0.1703592303610484,-0.049756215285671535,0.09218214896948936,0.15627794077731638
polymarket,30d,720.0,<=24h,20,22.5,20-25,335,70,0.208955223880597,0.21998612919771468,-0.011030905317117673,0.16883962564559538,0.255670233828566
polymarket,30d,720.0,<=24h,25,27.5,25-30,263,65,0.24714828897338403,0.27116342791749976,-0.02401513894411572,0.19890437392245314,0.3026725915881718
polymarket,30d,720.0,<=24h,30,32.5,30-35,219,72,0.3287671232876712,0.32158931367951465,0.00717780960815656,0.26996923444288234,0.3934688309811677
polymarket,30d,720.0,<=24h,35,37.5,35-40,175,56,0.32,0.36975177291662165,-0.04975177291662164,0.2553894942243186,0.3923434717075451
polymarket,30d,720.0,<=24h,40,42.5,40-45,154,60,0.38961038961038963,0.4222891079386442,-0.032678718328254586,0.31617077302808605,0.4684234023984174
polymarket,30d,720.0,<=24h,45,47.5,45-50,127,49,0.3858267716535433,0.4704898399560246,-0.08466306830248133,0.30570036651903987,0.47265758691473037
polymarket,30d,720.0,<=24h,50,52.5,50-55,144,69,0.4791666666666667,0.5247317210496241,-0.04556505438295738,0.3991775402732238,0.5602384833628841
polymarket,30d,720.0,<=24h,55,57.5,55-60,143,82,0.5734265734265734,0.5712846204155433,0.002141953011030151,0.4914867363162572,0.6515245084536174
polymarket,30d,720.0,<=24h,60,62.5,60-65,133,89,0.6691729323308271,0.622186010346877,0.04698692198395005,0.5854461891080122,0.7434011789438083
polymarket,30d,720.0,<=24h,65,67.5,65-70,117,78,0.6666666666666666,0.6723374760629024,-0.005670809396235765,0.5771506881328541,0.7455858529258541
polymarket,30d,720.0,<=24h,70,72.5,70-75,127,92,0.7244094488188977,0.722069447481207,0.0023400013376906337,0.6409766803147677,0.7946645836257528
polymarket,30d,720.0,<=24h,75,77.5,75-80,121,90,0.743801652892562,0.7719716636344991,-0.028170010741937146,0.6593567360064447,0.8132421412908664
polymarket,30d,720.0,<=24h,80,82.5,80-85,128,104,0.8125,0.8194244965887378,-0.0069244965887378385,0.7361492727731167,0.8706394797905659
polymarket,30d,720.0,<=24h,85,87.5,85-90,128,111,0.8671875,0.872395852951181,-0.00520835295118105,0.7975783657084263,0.9153984185539006
polymarket,30d,720.0,<=24h,90,92.5,90-95,181,162,0.8950276243093923,0.9228513220801188,-0.027823697770726463,0.8418727112141816,0.9317626609098425
polymarket,30d,720.0,<=24h,95,97.5,95-100,411,397,0.9659367396593674,0.9782113658824962,-0.012274626223128804,0.9436411061919726,0.9796028500554242
polymarket,7d,168.0,all,0,2.5,0-5,25390,199,0.007837731390311147,0.006893033344775214,0.0009446980455359326,0.006825011582842622,0.00899936057516911
polymarket,7d,168.0,all,5,7.5,5-10,2819,208,0.07378503015253636,0.06855813496584738,0.005226895186688979,0.06470373464846688,0.08402639601136183
polymarket,7d,168.0,all,10,12.5,10-15,1913,211,0.11029796131730267,0.12043987520338366,-0.010141913886080989,0.09703333775060694,0.12512461207685927
polymarket,7d,168.0,all,15,17.5,15-20,1698,285,0.16784452296819788,0.1709621566148187,-0.003117633646620821,0.15082218674581002,0.18636642117163657
polymarket,7d,168.0,all,20,22.5,20-25,1769,356,0.20124364047484455,0.2198400995114509,-0.01859645903660634,0.1832164567714109,0.2205655844442284
polymarket,7d,168.0,all,25,27.5,25-30,2047,543,0.265266243282853,0.27059096177023273,-0.005324718487379754,0.24659372987509157,0.2848181548848042
polymarket,7d,168.0,all,30,32.5,30-35,1678,533,0.3176400476758045,0.322302067711276,-0.0046620200354715036,0.2958022840557793,0.34031089093049754
polymarket,7d,168.0,all,35,37.5,35-40,1676,599,0.3573985680190931,0.3722327721839496,-0.014834204164856535,0.33480475957350403,0.380644601842477
polymarket,7d,168.0,all,40,42.5,40-45,2096,887,0.4231870229007634,0.4217143942765366,0.0014726286242267572,0.4021947965069523,0.44446030357297744
polymarket,7d,168.0,all,45,47.5,45-50,1827,820,0.4488232074438971,0.4713778965947679,-0.022554689150870832,0.42614718553462344,0.47171399480997883
polymarket,7d,168.0,all,50,52.5,50-55,1903,913,0.4797687861271676,0.5195554539020805,-0.039786667774912854,0.4573855141390543,0.5022335753542733
polymarket,7d,168.0,all,55,57.5,55-60,1453,796,0.5478320715760495,0.5709676980655002,-0.023135626489450667,0.5221478277393278,0.5732640550624811
polymarket,7d,168.0,all,60,62.5,60-65,1287,787,0.6114996114996115,0.620640312885512,-0.009140701385900507,0.5845760147120617,0.6377595530291701
polymarket,7d,168.0,all,65,67.5,65-70,1030,673,0.6533980582524271,0.6710566390153119,-0.017658580762884735,0.6238134060413313,0.6818427022058121
polymarket,7d,168.0,all,70,72.5,70-75,798,568,0.7117794486215538,0.7215587828246619,-0.009779334203108059,0.6793977243902101,0.7421319143813379
polymarket,7d,168.0,all,75,77.5,75-80,795,585,0.7358490566037735,0.7698407831153947,-0.03399172651162119,0.7041202644574276,0.7653094697977738
polymarket,7d,168.0,all,80,82.5,80-85,749,578,0.7716955941255007,0.8207678995360423,-0.04907230541054164,0.7402935053240722,0.8003248664555958
polymarket,7d,168.0,all,85,87.5,85-90,611,500,0.8183306055646481,0.8723551578363953,-0.054024552271747184,0.7857992813732738,0.8468839983527564
polymarket,7d,168.0,all,90,92.5,90-95,754,629,0.8342175066312998,0.9222221736051788,-0.08800466697387899,0.8059917360253176,0.8590548911326531
polymarket,7d,168.0,all,95,97.5,95-100,6994,6878,0.983414355161567,0.9942352350198252,-0.010820879858258192,0.9801449077522728,0.9861530433188117
polymarket,7d,168.0,<=1h,0,2.5,0-5,3537,42,0.011874469889737066,0.011635984934128868,0.00023848495560819735,0.008797040287679034,0.01601107312806936
polymarket,7d,168.0,<=1h,5,7.5,5-10,730,45,0.06164383561643835,0.0695857171252723,-0.007941881508833945,0.04638656259346233,0.08149062507210472
polymarket,7d,168.0,<=1h,10,12.5,10-15,644,77,0.11956521739130435,0.12125367406174757,-0.0016884566704432197,0.09673488110763531,0.14690739194182617
polymarket,7d,168.0,<=1h,15,17.5,15-20,551,93,0.16878402903811252,0.1712640796806821,-0.0024800506425695923,0.1398260984624267,0.20232849124389676
polymarket,7d,168.0,<=1h,20,22.5,20-25,519,104,0.2003853564547206,0.22197751293970971,-0.021592156484989106,0.1682043703830774,0.2369692041756417
polymarket,7d,168.0,<=1h,25,27.5,25-30,726,183,0.25206611570247933,0.27189256463987294,-0.019826448937393604,0.22184266777949732,0.28489961712177436
polymarket,7d,168.0,<=1h,30,32.5,30-35,756,237,0.3134920634920635,0.3226137050631992,-0.009121641571135708,0.28143546234425343,0.3474345547751041
polymarket,7d,168.0,<=1h,35,37.5,35-40,960,338,0.35208333333333336,0.373102923871867,-0.02101959053853364,0.32251377592285146,0.3828319987355572
polymarket,7d,168.0,<=1h,40,42.5,40-45,1253,539,0.4301675977653631,0.4222892099518733,0.007878387813489818,0.40300810568986317,0.4577539823886981
polymarket,7d,168.0,<=1h,45,47.5,45-50,1141,538,0.4715162138475022,0.47103271856513984,0.00048349528236235617,0.4426950158537021,0.5005285707105877
polymarket,7d,168.0,<=1h,50,52.5,50-55,1096,547,0.4990875912408759,0.5204678651037278,-0.02138027386285185,0.46954058772923507,0.5286409685966942
polymarket,7d,168.0,<=1h,55,57.5,55-60,891,482,0.5409652076318743,0.5704896816122593,-0.029524473980385046,0.508138321596521,0.5734403622733393
polymarket,7d,168.0,<=1h,60,62.5,60-65,700,415,0.5928571428571429,0.6200497802968545,-0.027192637439711675,0.5560500942455023,0.6286505543095134
polymarket,7d,168.0,<=1h,65,67.5,65-70,547,365,0.6672760511882998,0.6709096648720267,-0.003633613683726944,0.626742824639319,0.7054760927409225
polymarket,7d,168.0,<=1h,70,72.5,70-75,365,270,0.7397260273972602,0.7202968779563124,0.019429149440947868,0.6923793582135161,0.7820790542865922
polymarket,7d,168.0,<=1h,75,77.5,75-80,323,238,0.7368421052631579,0.7708669972730555,-0.03402489200989767,0.6862371940957055,0.7818794715918935
polymarket,7d,168.0,<=1h,80,82.5,80-85,280,221,0.7892857142857143,0.8218889067519326,-0.032603192466218345,0.7377650592537217,0.8329758046647455
polymarket,7d,168.0,<=1h,85,87.5,85-90,228,186,0.8157894736842105,0.8727420889260595,-0.056952615241849025,0.7603825635881625,0.860731162335054
polymarket,7d,168.0,<=1h,90,92.5,90-95,214,200,0.9345794392523364,0.9237099766604264,0.010869462591910017,0.8931971778077876,0.9606342299674031
polymarket,7d,168.0,<=1h,95,97.5,95-100,485,469,0.9670103092783505,0.9810807830811812,-0.014070473802830663,0.9470870080521622,0.9795935363204936
polymarket,7d,168.0,<=6h,0,2.5,0-5,7110,88,0.012376933895921238,0.011476369010043543,0.0009005648858776954,0.010057551401619116,0.01522296651151519
polymarket,7d,168.0,<=6h,5,7.5,5-10,1462,100,0.06839945280437756,0.06942633974041154,-0.0010268869360339772,0.056558446274387955,0.08250269102721407
polymarket,7d,168.0,<=6h,10,12.5,10-15,1130,128,0.11327433628318584,0.12036727056600662,-0.007092934282820776,0.09609052105773935,0.13307870328541407
polymarket,7d,168.0,<=6h,15,17.5,15-20,985,158,0.16040609137055836,0.17114997041919505,-0.01074387904863669,0.13881360973271442,0.18463718359960493
polymarket,7d,168.0,<=6h,20,22.5,20-25,938,177,0.1886993603411514,0.22105085622564424,-0.03235149588449285,0.1649481834959598,0.21499001417974284
polymarket,7d,168.0,<=6h,25,27.5,25-30,1184,304,0.25675675675675674,0.2708681211175383,-0.014111364360781531,0.23268802403104535,0.28239883603514515
polymarket,7d,168.0,<=6h,30,32.5,30-35,1136,364,0.3204225352112676,0.3225315834809895,-0.002109048269721858,0.2939306405888223,0.3481248871266078
polymarket,7d,168.0,<=6h,35,37.5,35-40,1295,454,0.35057915057915057,0.372667992545846,-0.022088841966695416,0.325067524443805,0.37697466453443523
polymarket,7d,168.0,<=6h,40,42.5,40-45,1635,699,0.42752293577981654,0.4218687420272546,0.005654193752561931,0.4037399752140056,0.45164568255792314
polymarket,7d,168.0,<=6h,45,47.5,45-50,1451,678,0.4672639558924879,0.471000288236908,-0.003736332344420057,0.441712177696726,0.4929886172214287
polymarket,7d,168.0,<=6h,50,52.5,50-55,1426,706,0.4950911640953717,0.5204400487834591,-0.02534888468808738,0.4691887546950157,0.5210199509406295
polymarket,7d,168.0,<=6h,55,57.5,55-60,1129,606,0.5367581930912312,0.5708214068746492,-0.034063213783418034,0.5075954085085571,0.565671674903634
polymarket,7d,168.0,<=6h,60,62.5,60-65,967,586,0.6059979317476732,0.6206404158559942,-0.014642484108320919,0.5748382685968623,0.636318731680011
polymarket,7d,168.0,<=6h,65,67.5,65-70,776,507,0.6533505154639175,0.6710763183425367,-0.017725802878619135,0.619184642167174,0.6860055400441879
polymarket,7d,168.0,<=6h,70,72.5,70-75,555,405,0.7297297297297297,0.7213527089224345,0.008377020807295188,0.6912959818167516,0.7650050523224391
polymarket,7d,168.0,<=6h,75,77.5,75-80,529,389,0.7353497164461248,0.7705096901794293,-0.035159973733304484,0.6961568984100888,0.7711489575891426
polymarket,7d,168.0,<=6h,80,82.5,80-85,459,371,0.8082788671023965,0.8215266829798257,-0.013247815877429181,0.7697652492680164,0.8416750361341602
polymarket,7d,168.0,<=6h,85,87.5,85-90,388,326,0.8402061855670103,0.8727940370233,-0.03258785145628973,0.8004372869092344,0.873304347465472
polymarket,7d,168.0,<=6h,90,92.5,90-95,405,368,0.908641975308642,0.921853736907794,-0.01321176159915205,0.8766109935783137,0.9329935085075798
polymarket,7d,168.0,<=6h,95,97.5,95-100,900,869,0.9655555555555555,0.981525988675655,-0.015970433120099492,0.9515239154177835,0.9756296920284768
polymarket,7d,168.0,<=24h,0,2.5,0-5,10306,121,0.01174073355326994,0.011113863127787546,0.000626870425482394,0.009835441241051495,0.014009891164443466
polymarket,7d,168.0,<=24h,5,7.5,5-10,1982,138,0.06962663975782038,0.06934147526841707,0.00028516448940331396,0.05923389585254452,0.08168449361013971
polymarket,7d,168.0,<=24h,10,12.5,10-15,1471,163,0.11080897348742352,0.12048956764303491,-0.009680594155611386,0.09577046137752156,0.12787497959729227
polymarket,7d,168.0,<=24h,15,17.5,15-20,1291,197,0.15259488768396592,0.17113826017930278,-0.018543372495336857,0.13401169565287352,0.17323947700021392
polymarket,7d,168.0,<=24h,20,22.5,20-25,1248,240,0.19230769230769232,0.2205099803691217,-0.02820228806142938,0.171399056230668,0.2151047953748386
polymarket,7d,168.0,<=24h,25,27.5,25-30,1542,407,0.26394293125810636,0.2709081643280873,-0.006965233069980925,0.2425489854443001,0.2865101367840059
polymarket,7d,168.0,<=24h,30,32.5,30-35,1378,452,0.32801161103047893,0.3224463060103651,0.00556530502011382,0.30373072986547955,0.35324876763987845
polymarket,7d,168.0,<=24h,35,37.5,35-40,1487,525,0.3530598520511096,0.3724280321112133,-0.019368180060103657,0.3291752120332383,0.37770176269030054
polymarket,7d,168.0,<=24h,40,42.5,40-45,1874,799,0.4263607257203842,0.42169559397995393,0.004665131740430262,0.4041424812158098,0.44888026575070733
polymarket,7d,168.0,<=24h,45,47.5,45-50,1636,748,0.4572127139364303,0.4711652142939361,-0.013952500357505782,0.43320097122438794,0.48142492922843627
polymarket,7d,168.0,<=24h,50,52.5,50-55,1626,799,0.491389913899139,0.5202590000023944,-0.028869086103255448,0.4671391267899337,0.5156812896235385
polymarket,7d,168.0,<=24h,55,57.5,55-60,1292,707,0.5472136222910217,0.5708696817599102,-0.02365605946888849,0.5199710500174769,0.5741762593450254
polymarket,7d,168.0,<=24h,60,62.5,60-65,1131,692,0.6118479221927497,0.6206642511065702,-0.008816328913820448,0.583112981188705,0.6398256209915463
polymarket,7d,168.0,<=24h,65,67.5,65-70,903,588,0.6511627906976745,0.6711644012482252,-0.02000161055055072,0.6194954804321082,0.6815493767954386
polymarket,7d,168.0,<=24h,70,72.5,70-75,677,487,0.7193500738552437,0.7216377506458561,-0.0022876767906123696,0.684338799329138,0.7518860141957701
polymarket,7d,168.0,<=24h,75,77.5,75-80,651,476,0.7311827956989247,0.7703158288638298,-0.03913303316490502,0.6958424883632827,0.7638106552366354
polymarket,7d,168.0,<=24h,80,82.5,80-85,584,466,0.797945205479452,0.8212394609236617,-0.02329425544420971,0.7634798710393619,0.8285163401848862
polymarket,7d,168.0,<=24h,85,87.5,85-90,487,411,0.8439425051334702,0.8727263495784595,-0.02878384444498927,0.8090321203208971,0.8734691183679183
polymarket,7d,168.0,<=24h,90,92.5,90-95,547,484,0.8848263254113345,0.9221403754928916,-0.03731405008155708,0.8553485010614905,0.9089365493050758
polymarket,7d,168.0,<=24h,95,97.5,95-100,1361,1297,0.9529757531227039,0.9827248784130163,-0.029749125290312373,0.9403976719489012,0.9630038656361196
polymarket,3d,72.0,all,0,2.5,0-5,44405,281,0.006328116203130278,0.006823946897065582,-0.0004958306939353042,0.005632055441217847,0.007109587430187291
polymarket,3d,72.0,all,5,7.5,5-10,5169,366,0.07080673244341265,0.06894235110274907,0.001864381340663579,0.06412813442887152,0.07812280942372973
polymarket,3d,72.0,all,10,12.5,10-15,3643,368,0.10101564644523744,0.12017491665396497,-0.019159270208727527,0.09164625564182245,0.11122562121732056
polymarket,3d,72.0,all,15,17.5,15-20,3225,542,0.16806201550387598,0.17067247168070895,-0.002610456176832976,0.15555318196073892,0.18136071310305113
polymarket,3d,72.0,all,20,22.5,20-25,3247,684,0.210655990144749,0.22016760299245827,-0.009511612847709267,0.19697599809274935,0.22501983215625454
polymarket,3d,72.0,all,25,27.5,25-30,3560,913,0.2564606741573034,0.27065537195237976,-0.014194697795076372,0.24238375977806098,0.27106262908501316
polymarket,3d,72.0,all,30,32.5,30-35,2437,739,0.30324169060320066,0.3219932404926484,-0.018751549889447716,0.2853130625788631,0.32178966788918545
polymarket,3d,72.0,all,35,37.5,35-40,1902,718,0.3774973711882229,0.3715001768920092,0.005997194296213704,0.355978822826744,0.3995097760158881
polymarket,3d,72.0,all,40,42.5,40-45,2070,846,0.40869565217391307,0.42175257679719685,-0.013056924623283783,0.38770614740846493,0.43002342268020527
polymarket,3d,72.0,all,45,47.5,45-50,2190,1016,0.4639269406392694,0.4719194262764194,-0.007992485637149993,0.44312156043741635,0.48485865472488165
polymarket,3d,72.0,all,50,52.5,50-55,2442,1146,0.4692874692874693,0.5187730694681482,-0.04948560018067888,0.4495572540583683,0.48911416276600805
polymarket,3d,72.0,all,55,57.5,55-60,1606,871,0.5423412204234122,0.5711286025894531,-0.02878738216604093,0.5179027096335225,0.5665776516641354
polymarket,3d,72.0,all,60,62.5,60-65,1353,808,0.5971914264597191,0.6215796851535221,-0.02438825869380301,0.57081737611944,0.6230151242991793
polymarket,3d,72.0,all,65,67.5,65-70,1201,761,0.6336386344712739,0.6717664018589871,-0.038127767387713174,0.6060030661977646,0.6604219974786555
polymarket,3d,72.0,all,70,72.5,70-75,1157,800,0.6914433880726015,0.7213589609846742,-0.029915572912072697,0.664230833436053,0.7173888466305468
polymarket,3d,72.0,all,75,77.5,75-80,1127,825,0.7320319432120674,0.7704397078101843,-0.0384077645981169,0.7054172913677061,0.7570701162409279
polymarket,3d,72.0,all,80,82.5,80-85,1117,875,0.7833482542524619,0.8209221698538401,-0.03757391560137824,0.7582394883876659,0.8065147105999518
polymarket,3d,72.0,all,85,87.5,85-90,967,788,0.8148914167528438,0.8726281029902745,-0.05773668623743067,0.7891824312854625,0.8381083646590046
polymarket,3d,72.0,all,90,92.5,90-95,1349,1169,0.8665678280207562,0.9237495026454018,-0.05718167462464563,0.8473767804689434,0.8836770250911461
polymarket,3d,72.0,all,95,97.5,95-100,16344,16106,0.9854380812530592,0.9942629529091139,-0.008824871656054722,0.9834841415802666,0.9871638735069359
polymarket,3d,72.0,<=1h,0,2.5,0-5,5627,54,0.009596587879864936,0.011400086780439665,-0.0018034989005747282,0.00736283371196891,0.012499490243299164
polymarket,3d,72.0,<=1h,5,7.5,5-10,1249,86,0.0688550840672538,0.06996313787905066,-0.0011080538117968636,0.0560937382535766,0.08426047731525509
polymarket,3d,72.0,<=1h,10,12.5,10-15,835,95,0.11377245508982035,0.12135497281115,-0.007582517721329646,0.09398000924043529,0.1371024740317343
polymarket,3d,72.0,<=1h,15,17.5,15-20,797,129,0.1618569636135508,0.17045401948337888,-0.008597055869828063,0.13791767478783465,0.18904036535393623
polymarket,3d,72.0,<=1h,20,22.5,20-25,743,168,0.22611036339165544,0.22157586934666498,0.004534494044990456,0.19748473173948417,0.2575536592660516
polymarket,3d,72.0,<=1h,25,27.5,25-30,713,191,0.26788218793828894,0.2704777242764931,-0.0025955363382041408,0.23668272402284202,0.30156952026655187
polymarket,3d,72.0,<=1h,30,32.5,30-35,466,143,0.30686695278969955,0.3215384154388437,-0.014671462649144151,0.26671353873880227,0.3501786223640034
polymarket,3d,72.0,<=1h,35,37.5,35-40,437,158,0.36155606407322655,0.3719056944199245,-0.010349630346697947,0.3178961150139963,0.40762888081216897
polymarket,3d,72.0,<=1h,40,42.5,40-45,420,170,0.40476190476190477,0.4227223750164294,-0.01796047025452463,0.35888675283672494,0.45236348781921826
polymarket,3d,72.0,<=1h,45,47.5,45-50,459,215,0.4684095860566449,0.47266590251079565,-0.004256316454150755,0.42320978524858693,0.5141337897455365
polymarket,3d,72.0,<=1h,50,52.5,50-55,474,234,0.4936708860759494,0.5206076386255841,-0.026936752549634735,0.4488937464075822,0.5385497913672788
polymarket,3d,72.0,<=1h,55,57.5,55-60,343,190,0.5539358600583091,0.5716137724197322,-0.01767791236142313,0.501020944146648,0.6056559942598176
polymarket,3d,72.0,<=1h,60,62.5,60-65,354,211,0.596045197740113,0.621216898073389,-0.02517170033327598,0.5441623528563353,0.6458658607443193
polymarket,3d,72.0,<=1h,65,67.5,65-70,321,204,0.6355140186915887,0.67363540786807,-0.038121389176481224,0.5815481540229739,0.6862746864014051
polymarket,3d,72.0,<=1h,70,72.5,70-75,324,237,0.7314814814814815,0.7214532875392469,0.010028193942234642,0.6807176336642321,0.7768203968968682
polymarket,3d,72.0,<=1h,75,77.5,75-80,316,247,0.7816455696202531,0.7704461426083806,0.011199427011872487,0.7328598664590095,0.8236656136536463
polymarket,3d,72.0,<=1h,80,82.5,80-85,335,268,0.8,0.8226119200839669,-0.02261192008396684,0.7538721858385402,0.8393253436265551
polymarket,3d,72.0,<=1h,85,87.5,85-90,258,209,0.810077519379845,0.8723096343871477,-0.062232115007302746,0.757800569462602,0.8532558860433226
polymarket,3d,72.0,<=1h,90,92.5,90-95,345,318,0.9217391304347826,0.9231862561194799,-0.0014471256846972924,0.8885296423107668,0.9456598580240555
polymarket,3d,72.0,<=1h,95,97.5,95-100,756,733,0.9695767195767195,0.9800181951649415,-0.010441475588221949,0.954761959614374,0.9796433164326336
polymarket,3d,72.0,<=6h,0,2.5,0-5,11816,113,0.009563303994583616,0.011350601460762602,-0.0017872974661789862,0.00796091915412069,0.011484485258067034
polymarket,3d,72.0,<=6h,5,7.5,5-10,2552,163,0.06387147335423198,0.06973191074085765,-0.005860437386625672,0.05502432305015448,0.07402968405263313
polymarket,3d,72.0,<=6h,10,12.5,10-15,1887,206,0.10916799152093269,0.1203293654247732,-0.011161373903840505,0.09588323147389238,0.12404084889328379
polymarket,3d,72.0,<=6h,15,17.5,15-20,1686,295,0.1749703440094899,0.17056800220171905,0.004402341807770854,0.15757869711825123,0.19383980269853635
polymarket,3d,72.0,<=6h,20,22.5,20-25,1682,371,0.2205707491082045,0.22025901165968242,0.00031173744852208696,0.20140433118248177,0.24101066201735385
polymarket,3d,72.0,<=6h,25,27.5,25-30,1702,440,0.25851938895417154,0.27108478286762133,-0.012565393913449796,0.23827907750916477,0.27984734173163694
polymarket,3d,72.0,<=6h,30,32.5,30-35,1204,375,0.31146179401993357,0.32180256447412303,-0.010340770454189463,0.28593791440944893,0.33818498382488904
polymarket,3d,72.0,<=6h,35,37.5,35-40,1018,376,0.3693516699410609,0.37182031097413426,-0.002468641033073371,0.3402465178856949,0.39943916333926205
polymarket,3d,72.0,<=6h,40,42.5,40-45,1055,430,0.4075829383886256,0.4221491544050344,-0.01456621601640884,0.378318340095192,0.43751813629561104
polymarket,3d,72.0,<=6h,45,47.5,45-50,1095,508,0.4639269406392694,0.4724203857096468,-0.008493445070377359,0.4345661422962317,0.4935399650808462
polymarket,3d,72.0,<=6h,50,52.5,50-55,1140,555,0.4868421052631579,0.5197066910363085,-0.0328645857731506,0.45791998399762335,0.5158526082913789
polymarket,3d,72.0,<=6h,55,57.5,55-60,821,445,0.5420219244823387,0.5715233580540305,-0.029501433571691882,0.5078238761589878,0.575828548742957
polymarket,3d,72.0,<=6h,60,62.5,60-65,735,438,0.5959183673469388,0.6215348512608112,-0.02561648391387239,0.5600320108291915,0.6308072705539901
polymarket,3d,72.0,<=6h,65,67.5,65-70,655,421,0.6427480916030535,0.6726884942415059,-0.029940402638452435,0.605315372196699,0.6785161284249982
polymarket,3d,72.0,<=6h,70,72.5,70-75,677,474,0.7001477104874446,0.7214409127157587,-0.0212932022283141,0.6645821919355548,0.7334545907757248
polymarket,3d,72.0,<=6h,75,77.5,75-80,642,486,0.7570093457943925,0.7708380895962113,-0.013828743801818755,0.7223673519884884,0.7885938496436143
polymarket,3d,72.0,<=6h,80,82.5,80-85,651,529,0.8125960061443932,0.822033366473595,-0.009437360329201838,0.7808167429497201,0.8407076073664479
polymarket,3d,72.0,<=6h,85,87.5,85-90,547,459,0.8391224862888482,0.8729107919378886,-0.03378830564904034,0.8059830432805425,0.8675318110804934
polymarket,3d,72.0,<=6h,90,92.5,90-95,705,639,0.9063829787234042,0.9235462992433433,-0.017163320519939074,0.8826233245471874,0.9257378100137638
polymarket,3d,72.0,<=6h,95,97.5,95-100,1773,1710,0.9644670050761421,0.9813258298215104,-0.01685882474536826,0.9547966490894438,0.972128969941538
polymarket,3d,72.0,<=24h,0,2.5,0-5,17627,169,0.009587564531684347,0.011175744528500184,-0.0015881799968158368,0.00825205047749089,0.011136791402864952
polymarket,3d,72.0,<=24h,5,7.5,5-10,3652,241,0.06599123767798466,0.06962619049763769,-0.003634952819653023,0.05838651636522093,0.07450808169395103
polymarket,3d,72.0,<=24h,10,12.5,10-15,2674,275,0.10284218399401646,0.12044358110700705,-0.017601397112990594,0.09189292000816374,0.1149309638242482
polymarket,3d,72.0,<=24h,15,17.5,15-20,2432,419,0.17228618421052633,0.17072847961105128,0.001557704599475046,0.15779738223865236,0.18780867030597947
polymarket,3d,72.0,<=24h,20,22.5,20-25,2429,520,0.2140798682585426,0.22045232539233153,-0.006372457133788922,0.198225526466696,0.23083717946533017
polymarket,3d,72.0,<=24h,25,27.5,25-30,2602,668,0.25672559569561876,0.27096825445925393,-0.014242658763635174,0.24030815663110636,0.27386031776887254
polymarket,3d,72.0,<=24h,30,32.5,30-35,1813,555,0.30612244897959184,0.3219512002337585,-0.015828751254166662,0.2853357141506179,0.32772906816172004
polymarket,3d,72.0,<=24h,35,37.5,35-40,1465,564,0.3849829351535836,0.3715384289859282,0.013444506167655412,0.3603972032171518,0.41017029704972513
polymarket,3d,72.0,<=24h,40,42.5,40-45,1518,617,0.4064558629776021,0.4219138111601391,-0.015457948182536985,0.3820131749687922,0.43137081979124076
polymarket,3d,72.0,<=24h,45,47.5,45-50,1660,760,0.4578313253012048,0.47224828492958837,-0.014416959628383574,0.4339887155288685,0.48186865935585604
polymarket,3d,72.0,<=24h,50,52.5,50-55,1784,851,0.47701793721973096,0.5193669454985952,-0.04234900827886423,0.4539145317825599,0.5002201074382748
polymarket,3d,72.0,<=24h,55,57.5,55-60,1200,645,0.5375,0.571361943140201,-0.03386194314020097,0.509214641431528,0.5655460247557844
polymarket,3d,72.0,<=24h,60,62.5,60-65,1030,607,0.5893203883495146,0.6216882015705306,-0.032367813221016006,0.5589980379816676,0.6189789364407198
polymarket,3d,72.0,<=24h,65,67.5,65-70,921,576,0.6254071661237784,0.6719462885830221,-0.04653912245924363,0.593687005052836,0.6560854965301377
polymarket,3d,72.0,<=24h,70,72.5,70-75,900,623,0.6922222222222222,0.7217350226897523,-0.02951280046753013,0.6613021132838296,0.7215083260674903
polymarket,3d,72.0,<=24h,75,77.5,75-80,860,639,0.7430232558139535,0.7707839149584212,-0.027760659144467792,0.7127826317445184,0.771102376803345
polymarket,3d,72.0,<=24h,80,82.5,80-85,859,685,0.7974388824214202,0.8214826342113457,-0.02404375178992546,0.7692644905774574,0.8229647204387941
polymarket,3d,72.0,<=24h,85,87.5,85-90,718,596,0.83008356545961,0.8729362819379491,-0.0428527164783391,0.8008729439992447,0.855780814941775
polymarket,3d,72.0,<=24h,90,92.5,90-95,978,879,0.8987730061349694,0.9241252730528697,-0.02535226691790038,0.8782810967393941,0.9161443991858143
polymarket,3d,72.0,<=24h,95,97.5,95-100,3016,2905,0.9631962864721485,0.9829842325877809,-0.019787946115632393,0.9558659155380779,0.9693481751612488
polymarket,1d,24.0,all,0,2.5,0-5,55934,413,0.00738370222047413,0.006244251633888367,0.0011394505865857628,0.006707262036130738,0.008127804463825168
polymarket,1d,24.0,all,5,7.5,5-10,5652,439,0.07767162066525124,0.06836435619354007,0.009307264471711166,0.07097698414280337,0.08493997081576546
polymarket,1d,24.0,all,10,12.5,10-15,3951,398,0.10073399139458365,0.12053923087569243,-0.01980523948110878,0.0917333617396726,0.11051028817035165
polymarket,1d,24.0,all,15,17.5,15-20,3629,615,0.1694681730504271,0.1710238497835917,-0.0015556767331645904,0.15761282689495285,0.18202257036541766
polymarket,1d,24.0,all,20,22.5,20-25,4167,892,0.2140628749700024,0.2204443078041856,-0.006381432834183215,0.2018751905216015,0.22677729055080367
polymarket,1d,24.0,all,25,27.5,25-30,5000,1339,0.2678,0.27112672739350385,-0.00332672739350387,0.25570754037000326,0.2802489935058892
polymarket,1d,24.0,all,30,32.5,30-35,3742,1183,0.31614110101549975,0.32173241813494463,-0.005591317119444883,0.3014381096158492,0.33122121052198045
polymarket,1d,24.0,all,35,37.5,35-40,2956,1079,0.36502029769959404,0.3714545356253899,-0.006434237925795838,0.3478501647620906,0.38254081291725545
polymarket,1d,24.0,all,40,42.5,40-45,3588,1484,0.4136008918617614,0.4223418878951113,-0.00874099603334988,0.3975871384985574,0.4297994589505061
polymarket,1d,24.0,all,45,47.5,45-50,5931,2863,0.4827179227786208,0.47783236771333215,0.004885555065288649,0.4700156979939802,0.4954425208066699
polymarket,1d,24.0,all,50,52.5,50-55,7529,3773,0.5011289679904369,0.5144536743097258,-0.013324706319288837,0.48983705050552107,0.5124197339727293
polymarket,1d,24.0,all,55,57.5,55-60,2657,1505,0.5664283025969138,0.5699062619910503,-0.0034779593941365317,0.547502187996294,0.5851626049774779
polymarket,1d,24.0,all,60,62.5,60-65,2099,1233,0.5874225821819914,0.6206630417957534,-0.033240459613761986,0.5662205665362856,0.6083051799583623
polymarket,1d,24.0,all,65,67.5,65-70,1774,1143,0.6443066516347238,0.6723298250031067,-0.028023173368382892,0.6217393820959529,0.666250279075211
polymarket,1d,24.0,all,70,72.5,70-75,1632,1108,0.678921568627451,0.7209950083358149,-0.04207343970836386,0.6558718520769853,0.701130928632345
polymarket,1d,24.0,all,75,77.5,75-80,1518,1110,0.7312252964426877,0.7704907177015161,-0.03926542125882837,0.7083603282694779,0.7529228959504408
polymarket,1d,24.0,all,80,82.5,80-85,1481,1169,0.7893315327481432,0.8200224617978901,-0.030690929049746907,0.7678277123723004,0.809338229099167
polymarket,1d,24.0,all,85,87.5,85-90,1178,966,0.8200339558573854,0.8728766968680488,-0.05284274101066344,0.7970667933532305,0.8409205646818902
polymarket,1d,24.0,all,90,92.5,90-95,1541,1325,0.8598312783906554,0.9228849196704949,-0.06305364127983948,0.8416014055271943,0.8762715466253113
polymarket,1d,24.0,all,95,97.5,95-100,18454,18162,0.9841768722228244,0.9943802515084308,-0.01020337928560644,0.9822729688021306,0.9858792337825966
polymarket,1d,24.0,<=1h,0,2.5,0-5,10163,95,0.009347633572763948,0.009987552877990387,-0.0006399193052264388,0.00765329199981931,0.011412766824191484
polymarket,1d,24.0,<=1h,5,7.5,5-10,1897,131,0.06905640484976279,0.07002443453708829,-0.0009680296873254973,0.05849564113006222,0.08135904218494944
polymarket,1d,24.0,<=1h,10,12.5,10-15,1368,149,0.10891812865497076,0.12069956605633472,-0.011781437401363962,0.09349103691216047,0.1265355317529099
polymarket,1d,24.0,<=1h,15,17.5,15-20,1209,196,0.1621174524400331,0.17066005617231714,-0.008542603732284049,0.1424176124818466,0.18395773612097177
polymarket,1d,24.0,<=1h,20,22.5,20-25,1384,295,0.21315028901734104,0.22062757266999128,-0.007477283652650241,0.19238326217878599,0.23550533836467658
polymarket,1d,24.0,<=1h,25,27.5,25-30,1557,413,0.26525369299935775,0.27179492003530636,-0.006541227035948616,0.2439222276899238,0.28774069057160895
polymarket,1d,24.0,<=1h,30,32.5,30-35,1252,397,0.3170926517571885,0.32212125503308253,-0.00502860327589405,0.29190880310894374,0.34339552189510136
polymarket,1d,24.0,<=1h,35,37.5,35-40,1084,414,0.38191881918819187,0.37167816910176854,0.01024065008642333,0.35346048974228267,0.4112111315672902
polymarket,1d,24.0,<=1h,40,42.5,40-45,1286,535,0.41601866251944014,0.4223547079920523,-0.006336045472612184,0.3893681524260778,0.4431694242810157
polymarket,1d,24.0,<=1h,45,47.5,45-50,2244,1094,0.4875222816399287,0.4785545452256724,0.0089677364142563,0.46687990194406015,0.5082073106068599
polymarket,1d,24.0,<=1h,50,52.5,50-55,2880,1466,0.5090277777777777,0.5143576877246041,-0.005329909946826361,0.4907696679034796,0.5272618356298628
polymarket,1d,24.0,<=1h,55,57.5,55-60,1005,566,0.56318407960199,0.5705734090282095,-0.007389329426219504,0.532335657964556,0.5935512999087118
polymarket,1d,24.0,<=1h,60,62.5,60-65,825,464,0.5624242424242424,0.6214469474382505,-0.05902270501400808,0.5283599493424174,0.5959098749521161
polymarket,1d,24.0,<=1h,65,67.5,65-70,708,469,0.6624293785310734,0.6726821354675966,-0.010252756936523166,0.6268028017771641,0.6963027880057313
polymarket,1d,24.0,<=1h,70,72.5,70-75,675,466,0.6903703703703704,0.721250404928531,-0.030880034558160574,0.6544960054533884,0.724090103588839
polymarket,1d,24.0,<=1h,75,77.5,75-80,595,438,0.7361344537815127,0.7713127725742305,-0.03517831879271782,0.6992875332252722,0.7699517447407209
polymarket,1d,24.0,<=1h,80,82.5,80-85,592,473,0.7989864864864865,0.8205677990246782,-0.021581312538191733,0.7648220950179077,0.8292955362451664
polymarket,1d,24.0,<=1h,85,87.5,85-90,518,439,0.8474903474903475,0.8727104159333128,-0.025220068442965315,0.8139800872980656,0.8758844233120506
polymarket,1d,24.0,<=1h,90,92.5,90-95,617,559,0.9059967585089141,0.9219222327886704,-0.015925474279756213,0.8803912877526724,0.9265778328732651
polymarket,1d,24.0,<=1h,95,97.5,95-100,1809,1773,0.9800995024875622,0.985674766807044,-0.005575264319481854,0.9725731232577361,0.9855911201047287
polymarket,1d,24.0,<=6h,0,2.5,0-5,19856,205,0.01032433521353747,0.009504328094769138,0.0008200071187683313,0.009009996959785199,0.01182811486080455
polymarket,1d,24.0,<=6h,5,7.5,5-10,3497,254,0.07263368601658564,0.06919745324219252,0.0034362327743931165,0.06449252088873204,0.0817127801451679
polymarket,1d,24.0,<=6h,10,12.5,10-15,2568,262,0.10202492211838006,0.1208759492700657,-0.018851027151685643,0.09090608387948047,0.11433268354694266
polymarket,1d,24.0,<=6h,15,17.5,15-20,2326,388,0.16680997420464316,0.17096951179611342,-0.004159537591470253,0.1522111363816723,0.18250758441033346
polymarket,1d,24.0,<=6h,20,22.5,20-25,2674,590,0.2206432311144353,0.22076702629823625,-0.00012379518380095655,0.20533246522422677,0.23675552086128332
polymarket,1d,24.0,<=6h,25,27.5,25-30,3128,834,0.2666240409207161,0.2714612071925742,-0.0048371662718580954,0.2514205940486568,0.282400018079364
polymarket,1d,24.0,<=6h,30,32.5,30-35,2405,761,0.31642411642411644,0.3220075641367549,-0.005583447712638467,0.298141657969469,0.3352921053796861
polymarket,1d,24.0,<=6h,35,37.5,35-40,2039,770,0.37763609612555177,0.3715200245489866,0.006116071576565185,0.35684179998279575,0.3988906072679672
polymarket,1d,24.0,<=6h,40,42.5,40-45,2454,1023,0.41687041564792177,0.4224521472792946,-0.005581731631372822,0.39750765366910995,0.4364930402730873
polymarket,1d,24.0,<=6h,45,47.5,45-50,4295,2075,0.4831199068684517,0.4788149760228537,0.004304930845597965,0.46819663085459823,0.4980733522031631
polymarket,1d,24.0,<=6h,50,52.5,50-55,5050,2589,0.5126732673267327,0.5146030172232519,-0.0019297498965191728,0.4988827898755501,0.5264444779992483
polymarket,1d,24.0,<=6h,55,57.5,55-60,1841,1038,0.5638240086909289,0.5702700760239067,-0.006446067332977812,0.5410609941689923,0.5863212157725008
polymarket,1d,24.0,<=6h,60,62.5,60-65,1490,861,0.5778523489932886,0.6210853288211758,-0.04323297982788721,0.55260499287032,0.6026992910644693
polymarket,1d,24.0,<=6h,65,67.5,65-70,1228,796,0.6482084690553745,0.6727259769763474,-0.024517507920972847,0.6210749861181138,0.6744175512340912
polymarket,1d,24.0,<=6h,70,72.5,70-75,1140,777,0.6815789473684211,0.7208426789742189,-0.03926373160579788,0.6539641951737092,0.7079740312380598
polymarket,1d,24.0,<=6h,75,77.5,75-80,1029,751,0.7298347910592808,0.7707425880651287,-0.0409077970058479,0.7018853496658692,0.7560745156222832
polymarket,1d,24.0,<=6h,80,82.5,80-85,1051,843,0.80209324452902,0.8201712129020414,-0.018077968373021447,0.7769239863406189,0.8250621317646966
polymarket,1d,24.0,<=6h,85,87.5,85-90,817,686,0.8396572827417381,0.8726447103822599,-0.03298742764052176,0.8129157415530388,0.8632195810232051
polymarket,1d,24.0,<=6h,90,92.5,90-95,993,894,0.9003021148036254,0.9218720185156098,-0.021569903711984417,0.8800969789414916,0.9174219047006038
polymarket,1d,24.0,<=6h,95,97.5,95-100,3261,3169,0.9717877951548605,0.9861688213974124,-0.014381026242551886,0.9655258476500879,0.9769394774670632
polymarket,1d,24.0,<=24h,0,2.5,0-5,27583,296,0.010731247507522749,0.009211018296074307,0.0015202292114484418,0.009581602529021847,0.012017158526683778
polymarket,1d,24.0,<=24h,5,7.5,5-10,4485,338,0.07536231884057971,0.06872680959515408,0.006635509245425636,0.06799479013678102,0.0834566667379726
polymarket,1d,24.0,<=24h,10,12.5,10-15,3282,337,0.10268129189518586,0.12092676915688566,-0.018245477261699797,0.09275651127368799,0.11353511276564489
polymarket,1d,24.0,<=24h,15,17.5,15-20,3041,511,0.16803682999013483,0.17094346309403263,-0.002906633103897799,0.15516814167933873,0.18174317745135105
polymarket,1d,24.0,<=24h,20,22.5,20-25,3500,766,0.21885714285714286,0.22069021118170976,-0.0018330683245668944,0.2054710981817824,0.23285967567511792
polymarket,1d,24.0,<=24h,25,27.5,25-30,4162,1123,0.2698222008649688,0.2712739141483233,-0.0014517132833545277,0.2565537865319506,0.2835151397565574
polymarket,1d,24.0,<=24h,30,32.5,30-35,3110,985,0.3167202572347267,0.3218235962333663,-0.005103338998639628,0.30060507323351965,0.3332876719851196
polymarket,1d,24.0,<=24h,35,37.5,35-40,2538,935,0.3684003152088258,0.37158037677887046,-0.0031800615700446344,0.34984549740718707,0.38735291810383454
polymarket,1d,24.0,<=24h,40,42.5,40-45,3053,1267,0.415001637733377,0.42246064074596396,-0.007459003012586951,0.3976409890890001,0.4325759249964402
polymarket,1d,24.0,<=24h,45,47.5,45-50,5278,2564,0.48579007199696855,0.47845875943073723,0.007331312566231318,0.4723213952259754,0.49927941915664453
polymarket,1d,24.0,<=24h,50,52.5,50-55,6658,3379,0.507509762691499,0.5141328299726385,-0.006623067281139594,0.4954999401524993,0.5195109241106197
polymarket,1d,24.0,<=24h,55,57.5,55-60,2291,1297,0.5661283282409428,0.5699856214380646,-0.0038572931971218027,0.5457396677111357,0.5862955891013606
polymarket,1d,24.0,<=24h,60,62.5,60-65,1785,1037,0.580952380952381,0.6207466813882218,-0.03979430043584076,0.5579128256891216,0.6036442400678467
polymarket,1d,24.0,<=24h,65,67.5,65-70,1491,973,0.6525821596244131,0.672457418810505,-0.019875259186091898,0.6280488056248292,0.6763312704982865
polymarket,1d,24.0,<=24h,70,72.5,70-75,1385,937,0.6765342960288808,0.7208640989521093,-0.04432980292322852,0.6514381105008479,0.7006538775271604
polymarket,1d,24.0,<=24h,75,77.5,75-80,1277,930,0.7282693813625685,0.7707470071974033,-0.04247762583483483,0.7032125177568866,0.7519569583125976
polymarket,1d,24.0,<=24h,80,82.5,80-85,1272,1009,0.7932389937106918,0.820327043536269,-0.02708804982557711,0.7701159503016202,0.8145961330792635
polymarket,1d,24.0,<=24h,85,87.5,85-90,972,809,0.8323045267489712,0.8726692297118704,-0.04036470296289929,0.8075192944408286,0.8544733896177318
polymarket,1d,24.0,<=24h,90,92.5,90-95,1223,1079,0.8822567457072772,0.922565307230702,-0.04030856152342477,0.8629846477936973,0.8991349281972048
polymarket,1d,24.0,<=24h,95,97.5,95-100,4515,4358,0.9652270210409746,0.986533175192782,-0.021306154151807477,0.9594752121375297,0.9701878236280966
polymarket,6h,6.0,all,0,2.5,0-5,62403,433,0.006938768969440572,0.005349212479462053,0.0015895564899785185,0.0063171314821239815,0.007621109545603338
polymarket,6h,6.0,all,5,7.5,5-10,5296,407,0.07685045317220544,0.06850003396980876,0.00835041920239668,0.06997954883956958,0.08433479897037252
polymarket,6h,6.0,all,10,12.5,10-15,4157,476,0.11450565311522733,0.12071678185512125,-0.00621112873989392,0.10517956135116797,0.12454357927499767
polymarket,6h,6.0,all,15,17.5,15-20,3891,639,0.16422513492675406,0.17119834475173812,-0.006973209824984061,0.15291635953933952,0.17619628011203942
polymarket,6h,6.0,all,20,22.5,20-25,4539,979,0.21568627450980393,0.22056860199954645,-0.004882327489742516,0.20396380953568566,0.22788959252878432
polymarket,6h,6.0,all,25,27.5,25-30,6065,1644,0.27106347897774113,0.2715987736100213,-0.0005352946322801921,0.2600238087702283,0.28239298457629775
polymarket,6h,6.0,all,30,32.5,30-35,4826,1485,0.30770824699544136,0.3215139843581148,-0.013805737362673431,0.29484350881281074,0.3208788784389782
polymarket,6h,6.0,all,35,37.5,35-40,3953,1468,0.37136352137617,0.37112062537951507,0.000242895996654946,0.35643287987002026,0.38654394285646965
polymarket,6h,6.0,all,40,42.5,40-45,6003,2484,0.41379310344827586,0.42337940151281955,-0.009586298064543697,0.40139293227147915,0.42630353969808304
polymarket,6h,6.0,all,45,47.5,45-50,15473,7422,0.4796742713113165,0.4801020667042591,-0.00042779539294257596,0.47180839002661606,0.48755024293891086
polymarket,6h,6.0,all,50,52.5,50-55,23359,11730,0.5021619076159082,0.5116872074829932,-0.009525299867085057,0.4957500589519984,0.5085730453060041
polymarket,6h,6.0,all,55,57.5,55-60,5119,2851,0.5569447157647978,0.5689718701817291,-0.012027154416931363,0.5432989174866628,0.5705051087787597
polymarket,6h,6.0,all,60,62.5,60-65,3232,1882,0.5823019801980198,0.620610978779613,-0.0383089985815932,0.5652110790241425,0.5991974630997983
polymarket,6h,6.0,all,65,67.5,65-70,2598,1690,0.6505003849114703,0.6720768147914699,-0.021576429879999526,0.6319552509698599,0.6686010934286614
polymarket,6h,6.0,all,70,72.5,70-75,2253,1536,0.681757656458056,0.7202344697925785,-0.038476813334522575,0.6622281612874219,0.700668375181952
polymarket,6h,6.0,all,75,77.5,75-80,2110,1575,0.7464454976303317,0.769368683567843,-0.022923185937511303,0.7274460274590608,0.7645492100270403
polymarket,6h,6.0,all,80,82.5,80-85,1928,1534,0.7956431535269709,0.8207922940895708,-0.02514914056259987,0.7770642147162028,0.8130462788149437
polymarket,6h,6.0,all,85,87.5,85-90,1495,1235,0.8260869565217391,0.8719289420899133,-0.045841985568174204,0.8060437754380246,0.8444585858521877
polymarket,6h,6.0,all,90,92.5,90-95,1843,1583,0.8589256646771568,0.9227805146387946,-0.06385484996163782,0.8422854496505556,0.8740726830664027
polymarket,6h,6.0,all,95,97.5,95-100,20912,20483,0.9794854628921194,0.9943300985570432,-0.014844635664923889,0.9774742861482761,0.9813205060249444
polymarket,6h,6.0,<=1h,0,2.5,0-5,13686,158,0.011544644161917288,0.009044368849168398,0.0025002753127488907,0.009886995969662044,0.013476429944630497
polymarket,6h,6.0,<=1h,5,7.5,5-10,2370,173,0.0729957805907173,0.0694022205366784,0.003593560054038908,0.06319947769014744,0.08417412971482854
polymarket,6h,6.0,<=1h,10,12.5,10-15,2163,265,0.12251502542764679,0.1208305813152666,0.0016844441123801956,0.10936240320259534,0.13700613614979668
polymarket,6h,6.0,<=1h,15,17.5,15-20,2062,330,0.1600387972841901,0.17154389807766943,-0.011505100793479328,0.14484769558422167,0.17649426984042654
polymarket,6h,6.0,<=1h,20,22.5,20-25,2415,531,0.21987577639751552,0.22068482929167563,-0.0008090528941601116,0.20380939300084677,0.23683194539849278
polymarket,6h,6.0,<=1h,25,27.5,25-30,3166,862,0.2722678458622868,0.27179190297075134,0.00047594289153546354,0.2570453231822976,0.2880423556468275
polymarket,6h,6.0,<=1h,30,32.5,30-35,2695,835,0.3098330241187384,0.3216015492647649,-0.011768525146026498,0.29265511289694485,0.327552312392483
polymarket,6h,6.0,<=1h,35,37.5,35-40,2291,859,0.3749454386730685,0.37113687386764554,0.003808564805422965,0.35534649258457385,0.3949630712650618
polymarket,6h,6.0,<=1h,40,42.5,40-45,3433,1437,0.41858432857558986,0.4234449698250091,-0.004860641249419262,0.4021816446883859,0.43516902052702566
polymarket,6h,6.0,<=1h,45,47.5,45-50,6230,2882,0.4626003210272873,0.4765771662156532,-0.013976845188365894,0.4502459348385075,0.47500080226177444
polymarket,6h,6.0,<=1h,50,52.5,50-55,9032,4463,0.4941319751992914,0.5135803162733386,-0.019448341074047137,0.48382558076860466,0.5044433592269791
polymarket,6h,6.0,<=1h,55,57.5,55-60,2973,1676,0.563740329633367,0.5695947077454704,-0.005854378112103431,0.5458426998781852,0.5814734462009342
polymarket,6h,6.0,<=1h,60,62.5,60-65,2017,1174,0.5820525532969757,0.6209955686431184,-0.03894301534614275,0.5603913815875826,0.6034017628132452
polymarket,6h,6.0,<=1h,65,67.5,65-70,1644,1089,0.6624087591240876,0.6727484017862299,-0.010339642662142268,0.6391943142575125,0.6848659594969551
polymarket,6h,6.0,<=1h,70,72.5,70-75,1368,941,0.6878654970760234,0.7200531688838241,-0.03218767180780069,0.6628134158472164,0.7118654100463854
polymarket,6h,6.0,<=1h,75,77.5,75-80,1285,968,0.7533073929961089,0.7694439468101817,-0.01613655381407275,0.729004921666277,0.7760998173489752
polymarket,6h,6.0,<=1h,80,82.5,80-85,1224,987,0.8063725490196079,0.8211197288571254,-0.014747179837517499,0.7832909749328899,0.827537001574829
polymarket,6h,6.0,<=1h,85,87.5,85-90,927,788,0.8500539374325782,0.8715916688332771,-0.021537731400698923,0.8256282652191855,0.8715902518733036
polymarket,6h,6.0,<=1h,90,92.5,90-95,1026,922,0.898635477582846,0.9219678747963254,-0.02333239721347935,0.878655165318557,0.9156417440313858
polymarket,6h,6.0,<=1h,95,97.5,95-100,3155,3062,0.9705229793977813,0.9868329697500725,-0.016309990352291193,0.9640246294963711,0.9758768837672253
polymarket,6h,6.0,<=6h,0,2.5,0-5,24928,259,0.01038992297817715,0.007927629678342726,0.0024622932998344237,0.00920442013346982,0.011726308064322032
polymarket,6h,6.0,<=6h,5,7.5,5-10,3596,245,0.06813125695216908,0.06941569523473096,-0.0012844382825618755,0.06034800298061209,0.07683625534897666
polymarket,6h,6.0,<=6h,10,12.5,10-15,3216,375,0.1166044776119403,0.12112000599299366,-0.00451552838105336,0.10596649599867516,0.12815731928466048
polymarket,6h,6.0,<=6h,15,17.5,15-20,3117,508,0.16297722168752005,0.17117003527106037,-0.00819281358354032,0.15042701338230788,0.17635714637767477
polymarket,6h,6.0,<=6h,20,22.5,20-25,3681,805,0.2186905732138006,0.2205032327830835,-0.0018126595692829206,0.20563394889841535,0.23233375098860282
polymarket,6h,6.0,<=6h,25,27.5,25-30,5005,1369,0.2735264735264735,0.27179581348909637,0.001730660037377152,0.2613537806821103,0.28604656034684134
polymarket,6h,6.0,<=6h,30,32.5,30-35,4059,1255,0.3091894555309189,0.3215502256269675,-0.012360770096048579,0.29515745859951925,0.3235822924161246
polymarket,6h,6.0,<=6h,35,37.5,35-40,3338,1227,0.36758538046734573,0.37112743747111715,-0.003542057003771415,0.351389694850439,0.38408549942567516
polymarket,6h,6.0,<=6h,40,42.5,40-45,5126,2123,0.41416309012875535,0.42344753189286394,-0.009284441764108586,0.4007475821063113,0.4277071600440115
polymarket,6h,6.0,<=6h,45,47.5,45-50,11487,5428,0.4725341690606773,0.478489317116781,-0.0059551480561036985,0.46341496223002954,0.48167174055769335
polymarket,6h,6.0,<=6h,50,52.5,50-55,18156,9116,0.5020929720202688,0.5120441597529118,-0.00995118773264303,0.4948203220780775,0.5093647364523891
polymarket,6h,6.0,<=6h,55,57.5,55-60,4438,2465,0.5554303740423614,0.5692531660105817,-0.013822791968220338,0.5407686872772134,0.5699961810602797
polymarket,6h,6.0,<=6h,60,62.5,60-65,2790,1616,0.5792114695340502,0.6207005269583346,-0.041489057424284326,0.5607957116040501,0.5974093920782777
polymarket,6h,6.0,<=6h,65,67.5,65-70,2195,1432,0.6523917995444192,0.6722143438380052,-0.019822544293585986,0.6322189505453041,0.6720321605852112
polymarket,6h,6.0,<=6h,70,72.5,70-75,1907,1310,0.6869428421604614,0.7202428722809079,-0.03330003012044647,0.6657706741306418,0.7073633417919757
polymarket,6h,6.0,<=6h,75,77.5,75-80,1772,1339,0.7556433408577878,0.7694973559282172,-0.013854015070429382,0.7350967337857199,0.7750839039468347
polymarket,6h,6.0,<=6h,80,82.5,80-85,1625,1303,0.8018461538461539,0.8208844223585701,-0.01903826851241619,0.7817630372607643,0.8205054706162448
polymarket,6h,6.0,<=6h,85,87.5,85-90,1220,1028,0.8426229508196721,0.8719087739691291,-0.029285823149457046,0.8211167628227308,0.8619781736461717
polymarket,6h,6.0,<=6h,90,92.5,90-95,1375,1223,0.8894545454545455,0.9221913931520048,-0.032736847697459326,0.8717826890065751,0.9049562779639603
polymarket,6h,6.0,<=6h,95,97.5,95-100,5300,5091,0.960566037735849,0.9880892691019477,-0.027523231366098688,0.9549839061919241,0.9654809885364553
polymarket,6h,6.0,<=24h,0,2.5,0-5,32957,333,0.010104075006827078,0.0072512856921119325,0.002852789314715145,0.009079971660826613,0.011242373506476397
polymarket,6h,6.0,<=24h,5,7.5,5-10,4269,309,0.07238229093464511,0.0690710643831075,0.0033112265515376077,0.06498765010651723,0.08054585153323464
polymarket,6h,6.0,<=24h,10,12.5,10-15,3619,426,0.11771207515888367,0.12095686047234518,-0.0032447853134615068,0.10761547498522683,0.12861941864081522
polymarket,6h,6.0,<=24h,15,17.5,15-20,3469,570,0.1643124819832805,0.1712721646080573,-0.0069596826247768084,0.1523536783599391,0.17701394957909503
polymarket,6h,6.0,<=24h,20,22.5,20-25,4117,892,0.21666261841146467,0.22070848898678075,-0.0040458705753160795,0.2043454633238792,0.22950804854126988
polymarket,6h,6.0,<=24h,25,27.5,25-30,5593,1520,0.2717682817807974,0.27166661661376695,0.00010166516703047357,0.26026871084365855,0.28358116334252526
polymarket,6h,6.0,<=24h,30,32.5,30-35,4465,1376,0.3081746920492721,0.32153092521111043,-0.013356233161838316,0.29480056412380806,0.32187862182003935
polymarket,6h,6.0,<=24h,35,37.5,35-40,3671,1366,0.3721056932715881,0.37112076942841943,0.0009849238431686724,0.35661046716428124,0.38786831526813703
polymarket,6h,6.0,<=24h,40,42.5,40-45,5630,2342,0.41598579040852574,0.4235206452999823,-0.007534854891456555,0.40317217511471026,0.4289139808041923
polymarket,6h,6.0,<=24h,45,47.5,45-50,14969,7181,0.4797247645133275,0.4802963153540231,-0.0005715508406956005,0.4717276321767673,0.4877323009330573
polymarket,6h,6.0,<=24h,50,52.5,50-55,22698,11434,0.5037448233324522,0.5116133806237925,-0.007868557291340283,0.4972401474102125,0.5102482318585425
polymarket,6h,6.0,<=24h,55,57.5,55-60,4853,2687,0.5536781372347002,0.5689907270988234,-0.015312589864123205,0.5396548200876906,0.5676165391429665
polymarket,6h,6.0,<=24h,60,62.5,60-65,3012,1741,0.5780212483399735,0.620577179363973,-0.04255593102399957,0.5602949658214913,0.5955487628411813
polymarket,6h,6.0,<=24h,65,67.5,65-70,2379,1544,0.6490121899957966,0.6720812544863837,-0.0230690644905871,0.6296066788337449,0.667937228407089
polymarket,6h,6.0,<=24h,70,72.5,70-75,2081,1421,0.6828447861604997,0.7200637586685924,-0.037218972508092696,0.6625286641249019,0.7024870761596357
polymarket,6h,6.0,<=24h,75,77.5,75-80,1926,1443,0.7492211838006231,0.7694183111642652,-0.020197127363642098,0.7293791947102424,0.7680709587116759
polymarket,6h,6.0,<=24h,80,82.5,80-85,1760,1400,0.7954545454545454,0.8208572572737048,-0.02540271181915943,0.7759753227574668,0.8136467838988224
polymarket,6h,6.0,<=24h,85,87.5,85-90,1319,1104,0.8369977255496588,0.8717494255937811,-0.03475170004412231,0.8160900713434592,0.8559480623227332
polymarket,6h,6.0,<=24h,90,92.5,90-95,1541,1349,0.8754055807916937,0.9224698808111377,-0.04706430001944395,0.8579765815991147,0.8909675172651315
polymarket,6h,6.0,<=24h,95,97.5,95-100,6799,6500,0.9560229445506692,0.9887457976067986,-0.03272285305612943,0.9508860553512615,0.9606447966973883
polymarket,1h,1.0,all,0,2.5,0-5,73746,399,0.005410462940362867,0.004904623710288525,0.0005058392300743416,0.004906161978456901,0.005966289847934548
polymarket,1h,1.0,all,5,7.5,5-10,5428,373,0.0687177597641857,0.06799050600172801,0.0007272537624576914,0.06228830599591994,0.07575725114992911
polymarket,1h,1.0,all,10,12.5,10-15,4338,436,0.10050714615029968,0.12034401255276742,-0.019836866402467734,0.09190994647700695,0.10981127707016253
polymarket,1h,1.0,all,15,17.5,15-20,3921,642,0.1637337413925019,0.17124618977613104,-0.007512448383629133,0.15248145521008705,0.17564429641260265
polymarket,1h,1.0,all,20,22.5,20-25,4533,980,0.21619236708581513,0.22047912608158515,-0.004286758995770024,0.20445172442220824,0.2284136416509648
polymarket,1h,1.0,all,25,27.5,25-30,6137,1687,0.27489001140622454,0.27149247805903487,0.003397533347189674,0.26386328167917394,0.28619839064925745
polymarket,1h,1.0,all,30,32.5,30-35,4880,1522,0.31188524590163935,0.32107768280641386,-0.009192436904774504,0.29903956179683183,0.3250268698417372
polymarket,1h,1.0,all,35,37.5,35-40,4151,1505,0.3625632377740304,0.37183402054142933,-0.009270782767398955,0.3480717163366661,0.3773089094855072
polymarket,1h,1.0,all,40,42.5,40-45,6789,2784,0.41007512152010606,0.424443379572091,-0.014368258051984939,0.39842924639312205,0.42182270825278045
polymarket,1h,1.0,all,45,47.5,45-50,24002,11502,0.4792100658278477,0.4779375396358622,0.0012725261919854791,0.4728937588918382,0.48553302669521664
polymarket,1h,1.0,all,50,52.5,50-55,41954,21094,0.5027887686513801,0.5115473110451202,-0.008758542393740076,0.4980042755886477,0.50757275104277
polymarket,1h,1.0,all,55,57.5,55-60,6975,3910,0.560573476702509,0.5661876461198186,-0.0056141694173096335,0.5488955060436042,0.5721847603432989
polymarket,1h,1.0,all,60,62.5,60-65,3315,1933,0.583107088989442,0.6204665664225936,-0.0373594774331516,0.5662361295593742,0.5997856534627503
polymarket,1h,1.0,all,65,67.5,65-70,2431,1601,0.6585767174002468,0.671993038655527,-0.01341632125528014,0.639489649396871,0.6771633928379913
polymarket,1h,1.0,all,70,72.5,70-75,2190,1516,0.6922374429223744,0.7196588380042425,-0.027421395081868027,0.6725831456806095,0.711218492505119
polymarket,1h,1.0,all,75,77.5,75-80,1978,1468,0.7421638018200202,0.7700569292412445,-0.027893127421224295,0.7224292420973685,0.7609595413452638
polymarket,1h,1.0,all,80,82.5,80-85,1988,1585,0.7972837022132797,0.8197996030652783,-0.022515900851998616,0.7790455566091119,0.8143751250354527
polymarket,1h,1.0,all,85,87.5,85-90,1556,1336,0.8586118251928021,0.8718195647617156,-0.013207739568913524,0.8404150622225472,0.8750421995917295
polymarket,1h,1.0,all,90,92.5,90-95,2045,1799,0.8797066014669926,0.9222933950058528,-0.04258679353886019,0.864890536542505,0.893098758481571
polymarket,1h,1.0,all,95,97.5,95-100,29943,29498,0.9851384296830645,0.9945258800634643,-0.009387450380399787,0.9837043387027907,0.98644805292705
polymarket,1h,1.0,<=1h,0,2.5,0-5,18886,152,0.008048289738430584,0.0075955881355997965,0.0004527016028307877,0.006870211493117466,0.00942646301155387
polymarket,1h,1.0,<=1h,5,7.5,5-10,2713,159,0.0586067084408404,0.06869420599760058,-0.01008749755676018,0.050376323003989545,0.06808534954990539
polymarket,1h,1.0,<=1h,10,12.5,10-15,2572,268,0.104199066874028,0.12073360828547602,-0.016534541411448028,0.09297590545057904,0.11660282019776827
polymarket,1h,1.0,<=1h,15,17.5,15-20,2417,418,0.17294166321886636,0.17122761153537625,0.0017140516834901198,0.15838598001012563,0.18853535511564226
polymarket,1h,1.0,<=1h,20,22.5,20-25,2860,616,0.2153846153846154,0.22056478013315245,-0.005180164748537053,0.20070529537669,0.23082751006897437
polymarket,1h,1.0,<=1h,25,27.5,25-30,3844,1060,0.2757544224765869,0.2717221303350459,0.004032292141540994,0.2618559784603838,0.290100630148453
polymarket,1h,1.0,<=1h,30,32.5,30-35,3115,1005,0.32263242375601925,0.3212037509909143,0.0014286727651049436,0.3064425743210886,0.3392592144456124
polymarket,1h,1.0,<=1h,35,37.5,35-40,2731,990,0.3625045770779934,0.37189072343569685,-0.009386146357703462,0.34467956451296006,0.38071586606700475
polymarket,1h,1.0,<=1h,40,42.5,40-45,4366,1806,0.4136509390746679,0.42450281296697445,-0.010851873892306574,0.39912445077335335,0.42832924915023196
polymarket,1h,1.0,<=1h,45,47.5,45-50,18088,8652,0.47832817337461303,0.47789245663843016,0.0004357167361828673,0.47105369599127644,0.48561185429742404
polymarket,1h,1.0,<=1h,50,52.5,50-55,33327,16742,0.5023554475350317,0.5112798036906269,-0.00892435615559517,0.4969873539137834,0.5077229981944574
polymarket,1h,1.0,<=1h,55,57.5,55-60,4736,2667,0.5631334459459459,0.565517195753052,-0.0023837498071060947,0.5489615494748137,0.5772030042098495
polymarket,1h,1.0,<=1h,60,62.5,60-65,2179,1271,0.5832950894905921,0.6203918972226535,-0.037096807732061476,0.5624654594251083,0.6038315361974785
polymarket,1h,1.0,<=1h,65,67.5,65-70,1583,1052,0.6645609602021478,0.6721969405727259,-0.00763598037057811,0.6409283929640575,0.6873967530366525
polymarket,1h,1.0,<=1h,70,72.5,70-75,1452,1013,0.6976584022038568,0.7195107767868428,-0.021852374582986056,0.6735388159620919,0.7207348467770414
polymarket,1h,1.0,<=1h,75,77.5,75-80,1341,981,0.7315436241610739,0.7705858774641158,-0.039042253303041896,0.707187753082813,0.7545766658643702
polymarket,1h,1.0,<=1h,80,82.5,80-85,1322,1065,0.8055975794251135,0.8198085328682012,-0.01421095344308776,0.783391732053136,0.8260325008265684
polymarket,1h,1.0,<=1h,85,87.5,85-90,1039,910,0.875842155919153,0.8713394426500786,0.0045027132690744764,0.854395206080391,0.8945200654239294
polymarket,1h,1.0,<=1h,90,92.5,90-95,1215,1105,0.9094650205761317,0.921143197143123,-0.011678176566991327,0.8920132791794484,0.92433562128473
polymarket,1h,1.0,<=1h,95,97.5,95-100,7584,7452,0.9825949367088608,0.9908019256146265,-0.008206988905765766,0.9793979428923486,0.9853032706912349
polymarket,1h,1.0,<=6h,0,2.5,0-5,35997,249,0.006917243103591966,0.0065509610133188245,0.0003662820902731413,0.006112076044591247,0.007827642520210305
polymarket,1h,1.0,<=6h,5,7.5,5-10,3942,254,0.06443429731100964,0.06859009586513312,-0.004155798554123485,0.05718569072035114,0.07253102167884908
polymarket,1h,1.0,<=6h,10,12.5,10-15,3578,363,0.1014533258803801,0.12063246184569607,-0.019179135965315966,0.09198358867956272,0.11177796236166704
polymarket,1h,1.0,<=6h,15,17.5,15-20,3298,524,0.15888417222559126,0.17145492696154108,-0.012570754735949818,0.14680531881560469,0.17175678301265992
polymarket,1h,1.0,<=6h,20,22.5,20-25,3898,851,0.21831708568496666,0.22062627973774654,-0.002309194052779878,0.2056292021229613,0.23155963711643787
polymarket,1h,1.0,<=6h,25,27.5,25-30,5354,1466,0.27381397086290626,0.2717475186582043,0.002066452204701974,0.2620348108584659,0.2859174839611496
polymarket,1h,1.0,<=6h,30,32.5,30-35,4286,1350,0.3149790013999067,0.32112992513964916,-0.006150923739742464,0.3012432738456995,0.329046105603649
polymarket,1h,1.0,<=6h,35,37.5,35-40,3662,1328,0.3626433642818132,0.3719155693346989,-0.009272205052885674,0.3472233889207018,0.37835122401401966
polymarket,1h,1.0,<=6h,40,42.5,40-45,6069,2488,0.40995221618058986,0.42465353783298887,-0.014701321652399013,0.39763903081178203,0.4223793276449905
polymarket,1h,1.0,<=6h,45,47.5,45-50,22597,10810,0.4783820861176262,0.47804250032623274,0.0003395857913934819,0.471873113661882,0.48489840762518377
polymarket,1h,1.0,<=6h,50,52.5,50-55,40202,20223,0.5030346748917964,0.5114224338402249,-0.00838775894842847,0.49814703429088825,0.5079217355766228
polymarket,1h,1.0,<=6h,55,57.5,55-60,6333,3544,0.5596084004421286,0.5659891170875982,-0.006380716645469686,0.5473491130987738,0.5717954146735473
polymarket,1h,1.0,<=6h,60,62.5,60-65,2934,1701,0.5797546012269938,0.6204272290121123,-0.04067262778511849,0.5618009424055255,0.5974996815627647
polymarket,1h,1.0,<=6h,65,67.5,65-70,2098,1396,0.665395614871306,0.6721338198633027,-0.006738204991996621,0.6449184520695581,0.6852681804530831
polymarket,1h,1.0,<=6h,70,72.5,70-75,1900,1324,0.6968421052631579,0.7195126291599077,-0.022670523896749728,0.6757947910319578,0.7170950376176527
polymarket,1h,1.0,<=6h,75,77.5,75-80,1718,1276,0.7427240977881258,0.7704672884369755,-0.02774319064884978,0.7215277032175169,0.7628374091133736
polymarket,1h,1.0,<=6h,80,82.5,80-85,1746,1393,0.797823596792669,0.8196983274396762,-0.02187473064700718,0.778340316921001,0.8159991935809783
polymarket,1h,1.0,<=6h,85,87.5,85-90,1323,1155,0.873015873015873,0.8716187335117845,0.0013971395040884849,0.8539877191540095,0.8898840436849007
polymarket,1h,1.0,<=6h,90,92.5,90-95,1663,1499,0.9013830426939267,0.9218532267587876,-0.020470184064860897,0.8861148174853816,0.9148011183779904
polymarket,1h,1.0,<=6h,95,97.5,95-100,14060,13818,0.9827880512091038,0.9921071277075529,-0.009319076498449097,0.9805025766487822,0.9848097744232037
polymarket,1h,1.0,<=24h,0,2.5,0-5,44287,314,0.0070901167385463,0.0061417755082987845,0.0009483412302475156,0.006350287823933324,0.007915451484122635
polymarket,1h,1.0,<=24h,5,7.5,5-10,4487,292,0.0650768887898373,0.06838487932067981,-0.0033079905308425056,0.05822505893159151,0.07267281108012301
polymarket,1h,1.0,<=24h,10,12.5,10-15,3854,397,0.1030098598858329,0.12054527691274722,-0.017535417026914316,0.09380486075322106,0.11300549662381587
polymarket,1h,1.0,<=24h,15,17.5,15-20,3568,583,0.1633968609865471,0.17135284942451004,-0.00795598843796294,0.15162820793842763,0.1758895632863658
polymarket,1h,1.0,<=24h,20,22.5,20-25,4167,912,0.21886249100071994,0.2206596975080867,-0.0017972065073667554,0.20657021171157508,0.23167265994291308
polymarket,1h,1.0,<=24h,25,27.5,25-30,5739,1569,0.2733925771040251,0.2715687032925743,0.0018238738114507713,0.26201564546079986,0.2850726809872081
polymarket,1h,1.0,<=24h,30,32.5,30-35,4581,1427,0.31150403841955904,0.3210896456208171,-0.009585607201258062,0.2982557501470737,0.3250682050360237
polymarket,1h,1.0,<=24h,35,37.5,35-40,3913,1426,0.3644262714030156,0.3718950239927339,-0.007468752589718297,0.34948648112038155,0.3796320004643729
polymarket,1h,1.0,<=24h,40,42.5,40-45,6468,2663,0.41171923314780456,0.4245972365487791,-0.012878003400974558,0.399781083314914,0.4237621875834343
polymarket,1h,1.0,<=24h,45,47.5,45-50,23648,11343,0.4796600135317997,0.47802878633020157,0.00163122720159814,0.4732963295637378,0.4860303048578287
polymarket,1h,1.0,<=24h,50,52.5,50-55,41559,20920,0.5033807358213624,0.5115029868237275,-0.008122251002365077,0.49857354054984526,0.5081873061387507
polymarket,1h,1.0,<=24h,55,57.5,55-60,6742,3760,0.5576980124592109,0.5660869193069018,-0.008388906847690891,0.545812963157561,0.5695173464067786
polymarket,1h,1.0,<=24h,60,62.5,60-65,3105,1798,0.5790660225442834,0.620410141876199,-0.04134411933191562,0.5616129181023983,0.5963237229924712
polymarket,1h,1.0,<=24h,65,67.5,65-70,2232,1469,0.6581541218637993,0.6720684732601956,-0.013914351396396296,0.6382191011187669,0.6775456650435586
polymarket,1h,1.0,<=24h,70,72.5,70-75,2037,1417,0.6956308296514482,0.719593280398419,-0.023962450746970787,0.6752954799431615,0.7152296837932107
polymarket,1h,1.0,<=24h,75,77.5,75-80,1813,1345,0.7418643132928847,0.7701884563796476,-0.0283241430867629,0.7212238219843115,0.7614819901239096
polymarket,1h,1.0,<=24h,80,82.5,80-85,1837,1463,0.7964071856287425,0.8197601978342939,-0.023353012205551416,0.7773833569031876,0.8141938868966048
polymarket,1h,1.0,<=24h,85,87.5,85-90,1396,1213,0.8689111747851003,0.8716641616992689,-0.002752986914168587,0.8501896063172274,0.8856079296325543
polymarket,1h,1.0,<=24h,90,92.5,90-95,1779,1589,0.8931984260820686,0.9220301699558685,-0.028831743873799942,0.8779890258496631,0.9067133279657292
polymarket,1h,1.0,<=24h,95,97.5,95-100,15852,15512,0.9785516023214736,0.9921590848123897,-0.013607482490916034,0.9761776570223649,0.98069365783739
