category_group,liquidity_quintile,liquidity_quintile_label,price_bucket_5c_floor,price_bucket_5c_mid,price_bucket_5c_label,market_count,wins,empirical_win_rate,avg_implied_probability,calibration_gap,empirical_win_rate_ci_low,empirical_win_rate_ci_high
Sports,1,Q1 Lowest,0,2.5,0-5,28288,371,0.013115101809954751,0.020618990384615385,-0.0075038885746606335,0.011853868065681351,0.014508558620604071
Sports,1,Q1 Lowest,5,7.5,5-10,23325,1022,0.043815648445873524,0.06934748124330117,-0.02553183279742765,0.04126308915789166,0.04651844903901563
Sports,1,Q1 Lowest,10,12.5,10-15,8177,643,0.07863519628225511,0.1198116668704904,-0.04117647058823529,0.07299685009480122,0.08466927560062845
Sports,1,Q1 Lowest,15,17.5,15-20,5484,637,0.1161560904449307,0.16776622902990518,-0.05161013858497447,0.10794310453260943,0.12490647334150413
Sports,1,Q1 Lowest,20,22.5,20-25,3616,618,0.1709070796460177,0.21949115044247786,-0.048584070796460155,0.15898846855534005,0.1835241982972648
Sports,1,Q1 Lowest,25,27.5,25-30,2606,580,0.22256331542594013,0.2687029930928626,-0.04613967766692248,0.2070073722933859,0.23893601369601664
Sports,1,Q1 Lowest,30,32.5,30-35,1833,439,0.23949809056192034,0.31737043098745227,-0.07787234042553193,0.2205179310460611,0.25956788582568224
Sports,1,Q1 Lowest,35,37.5,35-40,1557,449,0.28837508028259473,0.3677071290944124,-0.07933204881181766,0.2664158671910041,0.3113760112417594
Sports,1,Q1 Lowest,40,42.5,40-45,1168,410,0.351027397260274,0.419041095890411,-0.06801369863013701,0.32418356469483717,0.37884797130798104
Sports,1,Q1 Lowest,45,47.5,45-50,1219,448,0.3675143560295324,0.4676374077112387,-0.10012305168170627,0.3409043656527502,0.3949567630494465
Sports,1,Q1 Lowest,50,52.5,50-55,601,268,0.4459234608985025,0.5170549084858569,-0.0711314475873544,0.4066512895742221,0.4858825573040349
Sports,1,Q1 Lowest,55,57.5,55-60,347,162,0.4668587896253602,0.5678097982708934,-0.10095100864553319,0.415015134093162,0.5194282158402552
Sports,1,Q1 Lowest,60,62.5,60-65,223,111,0.4977578475336323,0.6205829596412556,-0.12282511210762337,0.43272887140710037,0.5628627661055957
Sports,1,Q1 Lowest,65,67.5,65-70,153,69,0.45098039215686275,0.6690196078431373,-0.21803921568627455,0.3742967741616633,0.5300653338504968
Sports,1,Q1 Lowest,70,72.5,70-75,77,46,0.5974025974025974,0.7212987012987013,-0.12389610389610395,0.48576649330491517,0.6997815413703016
Sports,1,Q1 Lowest,75,77.5,75-80,68,42,0.6176470588235294,0.7670588235294118,-0.14941176470588236,0.49880494200915176,0.7239072470289543
Sports,1,Q1 Lowest,80,82.5,80-85,51,39,0.7647058823529411,0.8154901960784313,-0.05078431372549019,0.632375118636542,0.8599518740113747
Sports,1,Q1 Lowest,85,87.5,85-90,45,36,0.8,0.865111111111111,-0.06511111111111101,0.6617674868607056,0.8910399559749099
Sports,1,Q1 Lowest,90,92.5,90-95,93,88,0.946236559139785,0.930752688172043,0.015483870967741953,0.8802500214822403,0.976819667577007
Sports,1,Q1 Lowest,95,97.5,95-100,1695,1676,0.9887905604719764,0.9872743362831858,0.0015162241887906047,0.9825583140187668,0.9928121972755175
Sports,2,Q2 Low-Mid,0,2.5,0-5,43088,478,0.011093575937616042,0.01913525807649462,-0.008041682138878577,0.010147257005201598,0.012127066030460916
Sports,2,Q2 Low-Mid,5,7.5,5-10,11544,481,0.041666666666666664,0.06673423423423423,-0.025067567567567568,0.038171280622961726,0.045466998585855956
Sports,2,Q2 Low-Mid,10,12.5,10-15,5101,444,0.08704175651832974,0.11804548127818075,-0.031003724759851012,0.0796131719687064,0.09509187666590743
Sports,2,Q2 Low-Mid,15,17.5,15-20,3486,419,0.12019506597819851,0.16903040734366037,-0.04883534136546186,0.10981584373103122,0.1314104629299932
Sports,2,Q2 Low-Mid,20,22.5,20-25,2926,486,0.16609706083390294,0.21711893369788107,-0.051021872863978135,0.15305139977955115,0.18001834706273548
Sports,2,Q2 Low-Mid,25,27.5,25-30,1936,427,0.22055785123966942,0.2699690082644628,-0.04941115702479337,0.2026516876862282,0.239570811305442
Sports,2,Q2 Low-Mid,30,32.5,30-35,1505,356,0.23654485049833887,0.31694352159468436,-0.08039867109634549,0.21576227149727203,0.25866897430082897
Sports,2,Q2 Low-Mid,35,37.5,35-40,1212,348,0.2871287128712871,0.3691914191419142,-0.08206270627062712,0.26236152959910586,0.3132410817936938
Sports,2,Q2 Low-Mid,40,42.5,40-45,948,324,0.34177215189873417,0.4205801687763713,-0.07880801687763711,0.31227183272313697,0.3725496753933395
Sports,2,Q2 Low-Mid,45,47.5,45-50,679,242,0.35640648011782033,0.46879234167893963,-0.1123858615611193,0.3212820660219689,0.39314658038738864
Sports,2,Q2 Low-Mid,50,52.5,50-55,517,209,0.40425531914893614,0.5175628626692457,-0.11330754352030953,0.36280912338207016,0.44711389351980557
Sports,2,Q2 Low-Mid,55,57.5,55-60,280,115,0.4107142857142857,0.5688214285714286,-0.1581071428571429,0.3546763708067004,0.469169041564143
Sports,2,Q2 Low-Mid,60,62.5,60-65,173,82,0.47398843930635837,0.6195375722543353,-0.1455491329479769,0.4009568271633665,0.5481501702851976
Sports,2,Q2 Low-Mid,65,67.5,65-70,146,80,0.547945205479452,0.6693835616438356,-0.12143835616438359,0.4670164917958918,0.6264155057268256
Sports,2,Q2 Low-Mid,70,72.5,70-75,74,45,0.6081081081081081,0.7212162162162162,-0.11310810810810812,0.4941931053499984,0.7113525155005493
Sports,2,Q2 Low-Mid,75,77.5,75-80,87,49,0.5632183908045977,0.7695402298850574,-0.20632183908045976,0.45851365231750213,0.6625762448221343
Sports,2,Q2 Low-Mid,80,82.5,80-85,72,50,0.6944444444444444,0.8184722222222223,-0.12402777777777785,0.5804553438658896,0.7887351795407894
Sports,2,Q2 Low-Mid,85,87.5,85-90,48,36,0.75,0.8666666666666667,-0.1166666666666667,0.6121535625207293,0.8507951119028996
Sports,2,Q2 Low-Mid,90,92.5,90-95,152,134,0.881578947368421,0.9304605263157895,-0.04888157894736844,0.8205787323018284,0.9237668082983707
Sports,2,Q2 Low-Mid,95,97.5,95-100,3637,3612,0.9931262029144899,0.9864366235908716,0.006689579323618355,0.9898720787854762,0.9953396920314688
Sports,3,Q3 Mid,0,2.5,0-5,40023,304,0.007595632511305999,0.012081053394298278,-0.004485420882992279,0.00679101598593757,0.008494766642487451
Sports,3,Q3 Mid,5,7.5,5-10,7033,288,0.040949808047774774,0.06848144461822836,-0.027531636570453585,0.03656328932414166,0.04583754232169217
Sports,3,Q3 Mid,10,12.5,10-15,3127,242,0.07739047009913655,0.11866005756315959,-0.04126958746402304,0.06853461542943601,0.0872834240395681
Sports,3,Q3 Mid,15,17.5,15-20,2260,277,0.12256637168141593,0.1678008849557522,-0.04523451327433628,0.10968259630918627,0.13673111037417884
Sports,3,Q3 Mid,20,22.5,20-25,1348,207,0.15356083086053413,0.21939910979228486,-0.06583827893175073,0.135301105160859,0.1737895456964604
Sports,3,Q3 Mid,25,27.5,25-30,1184,253,0.21368243243243243,0.26956925675675675,-0.05588682432432432,0.19127906591873456,0.23793775895084396
Sports,3,Q3 Mid,30,32.5,30-35,832,217,0.2608173076923077,0.3183894230769231,-0.057572115384615374,0.23212910694330396,0.29170411695940685
Sports,3,Q3 Mid,35,37.5,35-40,785,234,0.2980891719745223,0.3686751592356688,-0.07058598726114651,0.26713641340655103,0.3310085120132038
Sports,3,Q3 Mid,40,42.5,40-45,582,179,0.3075601374570447,0.41871134020618556,-0.11115120274914086,0.2714308360389498,0.34621325069029585
Sports,3,Q3 Mid,45,47.5,45-50,536,212,0.39552238805970147,0.4692723880597015,-0.07375000000000004,0.3550115810099873,0.43752015422494084
Sports,3,Q3 Mid,50,52.5,50-55,431,146,0.33874709976798145,0.5176798143851508,-0.1789327146171693,0.29566403226405813,0.38467933874736304
Sports,3,Q3 Mid,55,57.5,55-60,198,84,0.42424242424242425,0.5678787878787879,-0.14363636363636362,0.35748581888874453,0.49388277906133116
Sports,3,Q3 Mid,60,62.5,60-65,165,77,0.4666666666666667,0.6187878787878788,-0.1521212121212121,0.3921690859511836,0.5426810931515966
Sports,3,Q3 Mid,65,67.5,65-70,102,50,0.49019607843137253,0.6710784313725491,-0.18088235294117655,0.39531235331103515,0.5857914848773521
Sports,3,Q3 Mid,70,72.5,70-75,80,46,0.575,0.7184999999999999,-0.14349999999999996,0.46569091970838705,0.6774361198519266
Sports,3,Q3 Mid,75,77.5,75-80,95,61,0.6421052631578947,0.77,-0.12789473684210528,0.5419132697778168,0.7312510658865188
Sports,3,Q3 Mid,80,82.5,80-85,95,74,0.7789473684210526,0.818,-0.03905263157894734,0.685583903550731,0.8506275701607429
Sports,3,Q3 Mid,85,87.5,85-90,52,41,0.7884615384615384,0.8690384615384616,-0.08057692307692321,0.659676348640899,0.877557541505515
Sports,3,Q3 Mid,90,92.5,90-95,162,148,0.9135802469135802,0.929074074074074,-0.015493827160493856,0.8601749328363962,0.9478249899815215
Sports,3,Q3 Mid,95,97.5,95-100,4002,3955,0.988255872063968,0.9871739130434782,0.0010819590204897978,0.9844187198315701,0.9911565500443034
Sports,4,Q4 Mid-High,0,2.5,0-5,26272,119,0.004529537149817296,0.0098298568818514,-0.005300319732034105,0.003786820741363101,0.005417131835364261
Sports,4,Q4 Mid-High,5,7.5,5-10,2951,94,0.03185360894611996,0.06478481870552355,-0.03293120975940359,0.026101093937370853,0.03882340150766417
Sports,4,Q4 Mid-High,10,12.5,10-15,1405,82,0.058362989323843414,0.11782918149466193,-0.05946619217081851,0.047266620676533325,0.07186785121867476
Sports,4,Q4 Mid-High,15,17.5,15-20,839,83,0.09892729439809297,0.16852205005959475,-0.06959475566150178,0.08051584827535,0.12099485076940528
Sports,4,Q4 Mid-High,20,22.5,20-25,658,92,0.1398176291793313,0.21919452887537993,-0.07937689969604864,0.11540432445039152,0.16841222621671673
Sports,4,Q4 Mid-High,25,27.5,25-30,626,127,0.20287539936102236,0.269073482428115,-0.06619808306709266,0.173229008521958,0.2361463010796942
Sports,4,Q4 Mid-High,30,32.5,30-35,459,110,0.23965141612200436,0.31773420479302833,-0.07808278867102397,0.20286248075449576,0.28076215454189946
Sports,4,Q4 Mid-High,35,37.5,35-40,382,85,0.22251308900523561,0.3694240837696335,-0.14691099476439787,0.18368135491285598,0.26687037408681646
Sports,4,Q4 Mid-High,40,42.5,40-45,335,87,0.25970149253731345,0.418,-0.15829850746268653,0.21565918594001166,0.309192544189937
Sports,4,Q4 Mid-High,45,47.5,45-50,343,117,0.34110787172011664,0.47046647230320704,-0.1293586005830904,0.29294327733471714,0.39279222844082995
Sports,4,Q4 Mid-High,50,52.5,50-55,260,105,0.40384615384615385,0.5153461538461539,-0.11150000000000004,0.3460228280101389,0.4644695280095335
Sports,4,Q4 Mid-High,55,57.5,55-60,181,79,0.43646408839779005,0.5671823204419889,-0.13071823204419886,0.3662748072982408,0.5092943286538392
Sports,4,Q4 Mid-High,60,62.5,60-65,134,68,0.5074626865671642,0.6184328358208956,-0.11097014925373139,0.42379268371744927,0.5907167241826332
Sports,4,Q4 Mid-High,65,67.5,65-70,88,49,0.5568181818181818,0.6710227272727274,-0.11420454545454561,0.4528160324206779,0.6560670880824492
Sports,4,Q4 Mid-High,70,72.5,70-75,62,36,0.5806451612903226,0.7179032258064517,-0.1372580645161291,0.45665361737846166,0.6952260453271835
Sports,4,Q4 Mid-High,75,77.5,75-80,66,38,0.5757575757575758,0.7701515151515151,-0.19439393939393934,0.4556043708792928,0.6875767704462209
Sports,4,Q4 Mid-High,80,82.5,80-85,93,72,0.7741935483870968,0.8182795698924731,-0.04408602150537633,0.6793336026404615,0.8472995797935337
Sports,4,Q4 Mid-High,85,87.5,85-90,51,40,0.7843137254901961,0.8715686274509804,-0.08725490196078434,0.6537337712118703,0.8750618875581144
Sports,4,Q4 Mid-High,90,92.5,90-95,165,151,0.9151515151515152,0.9272727272727274,-0.0121212121212122,0.8626249447352786,0.9487864609846387
Sports,4,Q4 Mid-High,95,97.5,95-100,6302,6269,0.9947635671215487,0.9878673437004126,0.00689622342113605,0.9926554273693118,0.9962688741862489
Sports,5,Q5 Highest,0,2.5,0-5,20770,15,0.0007221954742416948,0.011139624458353394,-0.0104174289841117,0.00043772191949828813,0.0011913267972301577
Sports,5,Q5 Highest,5,7.5,5-10,904,9,0.00995575221238938,0.06449115044247787,-0.05453539823008849,0.005246406424648923,0.018812416171715904
Sports,5,Q5 Highest,10,12.5,10-15,407,16,0.03931203931203931,0.11604422604422604,-0.07673218673218674,0.024340332969034175,0.06289912866289403
Sports,5,Q5 Highest,15,17.5,15-20,251,20,0.0796812749003984,0.16776892430278884,-0.08808764940239043,0.05217080439622401,0.11986390265317454
Sports,5,Q5 Highest,20,22.5,20-25,182,16,0.08791208791208792,0.21846153846153846,-0.13054945054945055,0.05483643240416924,0.13802458472009144
Sports,5,Q5 Highest,25,27.5,25-30,135,24,0.17777777777777778,0.2685185185185185,-0.0907407407407407,0.12247545696005419,0.25091119372677173
Sports,5,Q5 Highest,30,32.5,30-35,130,22,0.16923076923076924,0.3161538461538462,-0.14692307692307693,0.11449479772228963,0.24295460515394615
Sports,5,Q5 Highest,35,37.5,35-40,118,23,0.19491525423728814,0.37313559322033896,-0.1782203389830508,0.13353979782234554,0.27552902596197765
Sports,5,Q5 Highest,40,42.5,40-45,73,15,0.2054794520547945,0.41602739726027393,-0.21054794520547943,0.1286685959377339,0.3117386834525963
Sports,5,Q5 Highest,45,47.5,45-50,74,16,0.21621621621621623,0.47216216216216217,-0.25594594594594594,0.13770335267426506,0.32273939259304707
Sports,5,Q5 Highest,50,52.5,50-55,75,21,0.28,0.5133333333333333,-0.23333333333333328,0.19103020085378442,0.3904090393442836
Sports,5,Q5 Highest,55,57.5,55-60,59,17,0.288135593220339,0.5688135593220339,-0.28067796610169493,0.1883634728582083,0.4138108829825087
Sports,5,Q5 Highest,60,62.5,60-65,42,26,0.6190476190476191,0.6223809523809524,-0.0033333333333332993,0.46813768219996377,0.7500047910121407
Sports,5,Q5 Highest,65,67.5,65-70,31,12,0.3870967741935484,0.6677419354838711,-0.2806451612903227,0.23732875351271562,0.5617619885886803
Sports,5,Q5 Highest,70,72.5,70-75,20,10,0.5,0.7204999999999999,-0.22049999999999992,0.2992949144298199,0.7007050855701801
Sports,5,Q5 Highest,75,77.5,75-80,45,28,0.6222222222222222,0.7702222222222223,-0.14800000000000002,0.4762967000646754,0.7489211470165014
Sports,5,Q5 Highest,80,82.5,80-85,32,25,0.78125,0.81375,-0.03249999999999997,0.6124466920955516,0.8897630306846815
Sports,5,Q5 Highest,85,87.5,85-90,35,26,0.7428571428571429,0.8731428571428572,-0.13028571428571434,0.5793037572935127,0.8583713127344985
Sports,5,Q5 Highest,90,92.5,90-95,103,92,0.8932038834951457,0.9207766990291262,-0.0275728155339805,0.8188183774260698,0.9393132866448541
Sports,5,Q5 Highest,95,97.5,95-100,14968,14952,0.9989310529128808,0.9894702030999466,0.009460849812934158,0.9982641682313212,0.9993418978120171
Crypto,1,Q1 Lowest,0,2.5,0-5,4117,10,0.002428953121204761,0.020247753218362887,-0.017818800097158125,0.0013199053932626355,0.004465708885141077
Crypto,1,Q1 Lowest,5,7.5,5-10,2167,14,0.006460544531610522,0.0665343793262575,-0.06007383479464698,0.003852298972424924,0.010815560718489419
Crypto,1,Q1 Lowest,10,12.5,10-15,1016,17,0.01673228346456693,0.11657480314960629,-0.09984251968503936,0.010472622082512486,0.02663274800633269
Crypto,1,Q1 Lowest,15,17.5,15-20,620,20,0.03225806451612903,0.16948387096774195,-0.13722580645161292,0.020977446652113423,0.04929936720576331
Crypto,1,Q1 Lowest,20,22.5,20-25,460,40,0.08695652173913043,0.21441304347826087,-0.12745652173913044,0.06450727777591138,0.11624753162453912
Crypto,1,Q1 Lowest,25,27.5,25-30,352,16,0.045454545454545456,0.2683238636363636,-0.22286931818181815,0.028169529274600588,0.07255393869541753
Crypto,1,Q1 Lowest,30,32.5,30-35,243,32,0.13168724279835392,0.3151851851851852,-0.18349794238683126,0.09484676530512468,0.17999183564382396
Crypto,1,Q1 Lowest,35,37.5,35-40,190,38,0.2,0.37094736842105264,-0.17094736842105263,0.14932155946000866,0.26256938654951667
Crypto,1,Q1 Lowest,40,42.5,40-45,190,54,0.28421052631578947,0.4155789473684211,-0.13136842105263163,0.22484739434515574,0.35212679488976584
Crypto,1,Q1 Lowest,45,47.5,45-50,143,44,0.3076923076923077,0.4702097902097902,-0.1625174825174825,0.237902379952512,0.387544359935912
Crypto,1,Q1 Lowest,50,52.5,50-55,164,82,0.5,0.5160365853658536,-0.016036585365853617,0.4243556892194609,0.5756443107805391
Crypto,1,Q1 Lowest,55,57.5,55-60,130,65,0.5,0.5723846153846154,-0.07238461538461538,0.41529081256565625,0.5847091874343437
Crypto,1,Q1 Lowest,60,62.5,60-65,124,86,0.6935483870967742,0.6174193548387097,0.07612903225806456,0.6076039366067905,0.7678607008821021
Crypto,1,Q1 Lowest,65,67.5,65-70,139,100,0.7194244604316546,0.6700719424460432,0.049352517985611466,0.6396078607127861,0.7874386019423506
Crypto,1,Q1 Lowest,70,72.5,70-75,180,144,0.8,0.7172222222222223,0.08277777777777773,0.7355701522001451,0.8518920979108201
Crypto,1,Q1 Lowest,75,77.5,75-80,181,143,0.7900552486187845,0.7699447513812154,0.02011049723756908,0.7250048831642227,0.8430490614023683
Crypto,1,Q1 Lowest,80,82.5,80-85,263,237,0.9011406844106464,0.8186311787072243,0.08250950570342208,0.8590905124357491,0.9316407678443872
Crypto,1,Q1 Lowest,85,87.5,85-90,347,330,0.9510086455331412,0.8706340057636888,0.08037463976945247,0.9229499969032167,0.9691905018289748
Crypto,1,Q1 Lowest,90,92.5,90-95,803,787,0.9800747198007472,0.9223910336239104,0.057683686176836835,0.9678791402194692,0.9876987575983925
Crypto,1,Q1 Lowest,95,97.5,95-100,2217,2174,0.9806044203879116,0.9765042850699143,0.004100135317997355,0.9739773181176565,0.9855688287124462
Crypto,2,Q2 Low-Mid,0,2.5,0-5,4128,29,0.007025193798449613,0.02030765503875969,-0.013282461240310078,0.004895895304397622,0.010071183782080429
Crypto,2,Q2 Low-Mid,5,7.5,5-10,2261,21,0.009287925696594427,0.06693940734188412,-0.0576514816452897,0.006082872546678553,0.01415765994795595
Crypto,2,Q2 Low-Mid,10,12.5,10-15,1285,42,0.03268482490272374,0.11671595330739298,-0.08403112840466925,0.024270677174129195,0.04388478894366216
Crypto,2,Q2 Low-Mid,15,17.5,15-20,742,15,0.02021563342318059,0.16834231805929917,-0.14812668463611858,0.01228846618291522,0.03308524319451826
Crypto,2,Q2 Low-Mid,20,22.5,20-25,575,30,0.05217391304347826,0.21655652173913043,-0.16438260869565216,0.03678761931629887,0.07350438457561213
Crypto,2,Q2 Low-Mid,25,27.5,25-30,444,31,0.06981981981981981,0.2702027027027027,-0.20038288288288286,0.049620229461212,0.09739960969620434
Crypto,2,Q2 Low-Mid,30,32.5,30-35,333,37,0.1111111111111111,0.3131231231231231,-0.20201201201201202,0.08169267758404442,0.14939991905485053
Crypto,2,Q2 Low-Mid,35,37.5,35-40,225,36,0.16,0.3690222222222222,-0.2090222222222222,0.11786653137651733,0.2135487357777064
Crypto,2,Q2 Low-Mid,40,42.5,40-45,191,40,0.2094240837696335,0.4180628272251309,-0.20863874345549738,0.15773195758275677,0.2725745067451896
Crypto,2,Q2 Low-Mid,45,47.5,45-50,153,41,0.2679738562091503,0.471437908496732,-0.2034640522875817,0.2041081712038303,0.3432058067203939
Crypto,2,Q2 Low-Mid,50,52.5,50-55,205,92,0.44878048780487806,0.5138536585365854,-0.06507317073170732,0.38225910972206134,0.5171862115166191
Crypto,2,Q2 Low-Mid,55,57.5,55-60,166,85,0.5120481927710844,0.5710240963855422,-0.058975903614457814,0.43659940817854326,0.5869519479085402
Crypto,2,Q2 Low-Mid,60,62.5,60-65,176,118,0.6704545454545454,0.6168181818181818,0.05363636363636359,0.5980175808980439,0.7356093441293134
Crypto,2,Q2 Low-Mid,65,67.5,65-70,165,112,0.6787878787878788,0.6704242424242425,0.008363636363636351,0.60416908865273,0.7452708597959936
Crypto,2,Q2 Low-Mid,70,72.5,70-75,210,173,0.8238095238095238,0.7161904761904762,0.10761904761904761,0.7665981387829615,0.8693866275113422
Crypto,2,Q2 Low-Mid,75,77.5,75-80,248,213,0.8588709677419355,0.7711693548387096,0.08770161290322587,0.8100500736607826,0.8967434028736739
Crypto,2,Q2 Low-Mid,80,82.5,80-85,321,302,0.940809968847352,0.8197196261682242,0.12109034267912777,0.9094104856968339,0.9617833515456868
Crypto,2,Q2 Low-Mid,85,87.5,85-90,471,440,0.9341825902335457,0.8708067940552017,0.06337579617834399,0.9080917730068381,0.9532480927505009
Crypto,2,Q2 Low-Mid,90,92.5,90-95,894,874,0.9776286353467561,0.9225167785234899,0.05511185682326625,0.9656978637667132,0.9854721421675184
Crypto,2,Q2 Low-Mid,95,97.5,95-100,2712,2668,0.9837758112094396,0.9759255162241888,0.007850294985250805,0.978290949803188,0.9878920558625328
Crypto,3,Q3 Mid,0,2.5,0-5,6138,36,0.005865102639296188,0.020197132616487458,-0.01433202997719127,0.0042396162878883875,0.008108732129302965
Crypto,3,Q3 Mid,5,7.5,5-10,3450,19,0.0055072463768115944,0.06653623188405797,-0.06102898550724637,0.0035285573598586527,0.008585953045019207
Crypto,3,Q3 Mid,10,12.5,10-15,1914,40,0.02089864158829676,0.11658307210031348,-0.09568443051201672,0.015384691910839209,0.028331952884017672
Crypto,3,Q3 Mid,15,17.5,15-20,1077,22,0.02042711234911792,0.16765088207985143,-0.1472237697307335,0.01352781999182571,0.030735465211112437
Crypto,3,Q3 Mid,20,22.5,20-25,705,37,0.0524822695035461,0.21513475177304964,-0.16265248226950355,0.0383128890467033,0.07150233624481457
Crypto,3,Q3 Mid,25,27.5,25-30,522,26,0.04980842911877394,0.2689272030651341,-0.21911877394636017,0.03421418493648755,0.07198053225591411
Crypto,3,Q3 Mid,30,32.5,30-35,372,44,0.11827956989247312,0.31739247311827956,-0.19911290322580644,0.08929964703844004,0.1550628716396414
Crypto,3,Q3 Mid,35,37.5,35-40,255,45,0.17647058823529413,0.37,-0.19352941176470587,0.1345822805982291,0.22796222538535313
Crypto,3,Q3 Mid,40,42.5,40-45,218,51,0.23394495412844038,0.4157339449541284,-0.18178899082568803,0.18265350896249882,0.29445087542708376
Crypto,3,Q3 Mid,45,47.5,45-50,182,56,0.3076923076923077,0.47357142857142853,-0.16587912087912082,0.24519072560612903,0.3781444157185259
Crypto,3,Q3 Mid,50,52.5,50-55,185,73,0.3945945945945946,0.5167567567567568,-0.12216216216216219,0.32699414022643614,0.4664835680751246
Crypto,3,Q3 Mid,55,57.5,55-60,172,88,0.5116279069767442,0.5718023255813953,-0.060174418604651114,0.43748988006104583,0.5852578656373555
Crypto,3,Q3 Mid,60,62.5,60-65,168,103,0.6130952380952381,0.6174404761904762,-0.004345238095238013,0.5377018476937788,0.6834320337412173
Crypto,3,Q3 Mid,65,67.5,65-70,186,142,0.7634408602150538,0.6716666666666667,0.091774193548387,0.6974223122905653,0.8187975257217567
Crypto,3,Q3 Mid,70,72.5,70-75,261,218,0.8352490421455939,0.7173180076628353,0.11793103448275866,0.7854451959642924,0.8753271298334676
Crypto,3,Q3 Mid,75,77.5,75-80,285,241,0.8456140350877193,0.7716491228070176,0.07396491228070168,0.7990952905236476,0.8829394302367969
Crypto,3,Q3 Mid,80,82.5,80-85,402,375,0.9328358208955224,0.8199751243781094,0.11286069651741304,0.9040436351949256,0.9534337648547492
Crypto,3,Q3 Mid,85,87.5,85-90,621,582,0.9371980676328503,0.8710305958132045,0.06616747181964577,0.9152984053551602,0.9537218391356038
Crypto,3,Q3 Mid,90,92.5,90-95,1272,1245,0.9787735849056604,0.9221305031446541,0.0566430817610063,0.969292393828163,0.9853715707266846
Crypto,3,Q3 Mid,95,97.5,95-100,4635,4584,0.9889967637540453,0.9772750809061489,0.01172168284789643,0.985562628628419,0.9916209854876569
Crypto,4,Q4 Mid-High,0,2.5,0-5,10903,49,0.004494175914885812,0.019365312299367145,-0.014871136384481332,0.0034013111969552253,0.005936094051508273
Crypto,4,Q4 Mid-High,5,7.5,5-10,4342,39,0.008982035928143712,0.06536619069553201,-0.0563841547673883,0.00657760629312993,0.012254557308967302
Crypto,4,Q4 Mid-High,10,12.5,10-15,2117,33,0.015588096362777516,0.11740670760510157,-0.10181861124232405,0.011120881409956337,0.021810196516844037
Crypto,4,Q4 Mid-High,15,17.5,15-20,1213,38,0.031327287716405604,0.16796372629843365,-0.13663643858202804,0.02290780874695754,0.042705990123824006
Crypto,4,Q4 Mid-High,20,22.5,20-25,834,37,0.04436450839328537,0.21817745803357316,-0.1738129496402878,0.032355549901206634,0.06055174904408327
Crypto,4,Q4 Mid-High,25,27.5,25-30,592,44,0.07432432432432433,0.26875,-0.19442567567567565,0.0558294229863587,0.09830818674079028
Crypto,4,Q4 Mid-High,30,32.5,30-35,401,39,0.09725685785536159,0.31805486284289275,-0.22079800498753116,0.07196269493053187,0.13019439564514015
Crypto,4,Q4 Mid-High,35,37.5,35-40,295,49,0.16610169491525423,0.36847457627118646,-0.20237288135593223,0.12797944410028783,0.21280845156082495
Crypto,4,Q4 Mid-High,40,42.5,40-45,247,59,0.2388663967611336,0.4166801619433198,-0.1778137651821862,0.1899470575740478,0.2957841767985603
Crypto,4,Q4 Mid-High,45,47.5,45-50,200,62,0.31,0.47090000000000004,-0.16090000000000004,0.24998842733633997,0.377173054912622
Crypto,4,Q4 Mid-High,50,52.5,50-55,220,102,0.4636363636363636,0.5155909090909091,-0.051954545454545475,0.39892875099436065,0.5295921316297806
Crypto,4,Q4 Mid-High,55,57.5,55-60,201,108,0.5373134328358209,0.5713930348258707,-0.03407960199004978,0.46832837702684244,0.6048989361751634
Crypto,4,Q4 Mid-High,60,62.5,60-65,197,123,0.6243654822335025,0.617005076142132,0.007360406091370564,0.5549665660758544,0.6890067940248418
Crypto,4,Q4 Mid-High,65,67.5,65-70,239,171,0.7154811715481172,0.6721338912133891,0.04334728033472812,0.6552222934259359,0.7689224988995965
Crypto,4,Q4 Mid-High,70,72.5,70-75,267,224,0.8389513108614233,0.7180524344569288,0.12089887640449448,0.790103509034687,0.8781837850885202
Crypto,4,Q4 Mid-High,75,77.5,75-80,375,341,0.9093333333333333,0.7703733333333334,0.13895999999999997,0.8759718245354594,0.9343932462487418
Crypto,4,Q4 Mid-High,80,82.5,80-85,451,412,0.9135254988913526,0.8186031042128603,0.09492239467849228,0.8839674429354095,0.936098267852698
Crypto,4,Q4 Mid-High,85,87.5,85-90,762,724,0.9501312335958005,0.8713385826771654,0.07879265091863519,0.9322920765144215,0.9634545112917253
Crypto,4,Q4 Mid-High,90,92.5,90-95,1685,1620,0.9614243323442137,0.9232047477744807,0.038219584569732956,0.9511300251928463,0.9696194400027056
Crypto,4,Q4 Mid-High,95,97.5,95-100,8428,8356,0.9914570479354533,0.9784705742762222,0.012986473659231113,0.9892559906762116,0.9932102833581583
Crypto,5,Q5 Highest,0,2.5,0-5,12165,39,0.0032059186189889025,0.01575750102753802,-0.012551582408549119,0.0023461730067410773,0.004379331580318384
Crypto,5,Q5 Highest,5,7.5,5-10,1991,39,0.019588146659969864,0.0633199397287795,-0.043731793068809637,0.01436194868439815,0.02666466716319596
Crypto,5,Q5 Highest,10,12.5,10-15,705,20,0.028368794326241134,0.11524822695035461,-0.08687943262411348,0.018438121198093904,0.04341152193797485
Crypto,5,Q5 Highest,15,17.5,15-20,385,19,0.04935064935064935,0.16862337662337662,-0.11927272727272727,0.03181821993641079,0.07578755063957696
Crypto,5,Q5 Highest,20,22.5,20-25,317,12,0.03785488958990536,0.21662460567823344,-0.1787697160883281,0.021784741956740367,0.064992035119549
Crypto,5,Q5 Highest,25,27.5,25-30,241,26,0.1078838174273859,0.2682572614107884,-0.16037344398340247,0.07469220817077807,0.15338014554689083
Crypto,5,Q5 Highest,30,32.5,30-35,160,22,0.1375,0.3184375,-0.18093749999999997,0.09258687095890995,0.19941223061236374
Crypto,5,Q5 Highest,35,37.5,35-40,112,19,0.16964285714285715,0.36892857142857144,-0.1992857142857143,0.11137815153115602,0.24981851702314575
Crypto,5,Q5 Highest,40,42.5,40-45,124,32,0.25806451612903225,0.41782258064516126,-0.159758064516129,0.18913496820248343,0.3415342349364009
Crypto,5,Q5 Highest,45,47.5,45-50,107,34,0.3177570093457944,0.4690654205607477,-0.1513084112149533,0.23716287314844187,0.41098367110930967
Crypto,5,Q5 Highest,50,52.5,50-55,128,69,0.5390625,0.51546875,0.02359374999999997,0.4528282722913874,0.6230203217790728
Crypto,5,Q5 Highest,55,57.5,55-60,89,53,0.5955056179775281,0.5703370786516854,0.02516853932584273,0.491640345784806,0.6914672266827087
Crypto,5,Q5 Highest,60,62.5,60-65,123,69,0.5609756097560976,0.6172357723577236,-0.05626016260162603,0.4727433780611214,0.645514354417813
Crypto,5,Q5 Highest,65,67.5,65-70,134,107,0.7985074626865671,0.6696268656716419,0.12888059701492527,0.7227103544567159,0.8576659615465805
Crypto,5,Q5 Highest,70,72.5,70-75,155,128,0.8258064516129032,0.7207096774193549,0.10509677419354835,0.7584194837210603,0.8774340961975504
Crypto,5,Q5 Highest,75,77.5,75-80,191,171,0.8952879581151832,0.7679581151832461,0.12732984293193716,0.8438008225172594,0.9311876809645433
Crypto,5,Q5 Highest,80,82.5,80-85,207,191,0.9227053140096618,0.819951690821256,0.10275362318840586,0.8781416570431886,0.9518653245012505
Crypto,5,Q5 Highest,85,87.5,85-90,353,334,0.9461756373937678,0.8711331444759207,0.07504249291784704,0.9174697343651192,0.9652748783706158
Crypto,5,Q5 Highest,90,92.5,90-95,930,869,0.9344086021505377,0.9238494623655914,0.01055913978494627,0.9166427365588129,0.9486003624849652
Crypto,5,Q5 Highest,95,97.5,95-100,10657,10615,0.996058928403866,0.9825842169466078,0.013474711457258204,0.9946774664379467,0.9970828838893668
Finance,1,Q1 Lowest,0,2.5,0-5,2267,20,0.00882223202470225,0.01937362152624614,-0.010551389501543891,0.005718264537733769,0.013588057840718343
Finance,1,Q1 Lowest,5,7.5,5-10,1111,10,0.009000900090009001,0.06611161116111611,-0.05711071107110711,0.004896324197831722,0.016489314802363465
Finance,1,Q1 Lowest,10,12.5,10-15,627,15,0.023923444976076555,0.11610845295055822,-0.09218500797448166,0.014550461027433254,0.03909470124468069
Finance,1,Q1 Lowest,15,17.5,15-20,324,15,0.046296296296296294,0.1678703703703704,-0.1215740740740741,0.028253742909008693,0.07497171719123483
Finance,1,Q1 Lowest,20,22.5,20-25,261,14,0.05363984674329502,0.21773946360153257,-0.16409961685823754,0.032217366582072055,0.08801147964148195
Finance,1,Q1 Lowest,25,27.5,25-30,169,16,0.09467455621301775,0.26550295857988165,-0.17082840236686392,0.05911669225857488,0.14825005278428513
Finance,1,Q1 Lowest,30,32.5,30-35,151,22,0.1456953642384106,0.31801324503311257,-0.17231788079470198,0.09822453699588263,0.21074669554111003
Finance,1,Q1 Lowest,35,37.5,35-40,126,27,0.21428571428571427,0.36777777777777776,-0.15349206349206349,0.1516552400686685,0.2938229425784954
Finance,1,Q1 Lowest,40,42.5,40-45,129,38,0.29457364341085274,0.41968992248062015,-0.1251162790697674,0.22276735085325064,0.37826124259940286
Finance,1,Q1 Lowest,45,47.5,45-50,127,49,0.3858267716535433,0.4683464566929134,-0.08251968503937013,0.30570036651903987,0.47265758691473037
Finance,1,Q1 Lowest,50,52.5,50-55,177,86,0.4858757062146893,0.5144632768361582,-0.02858757062146894,0.41332949041373757,0.559022003932696
Finance,1,Q1 Lowest,55,57.5,55-60,108,63,0.5833333333333334,0.5680555555555555,0.015277777777777835,0.4890553835837118,0.6718865199655938
Finance,1,Q1 Lowest,60,62.5,60-65,122,97,0.7950819672131147,0.6172950819672132,0.17778688524590158,0.7149764563988796,0.8571713866037523
Finance,1,Q1 Lowest,65,67.5,65-70,128,104,0.8125,0.66984375,0.14265625000000004,0.7361492727731167,0.8706394797905659
Finance,1,Q1 Lowest,70,72.5,70-75,153,143,0.934640522875817,0.7191503267973856,0.21549019607843145,0.8838750316167153,0.9641142773421324
Finance,1,Q1 Lowest,75,77.5,75-80,180,159,0.8833333333333333,0.7686111111111111,0.11472222222222217,0.8282312959914844,0.9224149124836376
Finance,1,Q1 Lowest,80,82.5,80-85,199,185,0.9296482412060302,0.8178894472361808,0.11175879396984933,0.885388291795443,0.9576340468175437
Finance,1,Q1 Lowest,85,87.5,85-90,317,298,0.9400630914826499,0.8717350157728707,0.06832807570977917,0.908291076228899,0.9612969073742247
Finance,1,Q1 Lowest,90,92.5,90-95,531,522,0.9830508474576272,0.9212806026365348,0.06177024482109239,0.9681045194245199,0.9910579690580514
Finance,1,Q1 Lowest,95,97.5,95-100,1473,1456,0.988458927359131,0.9757026476578412,0.012756279701289785,0.9815946885715479,0.9927819812080683
Finance,2,Q2 Low-Mid,0,2.5,0-5,2353,16,0.006799830004249894,0.020760730981725456,-0.013960900977475562,0.004189870918870369,0.011017599960801816
Finance,2,Q2 Low-Mid,5,7.5,5-10,1070,21,0.019626168224299065,0.06582242990654205,-0.04619626168224299,0.012871974549504107,0.029817375537138095
Finance,2,Q2 Low-Mid,10,12.5,10-15,555,7,0.012612612612612612,0.11695495495495495,-0.10434234234234234,0.006122615757125301,0.025803425539728763
Finance,2,Q2 Low-Mid,15,17.5,15-20,355,14,0.03943661971830986,0.16692957746478876,-0.1274929577464789,0.023634336229530855,0.06510008029296822
Finance,2,Q2 Low-Mid,20,22.5,20-25,255,31,0.12156862745098039,0.2163921568627451,-0.09482352941176471,0.08697983127100087,0.16739040906131045
Finance,2,Q2 Low-Mid,25,27.5,25-30,214,26,0.12149532710280374,0.26710280373831774,-0.145607476635514,0.08427493466277203,0.1720654521136747
Finance,2,Q2 Low-Mid,30,32.5,30-35,165,39,0.23636363636363636,0.3190909090909091,-0.08272727272727273,0.17799789607568772,0.3067262477372114
Finance,2,Q2 Low-Mid,35,37.5,35-40,146,37,0.2534246575342466,0.3680821917808219,-0.11465753424657532,0.18981318912677853,0.3296793950421039
Finance,2,Q2 Low-Mid,40,42.5,40-45,117,26,0.2222222222222222,0.418974358974359,-0.19675213675213676,0.15640294212046035,0.30570282278169253
Finance,2,Q2 Low-Mid,45,47.5,45-50,143,60,0.4195804195804196,0.4681818181818182,-0.048601398601398615,0.34183688468115886,0.5015317519994549
Finance,2,Q2 Low-Mid,50,52.5,50-55,125,59,0.472,0.51392,-0.04192000000000007,0.38662908900238147,0.559040632578226
Finance,2,Q2 Low-Mid,55,57.5,55-60,106,67,0.6320754716981132,0.5704716981132075,0.06160377358490565,0.5371525943196658,0.7177599342669534
Finance,2,Q2 Low-Mid,60,62.5,60-65,109,76,0.6972477064220184,0.6180733944954128,0.07917431192660562,0.6054937943428982,0.7755713447547397
Finance,2,Q2 Low-Mid,65,67.5,65-70,120,99,0.825,0.6666666666666667,0.15833333333333321,0.7472413105195714,0.8825955132940744
Finance,2,Q2 Low-Mid,70,72.5,70-75,139,116,0.8345323741007195,0.7191366906474821,0.11539568345323736,0.7639342515803135,0.8871365849266984
Finance,2,Q2 Low-Mid,75,77.5,75-80,179,152,0.8491620111731844,0.7697206703910615,0.07944134078212284,0.7894334567697371,0.8942184036383977
Finance,2,Q2 Low-Mid,80,82.5,80-85,222,208,0.9369369369369369,0.8191891891891891,0.11774774774774777,0.8969422664995648,0.9620668797339014
Finance,2,Q2 Low-Mid,85,87.5,85-90,329,312,0.9483282674772037,0.8714589665653496,0.07686930091185407,0.9188155893669543,0.9674918914287154
Finance,2,Q2 Low-Mid,90,92.5,90-95,611,594,0.972176759410802,0.9220621931260229,0.05011456628477906,0.9558957670681245,0.9825573239393803
Finance,2,Q2 Low-Mid,95,97.5,95-100,1619,1600,0.9882643607164917,0.9748795552810376,0.013384805435454061,0.9817428536402972,0.9924742233683277
Finance,3,Q3 Mid,0,2.5,0-5,3144,14,0.004452926208651399,0.020321246819338425,-0.015868320610687027,0.0026543874507725567,0.00746098811323295
Finance,3,Q3 Mid,5,7.5,5-10,1245,24,0.01927710843373494,0.06640160642570281,-0.04712449799196787,0.01298782853557848,0.02852392123316722
Finance,3,Q3 Mid,10,12.5,10-15,623,17,0.027287319422150885,0.11598715890850722,-0.08869983948635633,0.01710535494129111,0.04326332512078518
Finance,3,Q3 Mid,15,17.5,15-20,378,23,0.06084656084656084,0.16812169312169314,-0.1072751322751323,0.0408837698852248,0.08964574811386172
Finance,3,Q3 Mid,20,22.5,20-25,309,28,0.09061488673139159,0.2177346278317152,-0.12711974110032362,0.06343694972274169,0.12784707388537184
Finance,3,Q3 Mid,25,27.5,25-30,195,24,0.12307692307692308,0.26676923076923076,-0.14369230769230767,0.08411829251882981,0.17659978659539988
Finance,3,Q3 Mid,30,32.5,30-35,176,44,0.25,0.31710227272727276,-0.06710227272727276,0.19182876343546082,0.31885174652441484
Finance,3,Q3 Mid,35,37.5,35-40,152,31,0.20394736842105263,0.368421052631579,-0.16447368421052636,0.14756351111502336,0.27492701772964967
Finance,3,Q3 Mid,40,42.5,40-45,139,45,0.3237410071942446,0.41431654676258994,-0.09057553956834535,0.2516017173175037,0.40536096022181245
Finance,3,Q3 Mid,45,47.5,45-50,125,61,0.488,0.47136,0.016639999999999988,0.4020447124457442,0.5746708825173733
Finance,3,Q3 Mid,50,52.5,50-55,162,85,0.5246913580246914,0.5140123456790123,0.010679012345679029,0.4481110272266371,0.6001277741356266
Finance,3,Q3 Mid,55,57.5,55-60,121,79,0.6528925619834711,0.568099173553719,0.08479338842975215,0.5645471366373127,0.73182843048134
Finance,3,Q3 Mid,60,62.5,60-65,116,80,0.6896551724137931,0.617844827586207,0.07181034482758619,0.6005222969408555,0.7666290094502475
Finance,3,Q3 Mid,65,67.5,65-70,133,105,0.7894736842105263,0.6682706766917293,0.12120300751879698,0.7125578909981243,0.8501364943349907
Finance,3,Q3 Mid,70,72.5,70-75,171,139,0.8128654970760234,0.7198830409356725,0.09298245614035094,0.7477717279774606,0.8642107750424156
Finance,3,Q3 Mid,75,77.5,75-80,216,189,0.875,0.7688888888888888,0.10611111111111116,0.8242407321160006,0.9126534680717711
Finance,3,Q3 Mid,80,82.5,80-85,302,275,0.9105960264900662,0.8190397350993378,0.0915562913907284,0.8730475725943998,0.9378296919765414
Finance,3,Q3 Mid,85,87.5,85-90,415,391,0.9421686746987952,0.8710120481927711,0.07115662650602406,0.9153931050008538,0.9608331342265773
Finance,3,Q3 Mid,90,92.5,90-95,753,742,0.9853917662682603,0.9221779548472776,0.0632138114209827,0.9740321644510748,0.9918238350077289
Finance,3,Q3 Mid,95,97.5,95-100,2365,2337,0.9881606765327695,0.9754799154334038,0.012680761099365667,0.9829418851487114,0.9917961471452165
Finance,4,Q4 Mid-High,0,2.5,0-5,5445,26,0.004775022956841139,0.018444444444444444,-0.013669421487603306,0.0032607429367486123,0.0069876004909627
Finance,4,Q4 Mid-High,5,7.5,5-10,1399,21,0.01501072194424589,0.06443173695496783,-0.04942101501072194,0.009838617894475418,0.02283905576447509
Finance,4,Q4 Mid-High,10,12.5,10-15,678,17,0.025073746312684365,0.11623893805309735,-0.09116519174041299,0.015712646982646062,0.03978646014135459
Finance,4,Q4 Mid-High,15,17.5,15-20,382,19,0.049738219895287955,0.16798429319371727,-0.11824607329842932,0.032069902034547904,0.07637252615359977
Finance,4,Q4 Mid-High,20,22.5,20-25,285,32,0.11228070175438597,0.21740350877192982,-0.10512280701754385,0.08066436503020483,0.15421038985274832
Finance,4,Q4 Mid-High,25,27.5,25-30,206,33,0.16019417475728157,0.2671844660194175,-0.10699029126213591,0.11639909348879443,0.21643100311740757
Finance,4,Q4 Mid-High,30,32.5,30-35,183,32,0.17486338797814208,0.31781420765027324,-0.14295081967213116,0.12667294509291396,0.23642392412678873
Finance,4,Q4 Mid-High,35,37.5,35-40,144,34,0.2361111111111111,0.3684027777777778,-0.1322916666666667,0.17416651816142592,0.3117697812292733
Finance,4,Q4 Mid-High,40,42.5,40-45,135,47,0.34814814814814815,0.4167407407407408,-0.06859259259259265,0.2729969034656345,0.4317025526051686
Finance,4,Q4 Mid-High,45,47.5,45-50,118,53,0.4491525423728814,0.4702542372881356,-0.02110169491525421,0.36241878244216363,0.5390926881885568
Finance,4,Q4 Mid-High,50,52.5,50-55,145,86,0.593103448275862,0.5130344827586206,0.08006896551724141,0.5117413202394681,0.6696595784340209
Finance,4,Q4 Mid-High,55,57.5,55-60,96,60,0.625,0.5663541666666666,0.0586458333333334,0.5251053301827543,0.7152754329460417
Finance,4,Q4 Mid-High,60,62.5,60-65,123,84,0.6829268292682927,0.6179674796747967,0.06495934959349603,0.5962146468826621,0.758558550554141
Finance,4,Q4 Mid-High,65,67.5,65-70,144,108,0.75,0.6690277777777777,0.08097222222222233,0.6734017453693497,0.8136059709973562
Finance,4,Q4 Mid-High,70,72.5,70-75,138,109,0.7898550724637681,0.7178985507246377,0.07195652173913036,0.7144984530140154,0.8495109772236581
Finance,4,Q4 Mid-High,75,77.5,75-80,217,190,0.8755760368663594,0.7686175115207373,0.10695852534562211,0.8250226761462897,0.9130629019332027
Finance,4,Q4 Mid-High,80,82.5,80-85,303,278,0.9174917491749175,0.8176567656765676,0.09983498349834985,0.8810385801053209,0.9434910794975491
Finance,4,Q4 Mid-High,85,87.5,85-90,452,433,0.9579646017699115,0.8706637168141593,0.08730088495575217,0.9352833843093902,0.9729268360829566
Finance,4,Q4 Mid-High,90,92.5,90-95,825,807,0.9781818181818182,0.921369696969697,0.0568121212121212,0.9657757482194368,0.9861552359396594
Finance,4,Q4 Mid-High,95,97.5,95-100,3526,3465,0.9826999432785025,0.9768633011911514,0.005836642087351129,0.9778412219377017,0.9865079998517405
Finance,5,Q5 Highest,0,2.5,0-5,9371,63,0.006722868423860847,0.016329100416177567,-0.00960623199231672,0.005258503541159583,0.008591501135186096
Finance,5,Q5 Highest,5,7.5,5-10,1319,28,0.02122820318423048,0.06452615617892342,-0.04329795299469294,0.014727302866584932,0.030509859315191026
Finance,5,Q5 Highest,10,12.5,10-15,583,41,0.07032590051457976,0.11451114922813035,-0.04418524871355059,0.05226030438416154,0.09401698747790138
Finance,5,Q5 Highest,15,17.5,15-20,355,28,0.07887323943661972,0.16611267605633803,-0.08723943661971831,0.05513082047718676,0.11163245334613811
Finance,5,Q5 Highest,20,22.5,20-25,220,25,0.11363636363636363,0.21631818181818183,-0.1026818181818182,0.07816502643087367,0.16236935145062822
Finance,5,Q5 Highest,25,27.5,25-30,152,19,0.125,0.2674342105263158,-0.14243421052631577,0.0815029483374135,0.18698505486583905
Finance,5,Q5 Highest,30,32.5,30-35,136,43,0.3161764705882353,0.3164705882352941,-0.0002941176470588336,0.24399293204164996,0.3984596714754721
Finance,5,Q5 Highest,35,37.5,35-40,92,27,0.29347826086956524,0.36586956521739133,-0.07239130434782609,0.21021583127441634,0.39329663095492884
Finance,5,Q5 Highest,40,42.5,40-45,76,23,0.3026315789473684,0.4156578947368421,-0.1130263157894737,0.2109118930131978,0.41334413392013025
Finance,5,Q5 Highest,45,47.5,45-50,95,40,0.42105263157894735,0.4661052631578947,-0.045052631578947344,0.326736570637716,0.5215054651043198
Finance,5,Q5 Highest,50,52.5,50-55,143,65,0.45454545454545453,0.5125174825174825,-0.057972027972027995,0.37518809216689986,0.536281137261273
Finance,5,Q5 Highest,55,57.5,55-60,87,49,0.5632183908045977,0.5689655172413793,-0.005747126436781658,0.45851365231750213,0.6625762448221343
Finance,5,Q5 Highest,60,62.5,60-65,106,72,0.6792452830188679,0.6173584905660378,0.06188679245283013,0.5854599372180149,0.7604927801495398
Finance,5,Q5 Highest,65,67.5,65-70,118,85,0.7203389830508474,0.6704237288135593,0.049915254237288154,0.6333924622678074,0.79339116499907
Finance,5,Q5 Highest,70,72.5,70-75,145,111,0.7655172413793103,0.7200689655172414,0.0454482758620689,0.6902546554057949,0.827073833403785
Finance,5,Q5 Highest,75,77.5,75-80,191,148,0.774869109947644,0.7683769633507853,0.0064921465968587055,0.7105526220915226,0.8283466684090688
Finance,5,Q5 Highest,80,82.5,80-85,227,204,0.8986784140969163,0.8175330396475771,0.08114537444933922,0.8525552532527456,0.9315321902583027
Finance,5,Q5 Highest,85,87.5,85-90,338,303,0.8964497041420119,0.8703550295857988,0.02609467455621306,0.8593900934710456,0.9245987481444863
Finance,5,Q5 Highest,90,92.5,90-95,777,753,0.9691119691119691,0.9215830115830116,0.04752895752895747,0.9544510348759033,0.9791570105970836
Finance,5,Q5 Highest,95,97.5,95-100,4902,4825,0.9842921256629947,0.9803019175846593,0.003990208078335389,0.9804127619759133,0.9874130235121465
Weather,1,Q1 Lowest,0,2.5,0-5,1143,6,0.005249343832020997,0.014383202099737534,-0.009133858267716536,0.002407942813595092,0.011405298701187767
Weather,1,Q1 Lowest,5,7.5,5-10,183,4,0.02185792349726776,0.06497267759562841,-0.04311475409836066,0.00853203484731592,0.05484571400518802
Weather,1,Q1 Lowest,10,12.5,10-15,63,4,0.06349206349206349,0.11555555555555555,-0.05206349206349206,0.02496521390048502,0.15219392053076736
Weather,1,Q1 Lowest,15,17.5,15-20,48,3,0.0625,0.1704166666666667,-0.10791666666666669,0.021482843131227225,0.1683569766274222
Weather,1,Q1 Lowest,20,22.5,20-25,26,6,0.23076923076923078,0.21615384615384617,0.014615384615384613,0.11033699683676687,0.42051925751956787
Weather,1,Q1 Lowest,25,27.5,25-30,23,3,0.13043478260869565,0.2652173913043478,-0.13478260869565215,0.04537576514344702,0.32127897973018194
Weather,1,Q1 Lowest,30,32.5,30-35,16,4,0.25,0.32375,-0.07374999999999998,0.10181901984237346,0.49498768929398645
Weather,1,Q1 Lowest,35,37.5,35-40,15,5,0.3333333333333333,0.3653333333333333,-0.03199999999999997,0.15176100694691236,0.5828687484878701
Weather,1,Q1 Lowest,40,42.5,40-45,6,3,0.5,0.43,0.07,0.18761280689940868,0.8123871931005913
Weather,1,Q1 Lowest,45,47.5,45-50,11,5,0.45454545454545453,0.4618181818181818,-0.007272727272727264,0.21270957543988045,0.7199122443100118
Weather,1,Q1 Lowest,50,52.5,50-55,19,11,0.5789473684210527,0.5126315789473684,0.06631578947368422,0.36275551465160105,0.7685837960796962
Weather,1,Q1 Lowest,55,57.5,55-60,11,7,0.6363636363636364,0.5645454545454546,0.07181818181818178,0.35379677689163724,0.8483377638586862
Weather,1,Q1 Lowest,60,62.5,60-65,3,2,0.6666666666666666,0.6166666666666667,0.04999999999999993,0.2076549551264879,0.9385096847238394
Weather,1,Q1 Lowest,65,67.5,65-70,10,6,0.6,0.6709999999999999,-0.07099999999999995,0.3126695474501864,0.8318224187964902
Weather,1,Q1 Lowest,70,72.5,70-75,1,0,0.0,0.7,-0.7,0.0,0.7934567085261071
Weather,1,Q1 Lowest,75,77.5,75-80,4,2,0.5,0.7525,-0.25249999999999995,0.15003570882017148,0.8499642911798285
Weather,1,Q1 Lowest,80,82.5,80-85,7,4,0.5714285714285714,0.82,-0.24857142857142855,0.2504542304090258,0.8417830777373732
Weather,1,Q1 Lowest,85,87.5,85-90,2,1,0.5,0.87,-0.37,0.09452865480086614,0.9054713451991339
Weather,1,Q1 Lowest,90,92.5,90-95,4,3,0.75,0.9125,-0.16249999999999998,0.3006360524426366,0.9544139373553637
Weather,1,Q1 Lowest,95,97.5,95-100,58,53,0.9137931034482759,0.9793103448275862,-0.06551724137931025,0.8135613862273433,0.9626151680662066
Weather,2,Q2 Low-Mid,0,2.5,0-5,1733,6,0.003462204270051933,0.014373918061165608,-0.010911713791113675,0.001587674093558898,0.007533249771921987
Weather,2,Q2 Low-Mid,5,7.5,5-10,238,1,0.004201680672268907,0.06638655462184874,-0.06218487394957983,0.0007420661629347781,0.023412587130791362
Weather,2,Q2 Low-Mid,10,12.5,10-15,124,6,0.04838709677419355,0.1157258064516129,-0.06733870967741935,0.022362105662260094,0.1015537401969907
Weather,2,Q2 Low-Mid,15,17.5,15-20,75,7,0.09333333333333334,0.16386666666666666,-0.07053333333333332,0.04594793932894482,0.1803488380068779
Weather,2,Q2 Low-Mid,20,22.5,20-25,51,8,0.1568627450980392,0.21313725490196078,-0.05627450980392157,0.08169125888021325,0.2801070839835982
Weather,2,Q2 Low-Mid,25,27.5,25-30,45,13,0.28888888888888886,0.2677777777777778,0.02111111111111108,0.1772991803190016,0.43368817472260224
Weather,2,Q2 Low-Mid,30,32.5,30-35,39,16,0.41025641025641024,0.31512820512820516,0.09512820512820508,0.27079089435400483,0.5658165152665509
Weather,2,Q2 Low-Mid,35,37.5,35-40,29,11,0.3793103448275862,0.37310344827586206,0.006206896551724128,0.22687795730867344,0.5599777379071503
Weather,2,Q2 Low-Mid,40,42.5,40-45,25,13,0.52,0.4204,0.09960000000000002,0.334982179531473,0.6996899607103998
Weather,2,Q2 Low-Mid,45,47.5,45-50,29,16,0.5517241379310345,0.47344827586206895,0.07827586206896553,0.37547667068067625,0.715870888512542
Weather,2,Q2 Low-Mid,50,52.5,50-55,55,31,0.5636363636363636,0.5134545454545454,0.050181818181818216,0.43269584078681317,0.686267613639987
Weather,2,Q2 Low-Mid,55,57.5,55-60,31,15,0.4838709677419355,0.5670967741935484,-0.08322580645161293,0.3196998603127883,0.6515988171302683
Weather,2,Q2 Low-Mid,60,62.5,60-65,23,18,0.782608695652174,0.6217391304347826,0.16086956521739137,0.5809611981726508,0.9033616439828094
Weather,2,Q2 Low-Mid,65,67.5,65-70,18,14,0.7777777777777778,0.6683333333333333,0.10944444444444446,0.5478497354769452,0.90999218086618
Weather,2,Q2 Low-Mid,70,72.5,70-75,10,8,0.8,0.708,0.09200000000000008,0.49015684672072335,0.9433190520193067
Weather,2,Q2 Low-Mid,75,77.5,75-80,10,6,0.6,0.758,-0.15800000000000003,0.3126695474501864,0.8318224187964902
Weather,2,Q2 Low-Mid,80,82.5,80-85,7,5,0.7142857142857143,0.8114285714285714,-0.09714285714285709,0.35892909014821267,0.9177828342909844
Weather,2,Q2 Low-Mid,85,87.5,85-90,7,6,0.8571428571428571,0.8614285714285714,-0.004285714285714337,0.48686549668097007,0.9743210440510253
Weather,2,Q2 Low-Mid,90,92.5,90-95,11,10,0.9090909090909091,0.9245454545454546,-0.015454545454545499,0.6226353745137962,0.9837682477371741
Weather,2,Q2 Low-Mid,95,97.5,95-100,142,134,0.9436619718309859,0.9814084507042253,-0.03774647887323945,0.8927713969204907,0.9711796293984745
Weather,3,Q3 Mid,0,2.5,0-5,3944,9,0.002281947261663286,0.013876774847870183,-0.011594827586206898,0.0012010108769621149,0.004331531259480239
Weather,3,Q3 Mid,5,7.5,5-10,367,10,0.027247956403269755,0.06574931880108992,-0.03850136239782016,0.014866434942007803,0.04942408694118977
Weather,3,Q3 Mid,10,12.5,10-15,178,10,0.056179775280898875,0.11370786516853933,-0.05752808988764045,0.030798314004377478,0.10031359878125572
Weather,3,Q3 Mid,15,17.5,15-20,160,17,0.10625,0.16443750000000001,-0.05818750000000002,0.06740122032002023,0.16356332104188054
Weather,3,Q3 Mid,20,22.5,20-25,121,21,0.17355371900826447,0.21752066115702479,-0.04396694214876032,0.11640832689272315,0.25078978655663986
Weather,3,Q3 Mid,25,27.5,25-30,68,14,0.20588235294117646,0.2651470588235294,-0.05926470588235294,0.1267944614096761,0.31642506599505876
Weather,3,Q3 Mid,30,32.5,30-35,87,34,0.39080459770114945,0.3195402298850575,0.07126436781609197,0.2949766847095907,0.49586803841285554
Weather,3,Q3 Mid,35,37.5,35-40,60,18,0.3,0.3686666666666667,-0.06866666666666671,0.19898010252726892,0.42508946966390415
Weather,3,Q3 Mid,40,42.5,40-45,64,24,0.375,0.41515625,-0.040156250000000004,0.2666580388810532,0.4974984668617358
Weather,3,Q3 Mid,45,47.5,45-50,51,26,0.5098039215686274,0.4688235294117647,0.04098039215686272,0.37680695448409596,0.641427378576938
Weather,3,Q3 Mid,50,52.5,50-55,89,63,0.7078651685393258,0.5134831460674157,0.19438202247191005,0.6063629876750216,0.7921652582836864
Weather,3,Q3 Mid,55,57.5,55-60,43,27,0.627906976744186,0.5718604651162791,0.05604651162790697,0.47859538265273166,0.7562386110622568
Weather,3,Q3 Mid,60,62.5,60-65,32,18,0.5625,0.6159375,-0.05343750000000003,0.3932530203122613,0.7183491403055682
Weather,3,Q3 Mid,65,67.5,65-70,40,32,0.8,0.6675,0.13250000000000006,0.6524239261814333,0.8950013502683314
Weather,3,Q3 Mid,70,72.5,70-75,18,15,0.8333333333333334,0.7155555555555556,0.11777777777777776,0.6077750036164076,0.9416352959953425
Weather,3,Q3 Mid,75,77.5,75-80,42,36,0.8571428571428571,0.7642857142857143,0.09285714285714275,0.7215861764782122,0.9328412431581007
Weather,3,Q3 Mid,80,82.5,80-85,24,21,0.875,0.8120833333333333,0.06291666666666673,0.6899571185214243,0.9565574496068442
Weather,3,Q3 Mid,85,87.5,85-90,22,21,0.9545454545454546,0.8663636363636364,0.08818181818181814,0.7820151050048196,0.9919307806988522
Weather,3,Q3 Mid,90,92.5,90-95,45,43,0.9555555555555556,0.9153333333333333,0.04022222222222227,0.8517222081611939,0.9877261309595557
Weather,3,Q3 Mid,95,97.5,95-100,726,715,0.9848484848484849,0.9831955922865013,0.0016528925619835322,0.973073838139745,0.9915190269422125
Weather,4,Q4 Mid-High,0,2.5,0-5,6857,9,0.0013125273443196734,0.012416508677264109,-0.011103981332944435,0.0006906862990278825,0.002492829845696986
Weather,4,Q4 Mid-High,5,7.5,5-10,264,4,0.015151515151515152,0.06390151515151515,-0.04875,0.0059073955581480445,0.03830380987073231
Weather,4,Q4 Mid-High,10,12.5,10-15,93,7,0.07526881720430108,0.11408602150537633,-0.038817204301075256,0.036936214085016475,0.14729866018389276
Weather,4,Q4 Mid-High,15,17.5,15-20,60,8,0.13333333333333333,0.16466666666666666,-0.031333333333333324,0.06914026978309641,0.24165394590072103
Weather,4,Q4 Mid-High,20,22.5,20-25,38,1,0.02631578947368421,0.22105263157894736,-0.19473684210526315,0.004660467553530057,0.13495178436800254
Weather,4,Q4 Mid-High,25,27.5,25-30,34,6,0.17647058823529413,0.26235294117647057,-0.08588235294117644,0.08348855603569685,0.33514067740052156
Weather,4,Q4 Mid-High,30,32.5,30-35,31,10,0.3225806451612903,0.3164516129032258,0.006129032258064493,0.18569230747313034,0.49859314440049185
Weather,4,Q4 Mid-High,35,37.5,35-40,21,8,0.38095238095238093,0.3723809523809524,0.008571428571428508,0.20750767797982506,0.5912170418449848
Weather,4,Q4 Mid-High,40,42.5,40-45,25,7,0.28,0.41359999999999997,-0.13359999999999994,0.1428367383738157,0.47576971896558296
Weather,4,Q4 Mid-High,45,47.5,45-50,24,14,0.5833333333333334,0.47375,0.10958333333333337,0.3883433764938864,0.7553265275346177
Weather,4,Q4 Mid-High,50,52.5,50-55,33,21,0.6363636363636364,0.5072727272727273,0.12909090909090903,0.46615872621534094,0.7781303383204013
Weather,4,Q4 Mid-High,55,57.5,55-60,17,6,0.35294117647058826,0.5723529411764706,-0.21941176470588236,0.17309486143904904,0.5870003327878818
Weather,4,Q4 Mid-High,60,62.5,60-65,16,10,0.625,0.615,0.010000000000000009,0.3864064709793481,0.815190174452472
Weather,4,Q4 Mid-High,65,67.5,65-70,20,15,0.75,0.6705,0.07950000000000002,0.5312949900419365,0.888139947210597
Weather,4,Q4 Mid-High,70,72.5,70-75,9,6,0.6666666666666666,0.7155555555555556,-0.04888888888888898,0.35419734749908977,0.879418401317257
Weather,4,Q4 Mid-High,75,77.5,75-80,15,12,0.8,0.77,0.030000000000000027,0.5481406466534955,0.9295257935638959
Weather,4,Q4 Mid-High,80,82.5,80-85,18,17,0.9444444444444444,0.8216666666666668,0.12277777777777765,0.7424220019799247,0.9901250641690756
Weather,4,Q4 Mid-High,85,87.5,85-90,29,26,0.896551724137931,0.8658620689655173,0.030689655172413732,0.7361455275293085,0.9641857596186989
Weather,4,Q4 Mid-High,90,92.5,90-95,64,63,0.984375,0.9225,0.06187500000000001,0.9166570109970937,0.9972365292495986
Weather,4,Q4 Mid-High,95,97.5,95-100,1787,1781,0.9966424174594292,0.9856519306099608,0.01099048684946835,0.9926937730809959,0.9984603301071362
Weather,5,Q5 Highest,0,2.5,0-5,7408,3,0.00040496760259179265,0.010696544276457885,-0.010291576673866092,0.00013773237965278946,0.0011900887653646648
Weather,5,Q5 Highest,5,7.5,5-10,76,1,0.013157894736842105,0.06657894736842106,-0.05342105263157895,0.002326420140567463,0.0708384462949749
Weather,5,Q5 Highest,10,12.5,10-15,17,0,0.0,0.10823529411764707,-0.10823529411764707,0.0,0.18432366037156456
Weather,5,Q5 Highest,15,17.5,15-20,9,2,0.2222222222222222,0.16666666666666669,0.055555555555555525,0.06322376231222723,0.5474166563271946
Weather,5,Q5 Highest,20,22.5,20-25,5,3,0.6,0.22399999999999998,0.376,0.23071993220883708,0.8823817688407467
Weather,5,Q5 Highest,25,27.5,25-30,6,1,0.16666666666666666,0.27166666666666667,-0.10500000000000001,0.03005258587173032,0.563509436563646
Weather,5,Q5 Highest,30,32.5,30-35,3,1,0.3333333333333333,0.3,0.033333333333333326,0.0614903152761605,0.7923450448735121
Weather,5,Q5 Highest,35,37.5,35-40,4,0,0.0,0.38,-0.38,0.0,0.48990002040399916
Weather,5,Q5 Highest,40,42.5,40-45,2,0,0.0,0.41,-0.41,0.0,0.6576280471103807
Weather,5,Q5 Highest,45,47.5,45-50,2,0,0.0,0.465,-0.465,0.0,0.6576280471103807
Weather,5,Q5 Highest,50,52.5,50-55,3,2,0.6666666666666666,0.51,0.15666666666666662,0.2076549551264879,0.9385096847238394
Weather,5,Q5 Highest,60,62.5,60-65,3,3,1.0,0.6266666666666666,0.3733333333333334,0.43849391955098227,1.0
Weather,5,Q5 Highest,65,67.5,65-70,3,1,0.3333333333333333,0.6766666666666667,-0.34333333333333343,0.0614903152761605,0.7923450448735121
Weather,5,Q5 Highest,70,72.5,70-75,6,4,0.6666666666666666,0.705,-0.03833333333333333,0.29998832134152864,0.9032306674407831
Weather,5,Q5 Highest,75,77.5,75-80,7,4,0.5714285714285714,0.7671428571428571,-0.19571428571428573,0.2504542304090258,0.8417830777373732
Weather,5,Q5 Highest,80,82.5,80-85,5,3,0.6,0.818,-0.21799999999999997,0.23071993220883708,0.8823817688407467
Weather,5,Q5 Highest,85,87.5,85-90,7,7,1.0,0.8657142857142857,0.13428571428571434,0.6456611570247934,1.0
Weather,5,Q5 Highest,90,92.5,90-95,23,23,1.0,0.913913043478261,0.08608695652173903,0.8568788745827374,1.0
Weather,5,Q5 Highest,95,97.5,95-100,2980,2977,0.998993288590604,0.9889395973154361,0.010053691275167864,0.9970441258656961,0.99965757572597
Entertainment,1,Q1 Lowest,0,2.5,0-5,781,2,0.002560819462227913,0.01618437900128041,-0.013623559539052496,0.0007025354895296284,0.009288779955523234
Entertainment,1,Q1 Lowest,5,7.5,5-10,161,3,0.018633540372670808,0.06658385093167701,-0.047950310559006205,0.006356878364068758,0.05334649748280485
Entertainment,1,Q1 Lowest,10,12.5,10-15,77,1,0.012987012987012988,0.12025974025974026,-0.10727272727272727,0.0022961581721549496,0.06996366845176145
Entertainment,1,Q1 Lowest,15,17.5,15-20,32,1,0.03125,0.1653125,-0.1340625,0.005537717362550945,0.15744607800372734
Entertainment,1,Q1 Lowest,20,22.5,20-25,19,3,0.15789473684210525,0.2157894736842105,-0.05789473684210525,0.055203710399278266,0.3756592764317668
Entertainment,1,Q1 Lowest,25,27.5,25-30,20,0,0.0,0.258,-0.258,0.0,0.16113012549493322
Entertainment,1,Q1 Lowest,30,32.5,30-35,12,6,0.5,0.3116666666666667,0.1883333333333333,0.2537781703934222,0.7462218296065778
Entertainment,1,Q1 Lowest,35,37.5,35-40,15,3,0.2,0.3546666666666667,-0.15466666666666667,0.07047420643610414,0.4518593533465045
Entertainment,1,Q1 Lowest,40,42.5,40-45,4,0,0.0,0.415,-0.415,0.0,0.48990002040399916
Entertainment,1,Q1 Lowest,45,47.5,45-50,4,3,0.75,0.4825,0.2675,0.3006360524426366,0.9544139373553637
Entertainment,1,Q1 Lowest,50,52.5,50-55,5,2,0.4,0.51,-0.10999999999999999,0.1176182311592533,0.769280067791163
Entertainment,1,Q1 Lowest,55,57.5,55-60,4,2,0.5,0.57,-0.06999999999999995,0.15003570882017148,0.8499642911798285
Entertainment,1,Q1 Lowest,60,62.5,60-65,13,3,0.23076923076923078,0.6130769230769231,-0.3823076923076923,0.08179379092465713,0.5025687399512693
Entertainment,1,Q1 Lowest,65,67.5,65-70,5,4,0.8,0.67,0.13,0.3755282641185388,0.9637768390302125
Entertainment,1,Q1 Lowest,70,72.5,70-75,2,2,1.0,0.715,0.28500000000000003,0.34237195288961925,1.0
Entertainment,1,Q1 Lowest,75,77.5,75-80,3,3,1.0,0.76,0.24,0.43849391955098227,1.0
Entertainment,1,Q1 Lowest,80,82.5,80-85,8,7,0.875,0.8175,0.057499999999999996,0.5291051942301386,0.9775830911367038
Entertainment,1,Q1 Lowest,85,87.5,85-90,10,8,0.8,0.8759999999999999,-0.07599999999999985,0.49015684672072335,0.9433190520193067
Entertainment,1,Q1 Lowest,90,92.5,90-95,29,29,1.0,0.9189655172413793,0.08103448275862069,0.8830264055344442,1.0
Entertainment,1,Q1 Lowest,95,97.5,95-100,182,174,0.9560439560439561,0.9828571428571429,-0.026813186813186785,0.915672421293379,0.9775613864224394
Entertainment,2,Q2 Low-Mid,0,2.5,0-5,686,7,0.01020408163265306,0.01596209912536443,-0.005758017492711371,0.004951407225028475,0.020911921399977614
Entertainment,2,Q2 Low-Mid,5,7.5,5-10,149,2,0.013422818791946308,0.065503355704698,-0.05208053691275168,0.0036886952442319668,0.04761670852018819
Entertainment,2,Q2 Low-Mid,10,12.5,10-15,78,4,0.05128205128205128,0.11448717948717949,-0.0632051282051282,0.020120686846503345,0.1245685665405272
Entertainment,2,Q2 Low-Mid,15,17.5,15-20,46,3,0.06521739130434782,0.16782608695652176,-0.10260869565217394,0.02242745446634356,0.17503009103781358
Entertainment,2,Q2 Low-Mid,20,22.5,20-25,39,8,0.20512820512820512,0.2153846153846154,-0.010256410256410275,0.10779590197911117,0.3553427296312862
Entertainment,2,Q2 Low-Mid,25,27.5,25-30,15,2,0.13333333333333333,0.266,-0.13266666666666668,0.0373604698913593,0.3788249920651624
Entertainment,2,Q2 Low-Mid,30,32.5,30-35,18,2,0.1111111111111111,0.3138888888888889,-0.20277777777777778,0.031018868453582787,0.3280024486660421
Entertainment,2,Q2 Low-Mid,35,37.5,35-40,8,3,0.375,0.36875,0.006249999999999978,0.13684175946152105,0.6942621454161981
Entertainment,2,Q2 Low-Mid,40,42.5,40-45,17,2,0.11764705882352941,0.41647058823529415,-0.2988235294117647,0.03287908001292092,0.3433684249770991
Entertainment,2,Q2 Low-Mid,45,47.5,45-50,4,1,0.25,0.4775,-0.22749999999999998,0.045586062644636216,0.6993639475573634
Entertainment,2,Q2 Low-Mid,50,52.5,50-55,9,2,0.2222222222222222,0.5144444444444445,-0.29222222222222227,0.06322376231222723,0.5474166563271946
Entertainment,2,Q2 Low-Mid,55,57.5,55-60,5,3,0.6,0.5760000000000001,0.02399999999999991,0.23071993220883708,0.8823817688407467
Entertainment,2,Q2 Low-Mid,60,62.5,60-65,7,2,0.2857142857142857,0.6214285714285714,-0.33571428571428574,0.0822171657090155,0.6410709098517873
Entertainment,2,Q2 Low-Mid,65,67.5,65-70,13,6,0.46153846153846156,0.6630769230769231,-0.20153846153846156,0.2320575430148814,0.7085656756816796
Entertainment,2,Q2 Low-Mid,70,72.5,70-75,6,5,0.8333333333333334,0.7183333333333333,0.1150000000000001,0.43649056343635395,0.9699474141282697
Entertainment,2,Q2 Low-Mid,75,77.5,75-80,8,8,1.0,0.7675,0.23250000000000004,0.6755843804891231,1.0
Entertainment,2,Q2 Low-Mid,80,82.5,80-85,12,11,0.9166666666666666,0.8233333333333333,0.09333333333333338,0.6461140782014047,0.9851352905492264
Entertainment,2,Q2 Low-Mid,85,87.5,85-90,11,10,0.9090909090909091,0.8727272727272727,0.036363636363636376,0.6226353745137962,0.9837682477371741
Entertainment,2,Q2 Low-Mid,90,92.5,90-95,39,38,0.9743589743589743,0.921025641025641,0.053333333333333344,0.8681871352137286,0.9954594139347627
Entertainment,2,Q2 Low-Mid,95,97.5,95-100,234,229,0.9786324786324786,0.979957264957265,-0.0013247863247863867,0.9509637895672655,0.9908394946353297
Entertainment,3,Q3 Mid,0,2.5,0-5,932,2,0.002145922746781116,0.015257510729613734,-0.013111587982832618,0.0005886744850234489,0.007790521310504341
Entertainment,3,Q3 Mid,5,7.5,5-10,181,5,0.027624309392265192,0.06419889502762431,-0.03657458563535912,0.011855761918908421,0.06302781407264324
Entertainment,3,Q3 Mid,10,12.5,10-15,69,2,0.028985507246376812,0.1127536231884058,-0.08376811594202899,0.007985035233144928,0.09966773461265746
Entertainment,3,Q3 Mid,15,17.5,15-20,25,4,0.16,0.1632,-0.0032000000000000084,0.06403347608577989,0.34654013980238163
Entertainment,3,Q3 Mid,20,22.5,20-25,29,3,0.10344827586206896,0.22275862068965516,-0.11931034482758619,0.035814240381301043,0.26385447247069155
Entertainment,3,Q3 Mid,25,27.5,25-30,34,9,0.2647058823529412,0.265,-0.0002941176470588336,0.14601027541553796,0.4311746216289845
Entertainment,3,Q3 Mid,30,32.5,30-35,11,5,0.45454545454545453,0.3154545454545455,0.13909090909090904,0.21270957543988045,0.7199122443100118
Entertainment,3,Q3 Mid,35,37.5,35-40,16,1,0.0625,0.366875,-0.304375,0.01111905730833121,0.2832926836802987
Entertainment,3,Q3 Mid,40,42.5,40-45,9,2,0.2222222222222222,0.4177777777777778,-0.1955555555555556,0.06322376231222723,0.5474166563271946
Entertainment,3,Q3 Mid,45,47.5,45-50,9,6,0.6666666666666666,0.4677777777777778,0.19888888888888884,0.35419734749908977,0.879418401317257
Entertainment,3,Q3 Mid,50,52.5,50-55,10,4,0.4,0.516,-0.11599999999999999,0.16817758120350967,0.6873304525498135
Entertainment,3,Q3 Mid,55,57.5,55-60,5,2,0.4,0.5660000000000001,-0.16600000000000004,0.1176182311592533,0.769280067791163
Entertainment,3,Q3 Mid,60,62.5,60-65,20,13,0.65,0.6175,0.03249999999999997,0.43285051021946463,0.8188104521320554
Entertainment,3,Q3 Mid,65,67.5,65-70,12,7,0.5833333333333334,0.6683333333333333,-0.08499999999999996,0.3195073356553728,0.8067425380947535
Entertainment,3,Q3 Mid,70,72.5,70-75,11,7,0.6363636363636364,0.7236363636363636,-0.08727272727272728,0.35379677689163724,0.8483377638586862
Entertainment,3,Q3 Mid,75,77.5,75-80,11,7,0.6363636363636364,0.7681818181818181,-0.13181818181818172,0.35379677689163724,0.8483377638586862
Entertainment,3,Q3 Mid,80,82.5,80-85,14,13,0.9285714285714286,0.8285714285714286,0.09999999999999998,0.6853073044604219,0.9872781138877085
Entertainment,3,Q3 Mid,85,87.5,85-90,22,20,0.9090909090909091,0.8777272727272727,0.03136363636363637,0.7218461934161421,0.9747051037171622
Entertainment,3,Q3 Mid,90,92.5,90-95,58,51,0.8793103448275862,0.921896551724138,-0.04258620689655179,0.7712040772176841,0.9402910975514033
Entertainment,3,Q3 Mid,95,97.5,95-100,317,313,0.9873817034700315,0.9819558359621451,0.005425867507886428,0.9680096424091453,0.9950824254523787
Entertainment,4,Q4 Mid-High,0,2.5,0-5,1261,1,0.0007930214115781126,0.014536082474226804,-0.013743061062648691,0.00013999786912533485,0.004478446053022703
Entertainment,4,Q4 Mid-High,5,7.5,5-10,203,3,0.014778325123152709,0.06507389162561576,-0.05029556650246306,0.005038378098600752,0.04254199258118513
Entertainment,4,Q4 Mid-High,10,12.5,10-15,65,6,0.09230769230769231,0.11723076923076922,-0.02492307692307691,0.04299450413746196,0.18712216950173294
Entertainment,4,Q4 Mid-High,15,17.5,15-20,32,4,0.125,0.163125,-0.03812499999999999,0.04970053844474301,0.2806864978482796
Entertainment,4,Q4 Mid-High,20,22.5,20-25,22,4,0.18181818181818182,0.21818181818181817,-0.03636363636363635,0.07306766024105121,0.38517021976637866
Entertainment,4,Q4 Mid-High,25,27.5,25-30,16,5,0.3125,0.26625,0.04625000000000001,0.14164435051961052,0.5559606813326594
Entertainment,4,Q4 Mid-High,30,32.5,30-35,14,6,0.42857142857142855,0.32357142857142857,0.10499999999999998,0.21380509930400526,0.6740973309713064
Entertainment,4,Q4 Mid-High,35,37.5,35-40,17,7,0.4117647058823529,0.36941176470588233,0.04235294117647059,0.21610786039131383,0.6399492561448447
Entertainment,4,Q4 Mid-High,40,42.5,40-45,12,2,0.16666666666666666,0.415,-0.24833333333333332,0.04696414761482223,0.44803635738467273
Entertainment,4,Q4 Mid-High,45,47.5,45-50,10,3,0.3,0.473,-0.173,0.10778928748621183,0.6032267800204347
Entertainment,4,Q4 Mid-High,50,52.5,50-55,14,8,0.5714285714285714,0.5171428571428571,0.05428571428571427,0.3259026690286936,0.7861949006959948
Entertainment,4,Q4 Mid-High,55,57.5,55-60,10,7,0.7,0.574,0.126,0.39677321997956516,0.892210712513788
Entertainment,4,Q4 Mid-High,60,62.5,60-65,13,7,0.5384615384615384,0.6238461538461538,-0.08538461538461539,0.2914343243183205,0.7679424569851186
Entertainment,4,Q4 Mid-High,65,67.5,65-70,11,5,0.45454545454545453,0.6727272727272726,-0.2181818181818181,0.21270957543988045,0.7199122443100118
Entertainment,4,Q4 Mid-High,70,72.5,70-75,15,11,0.7333333333333333,0.7140000000000001,0.019333333333333202,0.4804911034231324,0.8910272389681718
Entertainment,4,Q4 Mid-High,75,77.5,75-80,17,11,0.6470588235294118,0.7647058823529411,-0.11764705882352933,0.4129996672121182,0.826905138560951
Entertainment,4,Q4 Mid-High,80,82.5,80-85,28,22,0.7857142857142857,0.8235714285714286,-0.03785714285714292,0.6046105292072612,0.8978767829881058
Entertainment,4,Q4 Mid-High,85,87.5,85-90,38,34,0.8947368421052632,0.8689473684210526,0.025789473684210584,0.7586916879980553,0.9582981020673341
Entertainment,4,Q4 Mid-High,90,92.5,90-95,74,69,0.9324324324324325,0.9232432432432433,0.009189189189189206,0.8513861389507532,0.9707963444514379
Entertainment,4,Q4 Mid-High,95,97.5,95-100,649,641,0.987673343605547,0.982095531587057,0.005577812018490058,0.9758663117471615,0.9937410171975625
Entertainment,5,Q5 Highest,0,2.5,0-5,1825,6,0.0032876712328767125,0.013293150684931507,-0.010005479452054794,0.001507593033954497,0.007154502141483332
Entertainment,5,Q5 Highest,5,7.5,5-10,135,10,0.07407407407407407,0.06496296296296296,0.009111111111111111,0.040730101413589175,0.13098788512646797
Entertainment,5,Q5 Highest,10,12.5,10-15,59,5,0.0847457627118644,0.11864406779661017,-0.03389830508474577,0.036741491306199775,0.1835202461416055
Entertainment,5,Q5 Highest,15,17.5,15-20,29,4,0.13793103448275862,0.16827586206896553,-0.030344827586206907,0.05497350852047822,0.30559357712699325
Entertainment,5,Q5 Highest,20,22.5,20-25,27,3,0.1111111111111111,0.22037037037037038,-0.10925925925925928,0.03851964789498724,0.2805818254397295
Entertainment,5,Q5 Highest,25,27.5,25-30,16,5,0.3125,0.26375,0.048750000000000016,0.14164435051961052,0.5559606813326594
Entertainment,5,Q5 Highest,30,32.5,30-35,17,6,0.35294117647058826,0.32,0.03294117647058825,0.17309486143904904,0.5870003327878818
Entertainment,5,Q5 Highest,35,37.5,35-40,16,2,0.125,0.36875,-0.24375000000000002,0.034976749337057134,0.3602333143674828
Entertainment,5,Q5 Highest,40,42.5,40-45,8,1,0.125,0.40875,-0.28375,0.02241690886329617,0.4708948057698615
Entertainment,5,Q5 Highest,45,47.5,45-50,5,1,0.2,0.47600000000000003,-0.276,0.03622316096978745,0.6244717358814613
Entertainment,5,Q5 Highest,50,52.5,50-55,10,5,0.5,0.51,-0.010000000000000009,0.23658959361548731,0.7634104063845126
Entertainment,5,Q5 Highest,55,57.5,55-60,8,5,0.625,0.575,0.050000000000000044,0.30573785458380187,0.863158240538479
Entertainment,5,Q5 Highest,60,62.5,60-65,11,10,0.9090909090909091,0.629090909090909,0.28,0.6226353745137962,0.9837682477371741
Entertainment,5,Q5 Highest,65,67.5,65-70,10,6,0.6,0.672,-0.07200000000000006,0.3126695474501864,0.8318224187964902
Entertainment,5,Q5 Highest,70,72.5,70-75,15,10,0.6666666666666666,0.7153333333333333,-0.048666666666666636,0.41713125151212976,0.8482389930530876
Entertainment,5,Q5 Highest,75,77.5,75-80,27,21,0.7777777777777778,0.7692592592592592,0.008518518518518592,0.5924270453692919,0.8939290451059105
Entertainment,5,Q5 Highest,80,82.5,80-85,34,26,0.7647058823529411,0.815,-0.05029411764705882,0.6000353719173557,0.8756316189075566
Entertainment,5,Q5 Highest,85,87.5,85-90,42,38,0.9047619047619048,0.8692857142857143,0.03547619047619044,0.7793460477494668,0.9623383611716879
Entertainment,5,Q5 Highest,90,92.5,90-95,72,65,0.9027777777777778,0.925,-0.022222222222222254,0.812647509746432,0.9521042887388321
Entertainment,5,Q5 Highest,95,97.5,95-100,1224,1221,0.9975490196078431,0.9861356209150327,0.01141339869281044,0.9928185157235141,0.9991661181250215
Other,1,Q1 Lowest,0,2.5,0-5,560,0,0.0,0.015178571428571428,-0.015178571428571428,0.0,0.006813261029338736
Other,1,Q1 Lowest,5,7.5,5-10,124,2,0.016129032258064516,0.06443548387096774,-0.04830645161290323,0.00443427154444424,0.05690413473332449
Other,1,Q1 Lowest,10,12.5,10-15,49,1,0.02040816326530612,0.11142857142857142,-0.0910204081632653,0.003611579538530696,0.10693768467754147
Other,1,Q1 Lowest,15,17.5,15-20,22,3,0.13636363636363635,0.16272727272727272,-0.026363636363636367,0.04748917264236269,0.3333541187947
Other,1,Q1 Lowest,20,22.5,20-25,17,1,0.058823529411764705,0.21470588235294116,-0.15588235294117647,0.01046013064516424,0.269825452035628
Other,1,Q1 Lowest,25,27.5,25-30,10,3,0.3,0.268,0.03199999999999997,0.10778928748621183,0.6032267800204347
Other,1,Q1 Lowest,30,32.5,30-35,7,0,0.0,0.31,-0.31,0.0,0.35433884297520657
Other,1,Q1 Lowest,35,37.5,35-40,9,1,0.1111111111111111,0.3644444444444444,-0.2533333333333333,0.019890371327130535,0.4350062147680601
Other,1,Q1 Lowest,40,42.5,40-45,4,0,0.0,0.4125,-0.4125,0.0,0.48990002040399916
Other,1,Q1 Lowest,45,47.5,45-50,3,1,0.3333333333333333,0.4733333333333334,-0.14000000000000007,0.0614903152761605,0.7923450448735121
Other,1,Q1 Lowest,50,52.5,50-55,10,2,0.2,0.506,-0.306,0.056680947980693314,0.5098431532792765
Other,1,Q1 Lowest,55,57.5,55-60,6,3,0.5,0.5666666666666667,-0.06666666666666665,0.18761280689940868,0.8123871931005913
Other,1,Q1 Lowest,60,62.5,60-65,1,0,0.0,0.64,-0.64,0.0,0.7934567085261071
Other,1,Q1 Lowest,65,67.5,65-70,5,3,0.6,0.654,-0.05400000000000005,0.23071993220883708,0.8823817688407467
Other,1,Q1 Lowest,70,72.5,70-75,5,2,0.4,0.72,-0.31999999999999995,0.1176182311592533,0.769280067791163
Other,1,Q1 Lowest,75,77.5,75-80,10,6,0.6,0.759,-0.15900000000000003,0.3126695474501864,0.8318224187964902
Other,1,Q1 Lowest,80,82.5,80-85,15,14,0.9333333333333333,0.8140000000000001,0.11933333333333329,0.7018292244757601,0.9881334113938051
Other,1,Q1 Lowest,85,87.5,85-90,13,13,1.0,0.8676923076923078,0.13230769230769224,0.7718981569447083,1.0
Other,1,Q1 Lowest,90,92.5,90-95,19,19,1.0,0.9210526315789473,0.07894736842105265,0.8318156346315496,1.0
Other,1,Q1 Lowest,95,97.5,95-100,148,140,0.9459459459459459,0.9836486486486486,-0.037702702702702706,0.8969681162654677,0.9723588665903506
Other,2,Q2 Low-Mid,0,2.5,0-5,509,1,0.0019646365422396855,0.016404715127701374,-0.014440078585461688,0.00034688189149651057,0.01104376972490902
Other,2,Q2 Low-Mid,5,7.5,5-10,146,1,0.00684931506849315,0.06472602739726027,-0.05787671232876712,0.001210066099070966,0.03777510223869371
Other,2,Q2 Low-Mid,10,12.5,10-15,61,0,0.0,0.11442622950819673,-0.11442622950819673,0.0,0.05924591620194442
Other,2,Q2 Low-Mid,15,17.5,15-20,23,2,0.08695652173913043,0.17,-0.08304347826086958,0.02417949540723341,0.2679640429809402
Other,2,Q2 Low-Mid,20,22.5,20-25,20,1,0.05,0.2205,-0.17049999999999998,0.008881219432873136,0.23613589351256675
Other,2,Q2 Low-Mid,25,27.5,25-30,9,2,0.2222222222222222,0.2711111111111111,-0.04888888888888887,0.06322376231222723,0.5474166563271946
Other,2,Q2 Low-Mid,30,32.5,30-35,15,3,0.2,0.32,-0.12,0.07047420643610414,0.4518593533465045
Other,2,Q2 Low-Mid,35,37.5,35-40,13,4,0.3076923076923077,0.36769230769230765,-0.05999999999999994,0.12680497161618087,0.5763111218666236
Other,2,Q2 Low-Mid,40,42.5,40-45,13,4,0.3076923076923077,0.4192307692307692,-0.11153846153846148,0.12680497161618087,0.5763111218666236
Other,2,Q2 Low-Mid,45,47.5,45-50,8,1,0.125,0.465,-0.34,0.02241690886329617,0.4708948057698615
Other,2,Q2 Low-Mid,50,52.5,50-55,12,5,0.4166666666666667,0.5083333333333333,-0.09166666666666662,0.19325746190524656,0.6804926643446272
Other,2,Q2 Low-Mid,55,57.5,55-60,9,3,0.3333333333333333,0.5555555555555556,-0.22222222222222227,0.12058159868274293,0.6458026525009102
Other,2,Q2 Low-Mid,60,62.5,60-65,9,3,0.3333333333333333,0.6211111111111112,-0.28777777777777785,0.12058159868274293,0.6458026525009102
Other,2,Q2 Low-Mid,65,67.5,65-70,7,4,0.5714285714285714,0.6685714285714286,-0.0971428571428572,0.2504542304090258,0.8417830777373732
Other,2,Q2 Low-Mid,70,72.5,70-75,8,5,0.625,0.72125,-0.09624999999999995,0.30573785458380187,0.863158240538479
Other,2,Q2 Low-Mid,75,77.5,75-80,10,9,0.9,0.773,0.127,0.5958436145024278,0.9821242504842788
Other,2,Q2 Low-Mid,80,82.5,80-85,12,11,0.9166666666666666,0.8175,0.09916666666666663,0.6461140782014047,0.9851352905492264
Other,2,Q2 Low-Mid,85,87.5,85-90,14,12,0.8571428571428571,0.8685714285714287,-0.011428571428571566,0.600580922361363,0.9599069262620787
Other,2,Q2 Low-Mid,90,92.5,90-95,26,26,1.0,0.9211538461538461,0.0788461538461539,0.8712669561953784,1.0
Other,2,Q2 Low-Mid,95,97.5,95-100,147,145,0.9863945578231292,0.9820408163265306,0.004353741496598618,0.9517533298153685,0.9962610110561151
Other,3,Q3 Mid,0,2.5,0-5,754,7,0.009283819628647215,0.015809018567639256,-0.0065251989389920415,0.004504159586820036,0.019038491014572126
Other,3,Q3 Mid,5,7.5,5-10,154,2,0.012987012987012988,0.0635064935064935,-0.050519480519480506,0.003568687884314088,0.04611149782084855
Other,3,Q3 Mid,10,12.5,10-15,79,3,0.0379746835443038,0.1140506329113924,-0.07607594936708861,0.012997851302069409,0.10580236501437063
Other,3,Q3 Mid,15,17.5,15-20,34,2,0.058823529411764705,0.1641176470588235,-0.1052941176470588,0.016282313063842452,0.1909393688946371
Other,3,Q3 Mid,20,22.5,20-25,30,1,0.03333333333333333,0.215,-0.18166666666666667,0.0059084379948573795,0.16670751396958874
Other,3,Q3 Mid,25,27.5,25-30,22,1,0.045454545454545456,0.26227272727272727,-0.2168181818181818,0.008069219301147859,0.21798489499518053
Other,3,Q3 Mid,30,32.5,30-35,9,1,0.1111111111111111,0.3144444444444444,-0.2033333333333333,0.019890371327130535,0.4350062147680601
Other,3,Q3 Mid,35,37.5,35-40,16,3,0.1875,0.366875,-0.179375,0.06591478773586765,0.4300935986845823
Other,3,Q3 Mid,40,42.5,40-45,16,4,0.25,0.414375,-0.164375,0.10181901984237346,0.49498768929398645
Other,3,Q3 Mid,45,47.5,45-50,8,4,0.5,0.46375,0.036250000000000004,0.21521252682444186,0.7847874731755582
Other,3,Q3 Mid,50,52.5,50-55,14,4,0.2857142857142857,0.51,-0.2242857142857143,0.11721187910109099,0.5464954117248438
Other,3,Q3 Mid,55,57.5,55-60,15,6,0.4,0.5666666666666667,-0.16666666666666663,0.19824228082594664,0.642535572434923
Other,3,Q3 Mid,60,62.5,60-65,8,3,0.375,0.61625,-0.24124999999999996,0.13684175946152105,0.6942621454161981
Other,3,Q3 Mid,65,67.5,65-70,16,11,0.6875,0.666875,0.020625000000000004,0.4440393186673406,0.8583556494803894
Other,3,Q3 Mid,70,72.5,70-75,14,12,0.8571428571428571,0.7192857142857143,0.1378571428571428,0.600580922361363,0.9599069262620787
Other,3,Q3 Mid,75,77.5,75-80,15,11,0.7333333333333333,0.772,-0.03866666666666674,0.4804911034231324,0.8910272389681718
Other,3,Q3 Mid,80,82.5,80-85,14,13,0.9285714285714286,0.822857142857143,0.10571428571428565,0.6853073044604219,0.9872781138877085
Other,3,Q3 Mid,85,87.5,85-90,23,18,0.782608695652174,0.8682608695652173,-0.08565217391304336,0.5809611981726508,0.9033616439828094
Other,3,Q3 Mid,90,92.5,90-95,56,52,0.9285714285714286,0.9183928571428571,0.010178571428571481,0.830243171685138,0.9718744187536204
Other,3,Q3 Mid,95,97.5,95-100,310,304,0.9806451612903225,0.9833225806451612,-0.0026774193548386727,0.9584234043788892,0.9911001769436633
Other,4,Q4 Mid-High,0,2.5,0-5,1283,5,0.003897116134060795,0.014957131722525331,-0.011060015588464537,0.0016657044233291643,0.009090553378718889
Other,4,Q4 Mid-High,5,7.5,5-10,170,4,0.023529411764705882,0.06529411764705882,-0.04176470588235294,0.009187146558505468,0.05893003598008137
Other,4,Q4 Mid-High,10,12.5,10-15,68,5,0.07352941176470588,0.11470588235294117,-0.04117647058823529,0.03181437515487155,0.160853939581994
Other,4,Q4 Mid-High,15,17.5,15-20,54,6,0.1111111111111111,0.1674074074074074,-0.05629629629629629,0.05192951817556753,0.2219494893207673
Other,4,Q4 Mid-High,20,22.5,20-25,36,6,0.16666666666666666,0.21555555555555558,-0.048888888888888926,0.07870340628564097,0.3189111473467432
Other,4,Q4 Mid-High,25,27.5,25-30,26,6,0.23076923076923078,0.26576923076923076,-0.034999999999999976,0.11033699683676687,0.42051925751956787
Other,4,Q4 Mid-High,30,32.5,30-35,22,3,0.13636363636363635,0.3181818181818182,-0.18181818181818182,0.04748917264236269,0.3333541187947
Other,4,Q4 Mid-High,35,37.5,35-40,18,7,0.3888888888888889,0.3694444444444444,0.019444444444444486,0.20304991926931162,0.6138133141934384
Other,4,Q4 Mid-High,40,42.5,40-45,19,7,0.3684210526315789,0.4147368421052631,-0.0463157894736842,0.19149272376273843,0.5896084250184328
Other,4,Q4 Mid-High,45,47.5,45-50,14,7,0.5,0.4714285714285715,0.028571428571428525,0.2679886791947528,0.7320113208052472
Other,4,Q4 Mid-High,50,52.5,50-55,19,14,0.7368421052631579,0.5136842105263159,0.223157894736842,0.5120803155892935,0.8819376166045982
Other,4,Q4 Mid-High,55,57.5,55-60,16,9,0.5625,0.57375,-0.011249999999999982,0.33178195606776517,0.7690163666481448
Other,4,Q4 Mid-High,60,62.5,60-65,18,11,0.6111111111111112,0.6194444444444445,-0.008333333333333304,0.3861866858065617,0.7969500807306884
Other,4,Q4 Mid-High,65,67.5,65-70,22,14,0.6363636363636364,0.6622727272727273,-0.025909090909090993,0.4295134934371804,0.802670272273921
Other,4,Q4 Mid-High,70,72.5,70-75,18,15,0.8333333333333334,0.7183333333333333,0.1150000000000001,0.6077750036164076,0.9416352959953425
Other,4,Q4 Mid-High,75,77.5,75-80,18,15,0.8333333333333334,0.7705555555555555,0.06277777777777782,0.6077750036164076,0.9416352959953425
Other,4,Q4 Mid-High,80,82.5,80-85,24,18,0.75,0.81875,-0.06874999999999998,0.5510017468789357,0.8800079652065766
Other,4,Q4 Mid-High,85,87.5,85-90,40,33,0.825,0.8745,-0.0495000000000001,0.6804970794560755,0.9125469700311694
Other,4,Q4 Mid-High,90,92.5,90-95,69,68,0.9855072463768116,0.9197101449275362,0.06579710144927542,0.9223669266494263,0.9974371413556695
Other,4,Q4 Mid-High,95,97.5,95-100,647,643,0.9938176197836167,0.9831530139103555,0.010664605873261235,0.984212428480318,0.9975932827710834
Other,5,Q5 Highest,0,2.5,0-5,1557,1,0.0006422607578676942,0.013301220295439948,-0.012658959537572253,0.00011338087591401596,0.003629215425978501
Other,5,Q5 Highest,5,7.5,5-10,106,2,0.018867924528301886,0.06245283018867925,-0.04358490566037736,0.005189500019088127,0.0662005744153702
Other,5,Q5 Highest,10,12.5,10-15,48,2,0.041666666666666664,0.114375,-0.07270833333333335,0.011501652078965613,0.13975911147771472
Other,5,Q5 Highest,15,17.5,15-20,23,4,0.17391304347826086,0.16956521739130434,0.004347826086956524,0.06978540350612772,0.37138054785295666
Other,5,Q5 Highest,20,22.5,20-25,10,2,0.2,0.225,-0.024999999999999994,0.056680947980693314,0.5098431532792765
Other,5,Q5 Highest,25,27.5,25-30,12,3,0.25,0.2658333333333333,-0.01583333333333331,0.08894003962896138,0.53231033912066
Other,5,Q5 Highest,30,32.5,30-35,18,4,0.2222222222222222,0.3183333333333333,-0.09611111111111109,0.09000781913382,0.4521502645230549
Other,5,Q5 Highest,35,37.5,35-40,8,4,0.5,0.36625,0.13374999999999998,0.21521252682444186,0.7847874731755582
Other,5,Q5 Highest,40,42.5,40-45,9,3,0.3333333333333333,0.42111111111111116,-0.08777777777777784,0.12058159868274293,0.6458026525009102
Other,5,Q5 Highest,45,47.5,45-50,3,0,0.0,0.4633333333333334,-0.4633333333333334,0.0,0.5615060804490177
Other,5,Q5 Highest,50,52.5,50-55,9,2,0.2222222222222222,0.5122222222222222,-0.29000000000000004,0.06322376231222723,0.5474166563271946
Other,5,Q5 Highest,55,57.5,55-60,8,3,0.375,0.575,-0.19999999999999996,0.13684175946152105,0.6942621454161981
Other,5,Q5 Highest,60,62.5,60-65,6,5,0.8333333333333334,0.6166666666666667,0.21666666666666667,0.43649056343635395,0.9699474141282697
Other,5,Q5 Highest,65,67.5,65-70,7,6,0.8571428571428571,0.6685714285714286,0.1885714285714285,0.48686549668097007,0.9743210440510253
Other,5,Q5 Highest,70,72.5,70-75,9,7,0.7777777777777778,0.7255555555555556,0.05222222222222217,0.4525833436728054,0.9367762376877727
Other,5,Q5 Highest,75,77.5,75-80,14,12,0.8571428571428571,0.7678571428571429,0.08928571428571419,0.600580922361363,0.9599069262620787
Other,5,Q5 Highest,80,82.5,80-85,15,11,0.7333333333333333,0.826,-0.09266666666666667,0.4804911034231324,0.8910272389681718
Other,5,Q5 Highest,85,87.5,85-90,25,23,0.92,0.8704000000000001,0.04959999999999998,0.7503348787704218,0.977780066308908
Other,5,Q5 Highest,90,92.5,90-95,40,38,0.95,0.9235,0.026499999999999968,0.834958291820748,0.9861796228538989
Other,5,Q5 Highest,95,97.5,95-100,965,964,0.9989637305699481,0.9860414507772021,0.012922279792746072,0.9941534771264499,0.9998170542793029
Esports,1,Q1 Lowest,0,2.5,0-5,693,5,0.007215007215007215,0.02189033189033189,-0.014675324675324675,0.0030855972089685107,0.016777740456291428
Esports,1,Q1 Lowest,5,7.5,5-10,792,10,0.012626262626262626,0.06907828282828282,-0.0564520202020202,0.006872486732043322,0.023085233497710942
Esports,1,Q1 Lowest,10,12.5,10-15,351,20,0.05698005698005698,0.12162393162393162,-0.06464387464387464,0.037184961033727676,0.08636763257423712
Esports,1,Q1 Lowest,15,17.5,15-20,200,17,0.085,0.1685,-0.0835,0.05374529946985246,0.13189688544235392
Esports,1,Q1 Lowest,20,22.5,20-25,152,21,0.13815789473684212,0.22085526315789472,-0.0826973684210526,0.09217105465530898,0.20198403615484703
Esports,1,Q1 Lowest,25,27.5,25-30,136,21,0.15441176470588236,0.2707352941176471,-0.11632352941176471,0.10326721361886773,0.22454368099332203
Esports,1,Q1 Lowest,30,32.5,30-35,98,18,0.1836734693877551,0.31724489795918365,-0.13357142857142854,0.11945967624196774,0.2717517736959752
Esports,1,Q1 Lowest,35,37.5,35-40,69,17,0.2463768115942029,0.37,-0.12362318840579709,0.15989647451132608,0.35960886309795215
Esports,1,Q1 Lowest,40,42.5,40-45,62,17,0.27419354838709675,0.42258064516129035,-0.1483870967741936,0.17880918599092133,0.39592775843327255
Esports,1,Q1 Lowest,45,47.5,45-50,78,29,0.3717948717948718,0.46782051282051285,-0.09602564102564104,0.27293398524227175,0.4826915157254513
Esports,1,Q1 Lowest,50,52.5,50-55,35,14,0.4,0.5168571428571428,-0.11685714285714277,0.25550504933307244,0.5642758041848053
Esports,1,Q1 Lowest,55,57.5,55-60,19,9,0.47368421052631576,0.5673684210526315,-0.09368421052631576,0.27329505487448547,0.6829251748817489
Esports,1,Q1 Lowest,60,62.5,60-65,18,11,0.6111111111111112,0.6172222222222222,-0.006111111111111067,0.3861866858065617,0.7969500807306884
Esports,1,Q1 Lowest,65,67.5,65-70,13,8,0.6153846153846154,0.6715384615384616,-0.05615384615384622,0.35522480972268555,0.8229055341876319
Esports,1,Q1 Lowest,70,72.5,70-75,8,7,0.875,0.7175,0.15749999999999997,0.5291051942301386,0.9775830911367038
Esports,1,Q1 Lowest,75,77.5,75-80,2,2,1.0,0.77,0.22999999999999998,0.34237195288961925,1.0
Esports,1,Q1 Lowest,80,82.5,80-85,4,1,0.25,0.8225,-0.5725,0.045586062644636216,0.6993639475573634
Esports,1,Q1 Lowest,85,87.5,85-90,4,4,1.0,0.86,0.14,0.5100999795960008,1.0
Esports,1,Q1 Lowest,90,92.5,90-95,1,1,1.0,0.91,0.08999999999999997,0.20654329147389294,1.0
Esports,1,Q1 Lowest,95,97.5,95-100,2,1,0.5,0.965,-0.46499999999999997,0.09452865480086614,0.9054713451991339
Esports,2,Q2 Low-Mid,0,2.5,0-5,951,7,0.007360672975814932,0.020630914826498422,-0.013270241850683491,0.0035699600454740955,0.01511544285276578
Esports,2,Q2 Low-Mid,5,7.5,5-10,401,11,0.02743142144638404,0.06640897755610972,-0.03897755610972568,0.01538484370470691,0.04844654121225814
Esports,2,Q2 Low-Mid,10,12.5,10-15,188,9,0.047872340425531915,0.11776595744680851,-0.0698936170212766,0.02538701913178959,0.08846524231723919
Esports,2,Q2 Low-Mid,15,17.5,15-20,168,15,0.08928571428571429,0.16970238095238094,-0.08041666666666665,0.05485422114410893,0.14208063048669528
Esports,2,Q2 Low-Mid,20,22.5,20-25,137,18,0.13138686131386862,0.2162043795620438,-0.08481751824817518,0.08474946760988773,0.198132862610729
Esports,2,Q2 Low-Mid,25,27.5,25-30,97,13,0.13402061855670103,0.27103092783505156,-0.13701030927835053,0.08002380825349933,0.21590168281367925
Esports,2,Q2 Low-Mid,30,32.5,30-35,71,14,0.19718309859154928,0.3208450704225352,-0.1236619718309859,0.12125422432474278,0.3041989995507489
Esports,2,Q2 Low-Mid,35,37.5,35-40,62,16,0.25806451612903225,0.3716129032258065,-0.11354838709677423,0.16554737249309678,0.37881363938996804
Esports,2,Q2 Low-Mid,40,42.5,40-45,54,14,0.25925925925925924,0.4224074074074074,-0.16314814814814815,0.16118507964793902,0.38931144880217294
Esports,2,Q2 Low-Mid,45,47.5,45-50,25,7,0.28,0.4664,-0.18639999999999995,0.1428367383738157,0.47576971896558296
Esports,2,Q2 Low-Mid,50,52.5,50-55,27,7,0.25925925925925924,0.5177777777777778,-0.25851851851851854,0.13170208422866778,0.4467893040261568
Esports,2,Q2 Low-Mid,55,57.5,55-60,22,7,0.3181818181818182,0.5681818181818182,-0.25000000000000006,0.1636038735469248,0.5268177721716065
Esports,2,Q2 Low-Mid,60,62.5,60-65,12,7,0.5833333333333334,0.6208333333333333,-0.03749999999999998,0.3195073356553728,0.8067425380947535
Esports,2,Q2 Low-Mid,65,67.5,65-70,11,7,0.6363636363636364,0.67,-0.033636363636363686,0.35379677689163724,0.8483377638586862
Esports,2,Q2 Low-Mid,70,72.5,70-75,7,5,0.7142857142857143,0.7242857142857143,-0.010000000000000009,0.35892909014821267,0.9177828342909844
Esports,2,Q2 Low-Mid,75,77.5,75-80,2,2,1.0,0.77,0.22999999999999998,0.34237195288961925,1.0
Esports,2,Q2 Low-Mid,90,92.5,90-95,2,2,1.0,0.9,0.09999999999999998,0.34237195288961925,1.0
Esports,2,Q2 Low-Mid,95,97.5,95-100,3,3,1.0,0.9766666666666667,0.023333333333333317,0.43849391955098227,1.0
Esports,3,Q3 Mid,0,2.5,0-5,859,3,0.0034924330616996507,0.013166472642607683,-0.009674039580908032,0.0011884164608494587,0.010217616813392302
Esports,3,Q3 Mid,5,7.5,5-10,292,11,0.03767123287671233,0.07047945205479453,-0.0328082191780822,0.021162783650548744,0.0661866628099896
Esports,3,Q3 Mid,10,12.5,10-15,158,8,0.05063291139240506,0.12056962025316455,-0.06993670886075948,0.02587651500396356,0.09672237180882129
Esports,3,Q3 Mid,15,17.5,15-20,107,6,0.056074766355140186,0.1677570093457944,-0.11168224299065421,0.025950008789329404,0.11697106055647577
Esports,3,Q3 Mid,20,22.5,20-25,68,8,0.11764705882352941,0.21867647058823528,-0.10102941176470587,0.06083419938921196,0.21535118623694333
Esports,3,Q3 Mid,25,27.5,25-30,65,13,0.2,0.2703076923076923,-0.0703076923076923,0.12077845770945213,0.31270362289297426
Esports,3,Q3 Mid,30,32.5,30-35,48,8,0.16666666666666666,0.31708333333333333,-0.15041666666666667,0.08695410039453222,0.29578100037396254
Esports,3,Q3 Mid,35,37.5,35-40,33,10,0.30303030303030304,0.3709090909090909,-0.06787878787878787,0.17375347814547223,0.4733845397473445
Esports,3,Q3 Mid,40,42.5,40-45,25,6,0.24,0.42119999999999996,-0.18119999999999997,0.11496157730326725,0.43430059955238565
Esports,3,Q3 Mid,45,47.5,45-50,20,8,0.4,0.47,-0.06999999999999995,0.21880396741419272,0.613422057684794
Esports,3,Q3 Mid,50,52.5,50-55,26,11,0.4230769230769231,0.5157692307692308,-0.09269230769230768,0.255441899027294,0.6105170307888017
Esports,3,Q3 Mid,55,57.5,55-60,14,11,0.7857142857142857,0.5642857142857143,0.22142857142857142,0.5241027622679172,0.9242875166308363
Esports,3,Q3 Mid,60,62.5,60-65,9,3,0.3333333333333333,0.6177777777777778,-0.28444444444444444,0.12058159868274293,0.6458026525009102
Esports,3,Q3 Mid,65,67.5,65-70,5,2,0.4,0.662,-0.262,0.1176182311592533,0.769280067791163
Esports,3,Q3 Mid,70,72.5,70-75,4,4,1.0,0.7225,0.27749999999999997,0.5100999795960008,1.0
Esports,3,Q3 Mid,75,77.5,75-80,5,5,1.0,0.78,0.21999999999999997,0.5655085052479191,1.0
Esports,3,Q3 Mid,80,82.5,80-85,2,2,1.0,0.815,0.18500000000000005,0.34237195288961925,1.0
Esports,3,Q3 Mid,85,87.5,85-90,7,7,1.0,0.8685714285714287,0.13142857142857134,0.6456611570247934,1.0
Esports,3,Q3 Mid,95,97.5,95-100,3,3,1.0,0.99,0.010000000000000009,0.43849391955098227,1.0
Esports,4,Q4 Mid-High,0,2.5,0-5,495,0,0.0,0.00882828282828283,-0.00882828282828283,4.336808689942018e-19,0.007701041773581031
Esports,4,Q4 Mid-High,5,7.5,5-10,109,2,0.01834862385321101,0.06660550458715596,-0.04825688073394495,0.0050462566124631555,0.06444584559097954
Esports,4,Q4 Mid-High,10,12.5,10-15,47,3,0.06382978723404255,0.12106382978723404,-0.05723404255319149,0.0219449870207728,0.17162877934377904
Esports,4,Q4 Mid-High,15,17.5,15-20,39,4,0.10256410256410256,0.16871794871794873,-0.06615384615384617,0.04061265558286986,0.2357915870224483
Esports,4,Q4 Mid-High,20,22.5,20-25,27,3,0.1111111111111111,0.2185185185185185,-0.1074074074074074,0.03851964789498724,0.2805818254397295
Esports,4,Q4 Mid-High,25,27.5,25-30,32,7,0.21875,0.268125,-0.049375,0.11023696931531854,0.3875533079044484
Esports,4,Q4 Mid-High,30,32.5,30-35,18,2,0.1111111111111111,0.3138888888888889,-0.20277777777777778,0.031018868453582787,0.3280024486660421
Esports,4,Q4 Mid-High,35,37.5,35-40,14,2,0.14285714285714285,0.36714285714285716,-0.2242857142857143,0.040093073737921175,0.39941907763863693
Esports,4,Q4 Mid-High,40,42.5,40-45,18,2,0.1111111111111111,0.42111111111111116,-0.31000000000000005,0.031018868453582787,0.3280024486660421
Esports,4,Q4 Mid-High,45,47.5,45-50,15,7,0.4666666666666667,0.4713333333333333,-0.004666666666666652,0.24809225259746442,0.6988336984894921
Esports,4,Q4 Mid-High,50,52.5,50-55,10,5,0.5,0.509,-0.009000000000000008,0.23658959361548731,0.7634104063845126
Esports,4,Q4 Mid-High,55,57.5,55-60,6,4,0.6666666666666666,0.57,0.09666666666666668,0.29998832134152864,0.9032306674407831
Esports,4,Q4 Mid-High,60,62.5,60-65,5,3,0.6,0.624,-0.02400000000000002,0.23071993220883708,0.8823817688407467
Esports,4,Q4 Mid-High,65,67.5,65-70,1,0,0.0,0.68,-0.68,0.0,0.7934567085261071
Esports,4,Q4 Mid-High,70,72.5,70-75,2,0,0.0,0.7,-0.7,0.0,0.6576280471103807
Esports,4,Q4 Mid-High,75,77.5,75-80,4,2,0.5,0.755,-0.255,0.15003570882017148,0.8499642911798285
Esports,4,Q4 Mid-High,80,82.5,80-85,4,4,1.0,0.8125,0.1875,0.5100999795960008,1.0
Esports,4,Q4 Mid-High,85,87.5,85-90,6,6,1.0,0.8633333333333333,0.13666666666666671,0.6096569663469354,0.9999999999999999
Esports,4,Q4 Mid-High,90,92.5,90-95,5,4,0.8,0.9179999999999999,-0.11799999999999988,0.3755282641185388,0.9637768390302125
Esports,4,Q4 Mid-High,95,97.5,95-100,12,12,1.0,0.99,0.010000000000000009,0.7574992425007574,1.0
Esports,5,Q5 Highest,0,2.5,0-5,177,0,0.0,0.009152542372881356,-0.009152542372881356,0.0,0.02124289986374816
Esports,5,Q5 Highest,5,7.5,5-10,21,0,0.0,0.07142857142857144,-0.07142857142857144,0.0,0.15464382326420195
Esports,5,Q5 Highest,10,12.5,10-15,9,0,0.0,0.12222222222222222,-0.12222222222222222,0.0,0.2991527535509594
Esports,5,Q5 Highest,15,17.5,15-20,9,1,0.1111111111111111,0.1688888888888889,-0.05777777777777779,0.019890371327130535,0.4350062147680601
Esports,5,Q5 Highest,20,22.5,20-25,2,0,0.0,0.23,-0.23,0.0,0.6576280471103807
Esports,5,Q5 Highest,25,27.5,25-30,9,2,0.2222222222222222,0.26666666666666666,-0.04444444444444445,0.06322376231222723,0.5474166563271946
Esports,5,Q5 Highest,30,32.5,30-35,7,1,0.14285714285714285,0.3157142857142857,-0.17285714285714288,0.02567895594897479,0.51313450331903
Esports,5,Q5 Highest,35,37.5,35-40,6,2,0.3333333333333333,0.38,-0.04666666666666669,0.09676933255921683,0.7000116786584712
Esports,5,Q5 Highest,40,42.5,40-45,3,0,0.0,0.41666666666666663,-0.41666666666666663,0.0,0.5615060804490177
Esports,5,Q5 Highest,45,47.5,45-50,3,0,0.0,0.46,-0.46,0.0,0.5615060804490177
Esports,5,Q5 Highest,50,52.5,50-55,2,0,0.0,0.535,-0.535,0.0,0.6576280471103807
Esports,5,Q5 Highest,55,57.5,55-60,2,1,0.5,0.55,-0.050000000000000044,0.09452865480086614,0.9054713451991339
Esports,5,Q5 Highest,60,62.5,60-65,2,1,0.5,0.62,-0.12,0.09452865480086614,0.9054713451991339
Esports,5,Q5 Highest,70,72.5,70-75,2,1,0.5,0.74,-0.24,0.09452865480086614,0.9054713451991339
Esports,5,Q5 Highest,80,82.5,80-85,1,1,1.0,0.83,0.17000000000000004,0.20654329147389294,1.0
Esports,5,Q5 Highest,85,87.5,85-90,5,5,1.0,0.858,0.14200000000000002,0.5655085052479191,1.0
Esports,5,Q5 Highest,90,92.5,90-95,1,1,1.0,0.93,0.06999999999999995,0.20654329147389294,1.0
Esports,5,Q5 Highest,95,97.5,95-100,86,85,0.9883720930232558,0.9887209302325581,-0.00034883720930234396,0.9370344119330343,0.9979444842575944
Media,1,Q1 Lowest,0,2.5,0-5,188,1,0.005319148936170213,0.01803191489361702,-0.012712765957446807,0.0009395541295989223,0.02951056722051492
Media,1,Q1 Lowest,5,7.5,5-10,83,0,0.0,0.06397590361445783,-0.06397590361445783,3.469446951953614e-18,0.04423686343872062
Media,1,Q1 Lowest,10,12.5,10-15,27,0,0.0,0.11962962962962964,-0.11962962962962964,6.938893903907228e-18,0.12455903714463581
Media,1,Q1 Lowest,15,17.5,15-20,15,0,0.0,0.16466666666666666,-0.16466666666666666,0.0,0.20388926630434784
Media,1,Q1 Lowest,20,22.5,20-25,12,0,0.0,0.20916666666666667,-0.20916666666666667,0.0,0.2425007574992425
Media,1,Q1 Lowest,25,27.5,25-30,9,0,0.0,0.2788888888888889,-0.2788888888888889,0.0,0.2991527535509594
Media,1,Q1 Lowest,30,32.5,30-35,3,0,0.0,0.33333333333333337,-0.33333333333333337,0.0,0.5615060804490177
Media,1,Q1 Lowest,35,37.5,35-40,6,1,0.16666666666666666,0.36166666666666664,-0.19499999999999998,0.03005258587173032,0.563509436563646
Media,1,Q1 Lowest,40,42.5,40-45,1,0,0.0,0.44,-0.44,0.0,0.7934567085261071
Media,1,Q1 Lowest,45,47.5,45-50,6,2,0.3333333333333333,0.4733333333333334,-0.14000000000000007,0.09676933255921683,0.7000116786584712
Media,1,Q1 Lowest,55,57.5,55-60,4,2,0.5,0.5775,-0.07750000000000001,0.15003570882017148,0.8499642911798285
Media,1,Q1 Lowest,60,62.5,60-65,1,0,0.0,0.6,-0.6,0.0,0.7934567085261071
Media,1,Q1 Lowest,65,67.5,65-70,2,1,0.5,0.65,-0.15000000000000002,0.09452865480086614,0.9054713451991339
Media,1,Q1 Lowest,70,72.5,70-75,1,1,1.0,0.7,0.30000000000000004,0.20654329147389294,1.0
Media,1,Q1 Lowest,75,77.5,75-80,2,0,0.0,0.785,-0.785,0.0,0.6576280471103807
Media,1,Q1 Lowest,80,82.5,80-85,3,2,0.6666666666666666,0.82,-0.15333333333333332,0.2076549551264879,0.9385096847238394
Media,1,Q1 Lowest,85,87.5,85-90,5,2,0.4,0.868,-0.46799999999999997,0.1176182311592533,0.769280067791163
Media,1,Q1 Lowest,90,92.5,90-95,6,4,0.6666666666666666,0.9116666666666667,-0.2450000000000001,0.29998832134152864,0.9032306674407831
Media,1,Q1 Lowest,95,97.5,95-100,69,68,0.9855072463768116,0.983623188405797,0.0018840579710146521,0.9223669266494263,0.9974371413556695
Media,2,Q2 Low-Mid,0,2.5,0-5,342,2,0.005847953216374269,0.017690058479532166,-0.011842105263157897,0.0016051537631270336,0.021068810271274843
Media,2,Q2 Low-Mid,5,7.5,5-10,104,1,0.009615384615384616,0.06375,-0.054134615384615385,0.0016993291044208915,0.05246900667694733
Media,2,Q2 Low-Mid,10,12.5,10-15,39,1,0.02564102564102564,0.11512820512820512,-0.08948717948717949,0.00454058606523737,0.13181286478627147
Media,2,Q2 Low-Mid,15,17.5,15-20,22,3,0.13636363636363635,0.16818181818181815,-0.0318181818181818,0.04748917264236269,0.3333541187947
Media,2,Q2 Low-Mid,20,22.5,20-25,15,0,0.0,0.22,-0.22,0.0,0.20388926630434784
Media,2,Q2 Low-Mid,25,27.5,25-30,8,1,0.125,0.27375,-0.14875,0.02241690886329617,0.4708948057698615
Media,2,Q2 Low-Mid,30,32.5,30-35,10,0,0.0,0.327,-0.327,0.0,0.2775401687666166
Media,2,Q2 Low-Mid,35,37.5,35-40,7,0,0.0,0.35285714285714287,-0.35285714285714287,0.0,0.35433884297520657
Media,2,Q2 Low-Mid,40,42.5,40-45,5,2,0.4,0.42,-0.019999999999999962,0.1176182311592533,0.769280067791163
Media,2,Q2 Low-Mid,45,47.5,45-50,4,2,0.5,0.48,0.020000000000000018,0.15003570882017148,0.8499642911798285
Media,2,Q2 Low-Mid,50,52.5,50-55,2,0,0.0,0.53,-0.53,0.0,0.6576280471103807
Media,2,Q2 Low-Mid,55,57.5,55-60,5,4,0.8,0.564,0.2360000000000001,0.3755282641185388,0.9637768390302125
Media,2,Q2 Low-Mid,60,62.5,60-65,6,6,1.0,0.6333333333333333,0.3666666666666667,0.6096569663469354,0.9999999999999999
Media,2,Q2 Low-Mid,65,67.5,65-70,1,0,0.0,0.65,-0.65,0.0,0.7934567085261071
Media,2,Q2 Low-Mid,75,77.5,75-80,6,5,0.8333333333333334,0.7683333333333333,0.06500000000000006,0.43649056343635395,0.9699474141282697
Media,2,Q2 Low-Mid,80,82.5,80-85,4,3,0.75,0.8225,-0.07250000000000001,0.3006360524426366,0.9544139373553637
Media,2,Q2 Low-Mid,85,87.5,85-90,2,2,1.0,0.87,0.13,0.34237195288961925,1.0
Media,2,Q2 Low-Mid,90,92.5,90-95,9,7,0.7777777777777778,0.9244444444444444,-0.1466666666666666,0.4525833436728054,0.9367762376877727
Media,2,Q2 Low-Mid,95,97.5,95-100,86,84,0.9767441860465116,0.983953488372093,-0.007209302325581368,0.9191182859198535,0.993599207980522
Media,3,Q3 Mid,0,2.5,0-5,683,1,0.0014641288433382138,0.016749633967789165,-0.01528550512445095,0.00025849481353819315,0.008246522937279463
Media,3,Q3 Mid,5,7.5,5-10,168,1,0.005952380952380952,0.06327380952380952,-0.05732142857142857,0.0010514882493867714,0.03294260863984144
Media,3,Q3 Mid,10,12.5,10-15,63,2,0.031746031746031744,0.11666666666666665,-0.08492063492063491,0.00874934404029698,0.10856681834959193
Media,3,Q3 Mid,15,17.5,15-20,38,1,0.02631578947368421,0.16710526315789473,-0.14078947368421052,0.004660467553530057,0.13495178436800254
Media,3,Q3 Mid,20,22.5,20-25,33,2,0.06060606060606061,0.21666666666666667,-0.15606060606060607,0.016780530429070947,0.19606581717798194
Media,3,Q3 Mid,25,27.5,25-30,14,1,0.07142857142857142,0.25857142857142856,-0.18714285714285714,0.012721886112291636,0.3146926955395781
Media,3,Q3 Mid,30,32.5,30-35,14,1,0.07142857142857142,0.32357142857142857,-0.2521428571428571,0.012721886112291636,0.3146926955395781
Media,3,Q3 Mid,35,37.5,35-40,12,4,0.3333333333333333,0.36583333333333334,-0.03250000000000003,0.13811783989736134,0.609382412602386
Media,3,Q3 Mid,40,42.5,40-45,9,1,0.1111111111111111,0.41333333333333333,-0.3022222222222222,0.019890371327130535,0.4350062147680601
Media,3,Q3 Mid,45,47.5,45-50,3,1,0.3333333333333333,0.48,-0.14666666666666667,0.0614903152761605,0.7923450448735121
Media,3,Q3 Mid,50,52.5,50-55,10,6,0.6,0.521,0.07899999999999996,0.3126695474501864,0.8318224187964902
Media,3,Q3 Mid,55,57.5,55-60,4,1,0.25,0.585,-0.33499999999999996,0.045586062644636216,0.6993639475573634
Media,3,Q3 Mid,60,62.5,60-65,11,6,0.5454545454545454,0.6163636363636363,-0.07090909090909092,0.28008775568998817,0.7872904245601196
Media,3,Q3 Mid,65,67.5,65-70,11,6,0.5454545454545454,0.6690909090909091,-0.12363636363636366,0.28008775568998817,0.7872904245601196
Media,3,Q3 Mid,70,72.5,70-75,10,9,0.9,0.722,0.17800000000000005,0.5958436145024278,0.9821242504842788
Media,3,Q3 Mid,75,77.5,75-80,13,10,0.7692307692307693,0.7623076923076922,0.006923076923077032,0.49743126004873084,0.918206209075343
Media,3,Q3 Mid,80,82.5,80-85,13,12,0.9230769230769231,0.8253846153846154,0.09769230769230774,0.6668546607175265,0.9862899336203037
Media,3,Q3 Mid,85,87.5,85-90,14,12,0.8571428571428571,0.8692857142857143,-0.012142857142857233,0.600580922361363,0.9599069262620787
Media,3,Q3 Mid,90,92.5,90-95,42,40,0.9523809523809523,0.9226190476190476,0.029761904761904767,0.8420986468452026,0.9868427513607937
Media,3,Q3 Mid,95,97.5,95-100,332,329,0.9909638554216867,0.9847891566265061,0.006174698795180622,0.9737734234312272,0.9969222854982205
Media,4,Q4 Mid-High,0,2.5,0-5,1329,2,0.0015048908954100827,0.015048908954100828,-0.013544018058690745,0.0004127837770752417,0.0054705860097021206
Media,4,Q4 Mid-High,5,7.5,5-10,162,3,0.018518518518518517,0.06753086419753086,-0.049012345679012345,0.0063175154296968815,0.053025858006159984
Media,4,Q4 Mid-High,10,12.5,10-15,75,3,0.04,0.11306666666666666,-0.07306666666666667,0.013695816001486477,0.11113168623083756
Media,4,Q4 Mid-High,15,17.5,15-20,54,4,0.07407407407407407,0.16462962962962963,-0.09055555555555556,0.029181055323684174,0.17554357193420633
Media,4,Q4 Mid-High,20,22.5,20-25,33,1,0.030303030303030304,0.21606060606060606,-0.18575757575757576,0.005369272089651725,0.15319061673168066
Media,4,Q4 Mid-High,25,27.5,25-30,15,1,0.06666666666666667,0.258,-0.19133333333333336,0.011866588606194856,0.2981707755242399
Media,4,Q4 Mid-High,30,32.5,30-35,21,7,0.3333333333333333,0.3133333333333333,0.020000000000000018,0.17194536432683688,0.5462692434278971
Media,4,Q4 Mid-High,35,37.5,35-40,12,2,0.16666666666666666,0.37,-0.20333333333333334,0.04696414761482223,0.44803635738467273
Media,4,Q4 Mid-High,40,42.5,40-45,7,1,0.14285714285714285,0.41857142857142854,-0.2757142857142857,0.02567895594897479,0.51313450331903
Media,4,Q4 Mid-High,45,47.5,45-50,11,5,0.45454545454545453,0.4672727272727273,-0.012727272727272754,0.21270957543988045,0.7199122443100118
Media,4,Q4 Mid-High,50,52.5,50-55,12,6,0.5,0.5158333333333334,-0.015833333333333366,0.2537781703934222,0.7462218296065778
Media,4,Q4 Mid-High,55,57.5,55-60,9,4,0.4444444444444444,0.57,-0.12555555555555553,0.188775429471914,0.7333526542559703
Media,4,Q4 Mid-High,60,62.5,60-65,9,3,0.3333333333333333,0.6244444444444445,-0.29111111111111115,0.12058159868274293,0.6458026525009102
Media,4,Q4 Mid-High,65,67.5,65-70,13,5,0.38461538461538464,0.67,-0.2853846153846154,0.17709446581236818,0.6447751902773146
Media,4,Q4 Mid-High,70,72.5,70-75,12,9,0.75,0.7166666666666667,0.033333333333333326,0.46768966087934005,0.9110599603710386
Media,4,Q4 Mid-High,75,77.5,75-80,11,7,0.6363636363636364,0.7754545454545455,-0.13909090909090915,0.35379677689163724,0.8483377638586862
Media,4,Q4 Mid-High,80,82.5,80-85,18,15,0.8333333333333334,0.8205555555555556,0.012777777777777777,0.6077750036164076,0.9416352959953425
Media,4,Q4 Mid-High,85,87.5,85-90,28,26,0.9285714285714286,0.8725,0.05607142857142855,0.7735426157408214,0.9801883525522292
Media,4,Q4 Mid-High,90,92.5,90-95,60,58,0.9666666666666667,0.9186666666666666,0.04800000000000004,0.8863601247107462,0.9908108735098498
Media,4,Q4 Mid-High,95,97.5,95-100,864,859,0.9942129629629629,0.9853703703703703,0.008842592592592569,0.9865248435199916,0.9975257021095332
Media,5,Q5 Highest,0,2.5,0-5,828,0,0.0,0.014565217391304348,-0.014565217391304348,0.0,0.004618186924049001
Media,5,Q5 Highest,5,7.5,5-10,73,2,0.0273972602739726,0.06547945205479452,-0.03808219178082192,0.007545600452515573,0.09450328973196781
Media,5,Q5 Highest,10,12.5,10-15,24,2,0.08333333333333333,0.11625,-0.03291666666666668,0.023158327842973503,0.258492152014506
Media,5,Q5 Highest,15,17.5,15-20,23,2,0.08695652173913043,0.16608695652173913,-0.0791304347826087,0.02417949540723341,0.2679640429809402
Media,5,Q5 Highest,20,22.5,20-25,14,2,0.14285714285714285,0.21642857142857141,-0.07357142857142857,0.040093073737921175,0.39941907763863693
Media,5,Q5 Highest,25,27.5,25-30,5,3,0.6,0.268,0.33199999999999996,0.23071993220883708,0.8823817688407467
Media,5,Q5 Highest,30,32.5,30-35,10,1,0.1,0.315,-0.215,0.01787574951572113,0.4041563854975721
Media,5,Q5 Highest,35,37.5,35-40,8,2,0.25,0.3575,-0.10749999999999998,0.07147768885802763,0.5907301208974108
Media,5,Q5 Highest,40,42.5,40-45,3,1,0.3333333333333333,0.43666666666666665,-0.10333333333333333,0.0614903152761605,0.7923450448735121
Media,5,Q5 Highest,45,47.5,45-50,7,2,0.2857142857142857,0.46285714285714286,-0.17714285714285716,0.0822171657090155,0.6410709098517873
Media,5,Q5 Highest,50,52.5,50-55,6,2,0.3333333333333333,0.5166666666666666,-0.1833333333333333,0.09676933255921683,0.7000116786584712
Media,5,Q5 Highest,55,57.5,55-60,3,3,1.0,0.57,0.43000000000000005,0.43849391955098227,1.0
Media,5,Q5 Highest,60,62.5,60-65,6,5,0.8333333333333334,0.6116666666666667,0.22166666666666668,0.43649056343635395,0.9699474141282697
Media,5,Q5 Highest,65,67.5,65-70,5,3,0.6,0.6759999999999999,-0.07599999999999996,0.23071993220883708,0.8823817688407467
Media,5,Q5 Highest,70,72.5,70-75,4,3,0.75,0.7075,0.04249999999999998,0.3006360524426366,0.9544139373553637
Media,5,Q5 Highest,75,77.5,75-80,10,9,0.9,0.7709999999999999,0.12900000000000011,0.5958436145024278,0.9821242504842788
Media,5,Q5 Highest,80,82.5,80-85,5,4,0.8,0.818,-0.017999999999999905,0.3755282641185388,0.9637768390302125
Media,5,Q5 Highest,85,87.5,85-90,16,14,0.875,0.868125,0.0068749999999999645,0.6397666856325173,0.9650232506629428
Media,5,Q5 Highest,90,92.5,90-95,26,24,0.9230769230769231,0.9223076923076923,0.0007692307692308553,0.7585805251948495,0.9786453608166245
Media,5,Q5 Highest,95,97.5,95-100,581,581,1.0,0.987538726333907,0.012461273666092954,0.9934313838140104,0.9999999999999999
Politics,1,Q1 Lowest,0,2.5,0-5,81,0,0.0,0.013703703703703704,-0.013703703703703704,0.0,0.04527967412212876
Politics,1,Q1 Lowest,5,7.5,5-10,11,0,0.0,0.06363636363636363,-0.06363636363636363,2.7755575615628914e-17,0.2588400172488141
Politics,1,Q1 Lowest,10,12.5,10-15,9,0,0.0,0.11222222222222221,-0.11222222222222221,0.0,0.2991527535509594
Politics,1,Q1 Lowest,15,17.5,15-20,4,1,0.25,0.1625,0.0875,0.045586062644636216,0.6993639475573634
Politics,1,Q1 Lowest,20,22.5,20-25,2,0,0.0,0.205,-0.205,0.0,0.6576280471103807
Politics,1,Q1 Lowest,25,27.5,25-30,3,0,0.0,0.2733333333333333,-0.2733333333333333,0.0,0.5615060804490177
Politics,1,Q1 Lowest,30,32.5,30-35,3,0,0.0,0.31666666666666665,-0.31666666666666665,0.0,0.5615060804490177
Politics,1,Q1 Lowest,35,37.5,35-40,5,0,0.0,0.35600000000000004,-0.35600000000000004,0.0,0.43449149475208104
Politics,1,Q1 Lowest,40,42.5,40-45,1,0,0.0,0.42,-0.42,0.0,0.7934567085261071
Politics,1,Q1 Lowest,45,47.5,45-50,3,0,0.0,0.47,-0.47,0.0,0.5615060804490177
Politics,1,Q1 Lowest,50,52.5,50-55,2,0,0.0,0.51,-0.51,0.0,0.6576280471103807
Politics,1,Q1 Lowest,70,72.5,70-75,1,0,0.0,0.72,-0.72,0.0,0.7934567085261071
Politics,1,Q1 Lowest,85,87.5,85-90,1,1,1.0,0.87,0.13,0.20654329147389294,1.0
Politics,1,Q1 Lowest,90,92.5,90-95,6,6,1.0,0.9216666666666667,0.07833333333333325,0.6096569663469354,0.9999999999999999
Politics,1,Q1 Lowest,95,97.5,95-100,30,30,1.0,0.9840000000000001,0.015999999999999903,0.8864829086095221,1.0
Politics,2,Q2 Low-Mid,0,2.5,0-5,95,1,0.010526315789473684,0.013473684210526315,-0.002947368421052631,0.0018605283639709959,0.05724009323665061
Politics,2,Q2 Low-Mid,5,7.5,5-10,18,1,0.05555555555555555,0.06222222222222222,-0.006666666666666668,0.009874935830924525,0.2575779980200754
Politics,2,Q2 Low-Mid,10,12.5,10-15,10,0,0.0,0.125,-0.125,0.0,0.2775401687666166
Politics,2,Q2 Low-Mid,15,17.5,15-20,8,0,0.0,0.15875,-0.15875,0.0,0.3244156195108769
Politics,2,Q2 Low-Mid,20,22.5,20-25,3,1,0.3333333333333333,0.22666666666666668,0.10666666666666663,0.0614903152761605,0.7923450448735121
Politics,2,Q2 Low-Mid,25,27.5,25-30,3,0,0.0,0.26666666666666666,-0.26666666666666666,0.0,0.5615060804490177
Politics,2,Q2 Low-Mid,30,32.5,30-35,3,0,0.0,0.32,-0.32,0.0,0.5615060804490177
Politics,2,Q2 Low-Mid,35,37.5,35-40,2,0,0.0,0.37,-0.37,0.0,0.6576280471103807
Politics,2,Q2 Low-Mid,45,47.5,45-50,4,0,0.0,0.4675,-0.4675,0.0,0.48990002040399916
Politics,2,Q2 Low-Mid,50,52.5,50-55,2,0,0.0,0.52,-0.52,0.0,0.6576280471103807
Politics,2,Q2 Low-Mid,55,57.5,55-60,3,2,0.6666666666666666,0.5566666666666666,0.10999999999999999,0.2076549551264879,0.9385096847238394
Politics,2,Q2 Low-Mid,60,62.5,60-65,4,2,0.5,0.61,-0.10999999999999999,0.15003570882017148,0.8499642911798285
Politics,2,Q2 Low-Mid,65,67.5,65-70,3,0,0.0,0.6633333333333333,-0.6633333333333333,0.0,0.5615060804490177
Politics,2,Q2 Low-Mid,80,82.5,80-85,4,4,1.0,0.8275,0.1725,0.5100999795960008,1.0
Politics,2,Q2 Low-Mid,85,87.5,85-90,3,3,1.0,0.8733333333333333,0.1266666666666667,0.43849391955098227,1.0
Politics,2,Q2 Low-Mid,90,92.5,90-95,6,6,1.0,0.9216666666666667,0.07833333333333325,0.6096569663469354,0.9999999999999999
Politics,2,Q2 Low-Mid,95,97.5,95-100,40,40,1.0,0.98425,0.015750000000000042,0.9123754607496077,1.0
Politics,3,Q3 Mid,0,2.5,0-5,306,0,0.0,0.013071895424836602,-0.013071895424836602,0.0,0.012398593345761188
Politics,3,Q3 Mid,5,7.5,5-10,30,0,0.0,0.06833333333333333,-0.06833333333333333,0.0,0.113517091390478
Politics,3,Q3 Mid,10,12.5,10-15,12,0,0.0,0.10916666666666666,-0.10916666666666666,0.0,0.2425007574992425
Politics,3,Q3 Mid,15,17.5,15-20,4,1,0.25,0.175,0.07500000000000001,0.045586062644636216,0.6993639475573634
Politics,3,Q3 Mid,20,22.5,20-25,6,0,0.0,0.20833333333333331,-0.20833333333333331,0.0,0.3903430336530645
Politics,3,Q3 Mid,25,27.5,25-30,3,0,0.0,0.27,-0.27,0.0,0.5615060804490177
Politics,3,Q3 Mid,30,32.5,30-35,2,1,0.5,0.315,0.185,0.09452865480086614,0.9054713451991339
Politics,3,Q3 Mid,35,37.5,35-40,4,0,0.0,0.37,-0.37,0.0,0.48990002040399916
Politics,3,Q3 Mid,40,42.5,40-45,3,0,0.0,0.43,-0.43,0.0,0.5615060804490177
Politics,3,Q3 Mid,45,47.5,45-50,2,1,0.5,0.47,0.030000000000000027,0.09452865480086614,0.9054713451991339
Politics,3,Q3 Mid,50,52.5,50-55,1,0,0.0,0.51,-0.51,0.0,0.7934567085261071
Politics,3,Q3 Mid,55,57.5,55-60,3,2,0.6666666666666666,0.5533333333333333,0.11333333333333329,0.2076549551264879,0.9385096847238394
Politics,3,Q3 Mid,60,62.5,60-65,3,2,0.6666666666666666,0.63,0.036666666666666625,0.2076549551264879,0.9385096847238394
Politics,3,Q3 Mid,65,67.5,65-70,3,3,1.0,0.6833333333333332,0.31666666666666676,0.43849391955098227,1.0
Politics,3,Q3 Mid,70,72.5,70-75,1,1,1.0,0.71,0.29000000000000004,0.20654329147389294,1.0
Politics,3,Q3 Mid,75,77.5,75-80,2,2,1.0,0.755,0.245,0.34237195288961925,1.0
Politics,3,Q3 Mid,80,82.5,80-85,3,3,1.0,0.8133333333333332,0.18666666666666676,0.43849391955098227,1.0
Politics,3,Q3 Mid,85,87.5,85-90,5,4,0.8,0.8740000000000001,-0.07400000000000007,0.3755282641185388,0.9637768390302125
Politics,3,Q3 Mid,90,92.5,90-95,1,1,1.0,0.92,0.07999999999999996,0.20654329147389294,1.0
Politics,3,Q3 Mid,95,97.5,95-100,154,154,1.0,0.9855844155844156,0.014415584415584437,0.9756616760093663,0.9999999999999999
Politics,4,Q4 Mid-High,0,2.5,0-5,1027,1,0.0009737098344693282,0.012512171372930867,-0.011538461538461539,0.00017189995657547778,0.005494926062087331
Politics,4,Q4 Mid-High,5,7.5,5-10,47,0,0.0,0.06404255319148935,-0.06404255319148935,6.938893903907228e-18,0.0755601711983887
Politics,4,Q4 Mid-High,10,12.5,10-15,13,0,0.0,0.11692307692307692,-0.11692307692307692,0.0,0.22810184305529166
Politics,4,Q4 Mid-High,15,17.5,15-20,6,0,0.0,0.17,-0.17,0.0,0.3903430336530645
Politics,4,Q4 Mid-High,20,22.5,20-25,1,0,0.0,0.23,-0.23,0.0,0.7934567085261071
Politics,4,Q4 Mid-High,25,27.5,25-30,1,0,0.0,0.25,-0.25,0.0,0.7934567085261071
Politics,4,Q4 Mid-High,30,32.5,30-35,2,0,0.0,0.315,-0.315,0.0,0.6576280471103807
Politics,4,Q4 Mid-High,35,37.5,35-40,5,0,0.0,0.366,-0.366,0.0,0.43449149475208104
Politics,4,Q4 Mid-High,40,42.5,40-45,3,1,0.3333333333333333,0.41666666666666663,-0.08333333333333331,0.0614903152761605,0.7923450448735121
Politics,4,Q4 Mid-High,45,47.5,45-50,2,0,0.0,0.48,-0.48,0.0,0.6576280471103807
Politics,4,Q4 Mid-High,50,52.5,50-55,4,0,0.0,0.5225,-0.5225,0.0,0.48990002040399916
Politics,4,Q4 Mid-High,55,57.5,55-60,1,1,1.0,0.59,0.41000000000000003,0.20654329147389294,1.0
Politics,4,Q4 Mid-High,60,62.5,60-65,2,2,1.0,0.625,0.375,0.34237195288961925,1.0
Politics,4,Q4 Mid-High,65,67.5,65-70,4,3,0.75,0.665,0.08499999999999996,0.3006360524426366,0.9544139373553637
Politics,4,Q4 Mid-High,70,72.5,70-75,4,2,0.5,0.72,-0.21999999999999997,0.15003570882017148,0.8499642911798285
Politics,4,Q4 Mid-High,75,77.5,75-80,2,1,0.5,0.75,-0.25,0.09452865480086614,0.9054713451991339
Politics,4,Q4 Mid-High,80,82.5,80-85,5,5,1.0,0.83,0.17000000000000004,0.5655085052479191,1.0
Politics,4,Q4 Mid-High,85,87.5,85-90,5,4,0.8,0.8759999999999999,-0.07599999999999985,0.3755282641185388,0.9637768390302125
Politics,4,Q4 Mid-High,90,92.5,90-95,23,23,1.0,0.9221739130434783,0.07782608695652171,0.8568788745827374,1.0
Politics,4,Q4 Mid-High,95,97.5,95-100,712,712,1.0,0.9880337078651685,0.011966292134831469,0.9946334496346679,1.0
Politics,5,Q5 Highest,0,2.5,0-5,2385,0,0.0,0.01160167714884696,-0.01160167714884696,0.0,0.0016081434616677806
Politics,5,Q5 Highest,5,7.5,5-10,63,1,0.015873015873015872,0.05984126984126984,-0.04396825396825397,0.0028074219075510873,0.0845872544616561
Politics,5,Q5 Highest,10,12.5,10-15,11,0,0.0,0.11909090909090908,-0.11909090909090908,2.7755575615628914e-17,0.2588400172488141
Politics,5,Q5 Highest,15,17.5,15-20,7,1,0.14285714285714285,0.16142857142857142,-0.018571428571428572,0.02567895594897479,0.51313450331903
Politics,5,Q5 Highest,20,22.5,20-25,5,1,0.2,0.21600000000000003,-0.016000000000000014,0.03622316096978745,0.6244717358814613
Politics,5,Q5 Highest,25,27.5,25-30,4,1,0.25,0.2775,-0.027500000000000024,0.045586062644636216,0.6993639475573634
Politics,5,Q5 Highest,30,32.5,30-35,4,0,0.0,0.325,-0.325,0.0,0.48990002040399916
Politics,5,Q5 Highest,35,37.5,35-40,3,0,0.0,0.37666666666666665,-0.37666666666666665,0.0,0.5615060804490177
Politics,5,Q5 Highest,40,42.5,40-45,3,1,0.3333333333333333,0.41,-0.07666666666666666,0.0614903152761605,0.7923450448735121
Politics,5,Q5 Highest,45,47.5,45-50,3,1,0.3333333333333333,0.47,-0.13666666666666666,0.0614903152761605,0.7923450448735121
Politics,5,Q5 Highest,50,52.5,50-55,4,3,0.75,0.5225,0.22750000000000004,0.3006360524426366,0.9544139373553637
Politics,5,Q5 Highest,55,57.5,55-60,1,0,0.0,0.55,-0.55,0.0,0.7934567085261071
Politics,5,Q5 Highest,60,62.5,60-65,2,1,0.5,0.63,-0.13,0.09452865480086614,0.9054713451991339
Politics,5,Q5 Highest,65,67.5,65-70,3,2,0.6666666666666666,0.67,-0.0033333333333334103,0.2076549551264879,0.9385096847238394
Politics,5,Q5 Highest,70,72.5,70-75,3,1,0.3333333333333333,0.7166666666666667,-0.38333333333333336,0.0614903152761605,0.7923450448735121
Politics,5,Q5 Highest,75,77.5,75-80,2,2,1.0,0.75,0.25,0.34237195288961925,1.0
Politics,5,Q5 Highest,80,82.5,80-85,2,2,1.0,0.805,0.19499999999999995,0.34237195288961925,1.0
Politics,5,Q5 Highest,85,87.5,85-90,12,11,0.9166666666666666,0.8625,0.054166666666666585,0.6461140782014047,0.9851352905492264
Politics,5,Q5 Highest,90,92.5,90-95,16,16,1.0,0.925,0.07499999999999996,0.8063865817272802,1.0
Politics,5,Q5 Highest,95,97.5,95-100,1701,1699,0.9988242210464433,0.9879541446208112,0.010870076425632091,0.9957228872830184,0.9996775065130974
Science/Tech,1,Q1 Lowest,0,2.5,0-5,10,0,0.0,0.016,-0.016,0.0,0.2775401687666166
Science/Tech,1,Q1 Lowest,5,7.5,5-10,2,0,0.0,0.05,-0.05,0.0,0.6576280471103807
Science/Tech,1,Q1 Lowest,10,12.5,10-15,1,0,0.0,0.12,-0.12,0.0,0.7934567085261071
Science/Tech,1,Q1 Lowest,15,17.5,15-20,1,0,0.0,0.17,-0.17,0.0,0.7934567085261071
Science/Tech,1,Q1 Lowest,35,37.5,35-40,1,0,0.0,0.35,-0.35,0.0,0.7934567085261071
Science/Tech,1,Q1 Lowest,45,47.5,45-50,1,1,1.0,0.45,0.55,0.20654329147389294,1.0
Science/Tech,1,Q1 Lowest,50,52.5,50-55,1,1,1.0,0.51,0.49,0.20654329147389294,1.0
Science/Tech,1,Q1 Lowest,90,92.5,90-95,2,2,1.0,0.915,0.08499999999999996,0.34237195288961925,1.0
Science/Tech,1,Q1 Lowest,95,97.5,95-100,5,5,1.0,0.982,0.018000000000000016,0.5655085052479191,1.0
Science/Tech,2,Q2 Low-Mid,0,2.5,0-5,13,0,0.0,0.01769230769230769,-0.01769230769230769,0.0,0.22810184305529166
Science/Tech,2,Q2 Low-Mid,5,7.5,5-10,6,1,0.16666666666666666,0.07166666666666667,0.09499999999999999,0.03005258587173032,0.563509436563646
Science/Tech,2,Q2 Low-Mid,10,12.5,10-15,5,2,0.4,0.11199999999999999,0.28800000000000003,0.1176182311592533,0.769280067791163
Science/Tech,2,Q2 Low-Mid,15,17.5,15-20,1,0,0.0,0.18,-0.18,0.0,0.7934567085261071
Science/Tech,2,Q2 Low-Mid,20,22.5,20-25,1,0,0.0,0.2,-0.2,0.0,0.7934567085261071
Science/Tech,2,Q2 Low-Mid,25,27.5,25-30,1,0,0.0,0.25,-0.25,0.0,0.7934567085261071
Science/Tech,2,Q2 Low-Mid,30,32.5,30-35,1,0,0.0,0.33,-0.33,0.0,0.7934567085261071
Science/Tech,2,Q2 Low-Mid,35,37.5,35-40,1,1,1.0,0.37,0.63,0.20654329147389294,1.0
Science/Tech,2,Q2 Low-Mid,80,82.5,80-85,1,1,1.0,0.82,0.18000000000000005,0.20654329147389294,1.0
Science/Tech,2,Q2 Low-Mid,90,92.5,90-95,2,2,1.0,0.91,0.08999999999999997,0.34237195288961925,1.0
Science/Tech,2,Q2 Low-Mid,95,97.5,95-100,13,13,1.0,0.9830769230769231,0.01692307692307693,0.7718981569447083,1.0
Science/Tech,3,Q3 Mid,0,2.5,0-5,11,0,0.0,0.014545454545454545,-0.014545454545454545,2.7755575615628914e-17,0.2588400172488141
Science/Tech,3,Q3 Mid,5,7.5,5-10,5,0,0.0,0.062,-0.062,0.0,0.43449149475208104
Science/Tech,3,Q3 Mid,10,12.5,10-15,4,0,0.0,0.1075,-0.1075,0.0,0.48990002040399916
Science/Tech,3,Q3 Mid,15,17.5,15-20,1,0,0.0,0.19,-0.19,0.0,0.7934567085261071
Science/Tech,3,Q3 Mid,20,22.5,20-25,6,1,0.16666666666666666,0.20833333333333331,-0.04166666666666666,0.03005258587173032,0.563509436563646
Science/Tech,3,Q3 Mid,25,27.5,25-30,2,1,0.5,0.265,0.235,0.09452865480086614,0.9054713451991339
Science/Tech,3,Q3 Mid,40,42.5,40-45,1,0,0.0,0.42,-0.42,0.0,0.7934567085261071
Science/Tech,3,Q3 Mid,50,52.5,50-55,3,1,0.3333333333333333,0.5166666666666666,-0.1833333333333333,0.0614903152761605,0.7923450448735121
Science/Tech,3,Q3 Mid,65,67.5,65-70,1,0,0.0,0.65,-0.65,0.0,0.7934567085261071
Science/Tech,3,Q3 Mid,70,72.5,70-75,2,2,1.0,0.725,0.275,0.34237195288961925,1.0
Science/Tech,3,Q3 Mid,75,77.5,75-80,2,1,0.5,0.765,-0.265,0.09452865480086614,0.9054713451991339
Science/Tech,3,Q3 Mid,80,82.5,80-85,2,0,0.0,0.8,-0.8,0.0,0.6576280471103807
Science/Tech,3,Q3 Mid,85,87.5,85-90,2,1,0.5,0.885,-0.385,0.09452865480086614,0.9054713451991339
Science/Tech,3,Q3 Mid,90,92.5,90-95,4,4,1.0,0.9325,0.0675,0.5100999795960008,1.0
Science/Tech,3,Q3 Mid,95,97.5,95-100,10,9,0.9,0.978,-0.07799999999999996,0.5958436145024278,0.9821242504842788
Science/Tech,4,Q4 Mid-High,0,2.5,0-5,45,0,0.0,0.016,-0.016,0.0,0.07865426194064076
Science/Tech,4,Q4 Mid-High,5,7.5,5-10,9,0,0.0,0.06333333333333332,-0.06333333333333332,0.0,0.2991527535509594
Science/Tech,4,Q4 Mid-High,15,17.5,15-20,2,1,0.5,0.165,0.33499999999999996,0.09452865480086614,0.9054713451991339
Science/Tech,4,Q4 Mid-High,20,22.5,20-25,2,0,0.0,0.215,-0.215,0.0,0.6576280471103807
Science/Tech,4,Q4 Mid-High,25,27.5,25-30,1,0,0.0,0.27,-0.27,0.0,0.7934567085261071
Science/Tech,4,Q4 Mid-High,30,32.5,30-35,1,0,0.0,0.31,-0.31,0.0,0.7934567085261071
Science/Tech,4,Q4 Mid-High,35,37.5,35-40,1,0,0.0,0.36,-0.36,0.0,0.7934567085261071
Science/Tech,4,Q4 Mid-High,40,42.5,40-45,1,0,0.0,0.43,-0.43,0.0,0.7934567085261071
Science/Tech,4,Q4 Mid-High,50,52.5,50-55,1,0,0.0,0.53,-0.53,0.0,0.7934567085261071
Science/Tech,4,Q4 Mid-High,55,57.5,55-60,5,1,0.2,0.5660000000000001,-0.36600000000000005,0.03622316096978745,0.6244717358814613
Science/Tech,4,Q4 Mid-High,60,62.5,60-65,2,1,0.5,0.615,-0.11499999999999999,0.09452865480086614,0.9054713451991339
Science/Tech,4,Q4 Mid-High,65,67.5,65-70,4,2,0.5,0.6725,-0.1725,0.15003570882017148,0.8499642911798285
Science/Tech,4,Q4 Mid-High,70,72.5,70-75,2,1,0.5,0.72,-0.21999999999999997,0.09452865480086614,0.9054713451991339
Science/Tech,4,Q4 Mid-High,75,77.5,75-80,1,1,1.0,0.79,0.20999999999999996,0.20654329147389294,1.0
Science/Tech,4,Q4 Mid-High,85,87.5,85-90,3,3,1.0,0.86,0.14,0.43849391955098227,1.0
Science/Tech,4,Q4 Mid-High,90,92.5,90-95,4,4,1.0,0.9225,0.07750000000000001,0.5100999795960008,1.0
Science/Tech,4,Q4 Mid-High,95,97.5,95-100,16,16,1.0,0.981875,0.018124999999999947,0.8063865817272802,1.0
Science/Tech,5,Q5 Highest,0,2.5,0-5,116,0,0.0,0.012413793103448277,-0.012413793103448277,0.0,0.03205564678709229
Science/Tech,5,Q5 Highest,5,7.5,5-10,7,0,0.0,0.06,-0.06,0.0,0.35433884297520657
Science/Tech,5,Q5 Highest,30,32.5,30-35,2,1,0.5,0.325,0.175,0.09452865480086614,0.9054713451991339
Science/Tech,5,Q5 Highest,35,37.5,35-40,1,1,1.0,0.37,0.63,0.20654329147389294,1.0
Science/Tech,5,Q5 Highest,45,47.5,45-50,1,1,1.0,0.48,0.52,0.20654329147389294,1.0
Science/Tech,5,Q5 Highest,70,72.5,70-75,2,2,1.0,0.72,0.28,0.34237195288961925,1.0
Science/Tech,5,Q5 Highest,75,77.5,75-80,1,1,1.0,0.75,0.25,0.20654329147389294,1.0
Science/Tech,5,Q5 Highest,80,82.5,80-85,2,2,1.0,0.81,0.18999999999999995,0.34237195288961925,1.0
Science/Tech,5,Q5 Highest,85,87.5,85-90,2,2,1.0,0.865,0.135,0.34237195288961925,1.0
Science/Tech,5,Q5 Highest,90,92.5,90-95,5,5,1.0,0.9179999999999999,0.08200000000000007,0.5655085052479191,1.0
Science/Tech,5,Q5 Highest,95,97.5,95-100,62,62,1.0,0.984516129032258,0.015483870967741953,0.9416539087749995,1.0
World Events,1,Q1 Lowest,0,2.5,0-5,9,0,0.0,0.017777777777777778,-0.017777777777777778,0.0,0.2991527535509594
World Events,1,Q1 Lowest,5,7.5,5-10,1,0,0.0,0.06,-0.06,0.0,0.7934567085261071
World Events,2,Q2 Low-Mid,0,2.5,0-5,4,0,0.0,0.02,-0.02,0.0,0.48990002040399916
World Events,2,Q2 Low-Mid,5,7.5,5-10,2,0,0.0,0.065,-0.065,0.0,0.6576280471103807
World Events,3,Q3 Mid,0,2.5,0-5,9,0,0.0,0.017777777777777778,-0.017777777777777778,0.0,0.2991527535509594
World Events,3,Q3 Mid,5,7.5,5-10,2,0,0.0,0.065,-0.065,0.0,0.6576280471103807
World Events,3,Q3 Mid,10,12.5,10-15,2,1,0.5,0.11,0.39,0.09452865480086614,0.9054713451991339
World Events,3,Q3 Mid,30,32.5,30-35,1,0,0.0,0.31,-0.31,0.0,0.7934567085261071
World Events,3,Q3 Mid,90,92.5,90-95,1,1,1.0,0.9,0.09999999999999998,0.20654329147389294,1.0
World Events,3,Q3 Mid,95,97.5,95-100,3,3,1.0,0.9866666666666667,0.013333333333333308,0.43849391955098227,1.0
World Events,4,Q4 Mid-High,0,2.5,0-5,20,0,0.0,0.013500000000000002,-0.013500000000000002,0.0,0.16113012549493322
World Events,4,Q4 Mid-High,5,7.5,5-10,6,0,0.0,0.055,-0.055,0.0,0.3903430336530645
World Events,4,Q4 Mid-High,10,12.5,10-15,5,0,0.0,0.114,-0.114,0.0,0.43449149475208104
World Events,4,Q4 Mid-High,15,17.5,15-20,3,0,0.0,0.16666666666666669,-0.16666666666666669,0.0,0.5615060804490177
World Events,4,Q4 Mid-High,20,22.5,20-25,1,0,0.0,0.2,-0.2,0.0,0.7934567085261071
World Events,4,Q4 Mid-High,25,27.5,25-30,1,1,1.0,0.26,0.74,0.20654329147389294,1.0
World Events,4,Q4 Mid-High,30,32.5,30-35,1,0,0.0,0.34,-0.34,0.0,0.7934567085261071
World Events,4,Q4 Mid-High,75,77.5,75-80,1,1,1.0,0.78,0.21999999999999997,0.20654329147389294,1.0
World Events,4,Q4 Mid-High,85,87.5,85-90,1,1,1.0,0.89,0.10999999999999999,0.20654329147389294,1.0
World Events,4,Q4 Mid-High,90,92.5,90-95,1,1,1.0,0.93,0.06999999999999995,0.20654329147389294,1.0
World Events,4,Q4 Mid-High,95,97.5,95-100,9,9,1.0,0.9711111111111111,0.028888888888888853,0.7008472464490407,1.0
World Events,5,Q5 Highest,0,2.5,0-5,93,0,0.0,0.011827956989247313,-0.011827956989247313,0.0,0.0396689026203615
World Events,5,Q5 Highest,5,7.5,5-10,1,0,0.0,0.05,-0.05,0.0,0.7934567085261071
World Events,5,Q5 Highest,35,37.5,35-40,1,1,1.0,0.38,0.62,0.20654329147389294,1.0
World Events,5,Q5 Highest,55,57.5,55-60,1,1,1.0,0.55,0.44999999999999996,0.20654329147389294,1.0
World Events,5,Q5 Highest,70,72.5,70-75,1,1,1.0,0.72,0.28,0.20654329147389294,1.0
World Events,5,Q5 Highest,85,87.5,85-90,4,4,1.0,0.875,0.125,0.5100999795960008,1.0
World Events,5,Q5 Highest,90,92.5,90-95,2,2,1.0,0.905,0.09499999999999997,0.34237195288961925,1.0
World Events,5,Q5 Highest,95,97.5,95-100,50,50,1.0,0.9840000000000001,0.015999999999999903,0.9286499658256813,1.0
