category_group,horizon_label,horizon_hours,freshness_filter,price_bucket_5c_floor,price_bucket_5c_mid,price_bucket_5c_label,market_count,wins,empirical_win_rate,avg_implied_probability,calibration_gap,empirical_win_rate_ci_low,empirical_win_rate_ci_high
Sports,30d,720.0,all,0,2.5,0-5,435,2,0.004597701149425287,0.017057471264367817,-0.01245977011494253,0.0012617359015576705,0.01660712612063895
Sports,30d,720.0,all,5,7.5,5-10,142,4,0.028169014084507043,0.06577464788732394,-0.037605633802816896,0.011007563725265082,0.07018737653869253
Sports,30d,720.0,all,10,12.5,10-15,79,7,0.08860759493670886,0.11607594936708861,-0.027468354430379746,0.04358474184575353,0.1717853137784739
Sports,30d,720.0,all,15,17.5,15-20,56,6,0.10714285714285714,0.16928571428571426,-0.062142857142857125,0.050038674581190865,0.21468686751661398
Sports,30d,720.0,all,20,22.5,20-25,46,9,0.1956521739130435,0.22043478260869567,-0.024782608695652186,0.10650490444121799,0.331715377411692
Sports,30d,720.0,all,25,27.5,25-30,33,3,0.09090909090909091,0.26545454545454544,-0.17454545454545453,0.03140337104926305,0.23572943534351032
Sports,30d,720.0,all,30,32.5,30-35,27,13,0.48148148148148145,0.3192592592592593,0.16222222222222216,0.3074295064970908,0.6601467541378958
Sports,30d,720.0,all,35,37.5,35-40,22,8,0.36363636363636365,0.37272727272727274,-0.009090909090909094,0.19732972772607899,0.5704865065628195
Sports,30d,720.0,all,40,42.5,40-45,29,12,0.41379310344827586,0.41793103448275865,-0.004137931034482789,0.2551293527964552,0.5926247152148476
Sports,30d,720.0,all,45,47.5,45-50,22,6,0.2727272727272727,0.4718181818181818,-0.1990909090909091,0.1315058201581444,0.4815212369900198
Sports,30d,720.0,all,50,52.5,50-55,23,15,0.6521739130434783,0.5182608695652174,0.13391304347826083,0.4488997690689164,0.8118894536301776
Sports,30d,720.0,all,55,57.5,55-60,20,11,0.55,0.5625,-0.012499999999999956,0.3420820083075997,0.7418049791429071
Sports,30d,720.0,all,60,62.5,60-65,24,15,0.625,0.6191666666666666,0.005833333333333357,0.42709619037907065,0.7884086656636855
Sports,30d,720.0,all,65,67.5,65-70,14,7,0.5,0.665,-0.16500000000000004,0.2679886791947528,0.7320113208052472
Sports,30d,720.0,all,70,72.5,70-75,18,16,0.8888888888888888,0.7188888888888889,0.16999999999999993,0.6719975513339578,0.9689811315464172
Sports,30d,720.0,all,75,77.5,75-80,29,27,0.9310344827586207,0.7810344827586206,0.15000000000000002,0.7803505240414808,0.9808791359020055
Sports,30d,720.0,all,80,82.5,80-85,22,19,0.8636363636363636,0.8172727272727274,0.046363636363636274,0.6666458812053,0.9525108273576373
Sports,30d,720.0,all,85,87.5,85-90,22,21,0.9545454545454546,0.8686363636363637,0.08590909090909093,0.7820151050048196,0.9919307806988522
Sports,30d,720.0,all,90,92.5,90-95,52,50,0.9615384615384616,0.9209615384615384,0.04057692307692318,0.8701857125563401,0.9893885116779224
Sports,30d,720.0,all,95,97.5,95-100,79,77,0.9746835443037974,0.9737974683544305,0.0008860759493669601,0.9123124646752687,0.993029778835238
Sports,30d,720.0,<=1h,0,2.5,0-5,8,0,0.0,0.025,-0.025,0.0,0.3244156195108769
Sports,30d,720.0,<=1h,5,7.5,5-10,13,1,0.07692307692307693,0.06153846153846154,0.015384615384615385,0.013710066379696323,0.3331453392824736
Sports,30d,720.0,<=1h,10,12.5,10-15,13,0,0.0,0.11153846153846153,-0.11153846153846153,0.0,0.22810184305529166
Sports,30d,720.0,<=1h,15,17.5,15-20,10,0,0.0,0.174,-0.174,0.0,0.2775401687666166
Sports,30d,720.0,<=1h,20,22.5,20-25,10,3,0.3,0.226,0.07399999999999998,0.10778928748621183,0.6032267800204347
Sports,30d,720.0,<=1h,25,27.5,25-30,7,1,0.14285714285714285,0.2614285714285714,-0.11857142857142855,0.02567895594897479,0.51313450331903
Sports,30d,720.0,<=1h,30,32.5,30-35,10,6,0.6,0.316,0.284,0.3126695474501864,0.8318224187964902
Sports,30d,720.0,<=1h,35,37.5,35-40,1,0,0.0,0.38,-0.38,0.0,0.7934567085261071
Sports,30d,720.0,<=1h,40,42.5,40-45,3,0,0.0,0.4066666666666666,-0.4066666666666666,0.0,0.5615060804490177
Sports,30d,720.0,<=1h,45,47.5,45-50,2,2,1.0,0.485,0.515,0.34237195288961925,1.0
Sports,30d,720.0,<=1h,50,52.5,50-55,1,0,0.0,0.53,-0.53,0.0,0.7934567085261071
Sports,30d,720.0,<=1h,55,57.5,55-60,4,1,0.25,0.5575,-0.3075,0.045586062644636216,0.6993639475573634
Sports,30d,720.0,<=1h,60,62.5,60-65,1,1,1.0,0.63,0.37,0.20654329147389294,1.0
Sports,30d,720.0,<=1h,65,67.5,65-70,2,2,1.0,0.67,0.32999999999999996,0.34237195288961925,1.0
Sports,30d,720.0,<=1h,70,72.5,70-75,1,1,1.0,0.7,0.30000000000000004,0.20654329147389294,1.0
Sports,30d,720.0,<=1h,75,77.5,75-80,2,2,1.0,0.77,0.22999999999999998,0.34237195288961925,1.0
Sports,30d,720.0,<=1h,80,82.5,80-85,2,1,0.5,0.81,-0.31000000000000005,0.09452865480086614,0.9054713451991339
Sports,30d,720.0,<=1h,90,92.5,90-95,4,3,0.75,0.93,-0.18000000000000005,0.3006360524426366,0.9544139373553637
Sports,30d,720.0,<=6h,0,2.5,0-5,50,0,0.0,0.021400000000000002,-0.021400000000000002,0.0,0.07135003417431873
Sports,30d,720.0,<=6h,5,7.5,5-10,34,2,0.058823529411764705,0.06382352941176471,-0.0050000000000000044,0.016282313063842452,0.1909393688946371
Sports,30d,720.0,<=6h,10,12.5,10-15,24,1,0.041666666666666664,0.11625,-0.07458333333333333,0.007393265354805126,0.20242226248842232
Sports,30d,720.0,<=6h,15,17.5,15-20,21,2,0.09523809523809523,0.17047619047619048,-0.07523809523809524,0.026518208796947246,0.2891458386074067
Sports,30d,720.0,<=6h,20,22.5,20-25,21,5,0.23809523809523808,0.21857142857142858,0.0195238095238095,0.10627856389112261,0.45091581972345923
Sports,30d,720.0,<=6h,25,27.5,25-30,12,2,0.16666666666666666,0.2625,-0.09583333333333335,0.04696414761482223,0.44803635738467273
Sports,30d,720.0,<=6h,30,32.5,30-35,10,6,0.6,0.316,0.284,0.3126695474501864,0.8318224187964902
Sports,30d,720.0,<=6h,35,37.5,35-40,9,6,0.6666666666666666,0.38,0.2866666666666666,0.35419734749908977,0.879418401317257
Sports,30d,720.0,<=6h,40,42.5,40-45,9,3,0.3333333333333333,0.4177777777777778,-0.08444444444444449,0.12058159868274293,0.6458026525009102
Sports,30d,720.0,<=6h,45,47.5,45-50,4,2,0.5,0.47,0.030000000000000027,0.15003570882017148,0.8499642911798285
Sports,30d,720.0,<=6h,50,52.5,50-55,2,1,0.5,0.515,-0.015000000000000013,0.09452865480086614,0.9054713451991339
Sports,30d,720.0,<=6h,55,57.5,55-60,7,3,0.42857142857142855,0.56,-0.1314285714285715,0.15821692226262685,0.7495457695909742
Sports,30d,720.0,<=6h,60,62.5,60-65,2,2,1.0,0.625,0.375,0.34237195288961925,1.0
Sports,30d,720.0,<=6h,65,67.5,65-70,5,3,0.6,0.66,-0.06000000000000005,0.23071993220883708,0.8823817688407467
Sports,30d,720.0,<=6h,70,72.5,70-75,1,1,1.0,0.7,0.30000000000000004,0.20654329147389294,1.0
Sports,30d,720.0,<=6h,75,77.5,75-80,7,6,0.8571428571428571,0.7757142857142857,0.0814285714285714,0.48686549668097007,0.9743210440510253
Sports,30d,720.0,<=6h,80,82.5,80-85,2,1,0.5,0.81,-0.31000000000000005,0.09452865480086614,0.9054713451991339
Sports,30d,720.0,<=6h,85,87.5,85-90,3,2,0.6666666666666666,0.88,-0.21333333333333337,0.2076549551264879,0.9385096847238394
Sports,30d,720.0,<=6h,90,92.5,90-95,12,10,0.8333333333333334,0.9283333333333332,-0.09499999999999986,0.5519636426153274,0.9530358523851776
Sports,30d,720.0,<=6h,95,97.5,95-100,9,9,1.0,0.9677777777777777,0.03222222222222226,0.7008472464490407,1.0
Sports,30d,720.0,<=24h,0,2.5,0-5,83,0,0.0,0.020843373493975904,-0.020843373493975904,3.469446951953614e-18,0.04423686343872062
Sports,30d,720.0,<=24h,5,7.5,5-10,51,2,0.0392156862745098,0.06529411764705882,-0.02607843137254902,0.010820856268751206,0.13216548986265267
Sports,30d,720.0,<=24h,10,12.5,10-15,37,2,0.05405405405405406,0.11756756756756756,-0.0635135135135135,0.01495066277053994,0.1770496506353991
Sports,30d,720.0,<=24h,15,17.5,15-20,33,2,0.06060606060606061,0.16969696969696968,-0.10909090909090907,0.016780530429070947,0.19606581717798194
Sports,30d,720.0,<=24h,20,22.5,20-25,26,5,0.19230769230769232,0.2176923076923077,-0.025384615384615394,0.08506935771788268,0.3787663615465
Sports,30d,720.0,<=24h,25,27.5,25-30,18,2,0.1111111111111111,0.265,-0.1538888888888889,0.031018868453582787,0.3280024486660421
Sports,30d,720.0,<=24h,30,32.5,30-35,18,11,0.6111111111111112,0.3188888888888889,0.29222222222222227,0.3861866858065617,0.7969500807306884
Sports,30d,720.0,<=24h,35,37.5,35-40,14,7,0.5,0.375,0.125,0.2679886791947528,0.7320113208052472
Sports,30d,720.0,<=24h,40,42.5,40-45,12,6,0.5,0.41916666666666663,0.08083333333333337,0.2537781703934222,0.7462218296065778
Sports,30d,720.0,<=24h,45,47.5,45-50,9,4,0.4444444444444444,0.4733333333333334,-0.028888888888888964,0.188775429471914,0.7333526542559703
Sports,30d,720.0,<=24h,50,52.5,50-55,8,6,0.75,0.52,0.22999999999999998,0.40926987910258916,0.9285223111419724
Sports,30d,720.0,<=24h,55,57.5,55-60,10,5,0.5,0.562,-0.062000000000000055,0.23658959361548731,0.7634104063845126
Sports,30d,720.0,<=24h,60,62.5,60-65,8,4,0.5,0.61875,-0.11875000000000002,0.21521252682444186,0.7847874731755582
Sports,30d,720.0,<=24h,65,67.5,65-70,8,3,0.375,0.6675,-0.2925,0.13684175946152105,0.6942621454161981
Sports,30d,720.0,<=24h,70,72.5,70-75,5,5,1.0,0.72,0.28,0.5655085052479191,1.0
Sports,30d,720.0,<=24h,75,77.5,75-80,10,9,0.9,0.778,0.122,0.5958436145024278,0.9821242504842788
Sports,30d,720.0,<=24h,80,82.5,80-85,5,4,0.8,0.816,-0.015999999999999903,0.3755282641185388,0.9637768390302125
Sports,30d,720.0,<=24h,85,87.5,85-90,8,7,0.875,0.8675,0.007499999999999951,0.5291051942301386,0.9775830911367038
Sports,30d,720.0,<=24h,90,92.5,90-95,18,16,0.8888888888888888,0.925,-0.036111111111111205,0.6719975513339578,0.9689811315464172
Sports,30d,720.0,<=24h,95,97.5,95-100,24,23,0.9583333333333334,0.9708333333333333,-0.012499999999999956,0.7975777375115778,0.992606734645195
Sports,7d,168.0,all,0,2.5,0-5,1590,4,0.0025157232704402514,0.015289308176100629,-0.012773584905660378,0.0009787213510989157,0.006450875165894994
Sports,7d,168.0,all,5,7.5,5-10,387,5,0.012919896640826873,0.06808785529715762,-0.05516795865633075,0.00553081137037292,0.02988404723219139
Sports,7d,168.0,all,10,12.5,10-15,206,16,0.07766990291262135,0.11898058252427184,-0.04131067961165048,0.048371132592826445,0.12243198747488176
Sports,7d,168.0,all,15,17.5,15-20,211,35,0.16587677725118483,0.1694312796208531,-0.003554502369668283,0.1217538495282415,0.22194867363300844
Sports,7d,168.0,all,20,22.5,20-25,212,37,0.17452830188679244,0.2190566037735849,-0.044528301886792465,0.12935332743803332,0.23128892132216858
Sports,7d,168.0,all,25,27.5,25-30,257,58,0.22568093385214008,0.268443579766537,-0.04276264591439691,0.1788292187925855,0.28061283339540904
Sports,7d,168.0,all,30,32.5,30-35,158,35,0.22151898734177214,0.3196835443037975,-0.09816455696202533,0.16380921267474025,0.29244925239233766
Sports,7d,168.0,all,35,37.5,35-40,168,54,0.32142857142857145,0.3694047619047619,-0.04797619047619045,0.25547822550263777,0.3953630143368424
Sports,7d,168.0,all,40,42.5,40-45,156,53,0.33974358974358976,0.4201282051282051,-0.08038461538461533,0.2700693524792397,0.41712096593599135
Sports,7d,168.0,all,45,47.5,45-50,208,86,0.41346153846153844,0.47043269230769236,-0.05697115384615392,0.3486966034711957,0.4813651030113838
Sports,7d,168.0,all,50,52.5,50-55,218,108,0.4954128440366973,0.5207339449541284,-0.025321100917431116,0.4296982292308287,0.5612863291207159
Sports,7d,168.0,all,55,57.5,55-60,160,93,0.58125,0.5710625,0.010187500000000016,0.5037764071611341,0.6549134493832356
Sports,7d,168.0,all,60,62.5,60-65,140,94,0.6714285714285714,0.62,0.05142857142857138,0.5899549027462967,0.7437455010311917
Sports,7d,168.0,all,65,67.5,65-70,161,104,0.6459627329192547,0.6703726708074533,-0.024409937888198674,0.5694771847141707,0.7156450174483903
Sports,7d,168.0,all,70,72.5,70-75,129,95,0.7364341085271318,0.7193798449612403,0.01705426356589146,0.6543649222612533,0.8048285833875795
Sports,7d,168.0,all,75,77.5,75-80,132,106,0.803030303030303,0.7708333333333333,0.032196969696969724,0.7270324134183684,0.8618888007016065
Sports,7d,168.0,all,80,82.5,80-85,140,108,0.7714285714285715,0.8197142857142857,-0.048285714285714265,0.695174201504757,0.8331847711429333
Sports,7d,168.0,all,85,87.5,85-90,118,101,0.8559322033898306,0.8720338983050847,-0.01610169491525415,0.7813544230478824,0.9080652825370739
Sports,7d,168.0,all,90,92.5,90-95,167,156,0.9341317365269461,0.9202395209580838,0.013892215568862332,0.8859135951092146,0.9628258219882605
Sports,7d,168.0,all,95,97.5,95-100,270,263,0.9740740740740741,0.9737407407407407,0.00033333333333340764,0.947460942097765,0.9873860643468367
Sports,7d,168.0,<=1h,0,2.5,0-5,116,0,0.0,0.020344827586206895,-0.020344827586206895,0.0,0.03205564678709229
Sports,7d,168.0,<=1h,5,7.5,5-10,79,1,0.012658227848101266,0.0681012658227848,-0.05544303797468354,0.002237936230769212,0.06827736043177712
Sports,7d,168.0,<=1h,10,12.5,10-15,41,5,0.12195121951219512,0.12463414634146341,-0.002682926829268295,0.053232579973408245,0.25544507648844866
Sports,7d,168.0,<=1h,15,17.5,15-20,59,15,0.2542372881355932,0.16949152542372883,0.08474576271186438,0.1605583829520582,0.3779638698231735
Sports,7d,168.0,<=1h,20,22.5,20-25,65,12,0.18461538461538463,0.2173846153846154,-0.03276923076923077,0.10888765378062985,0.29554222582704914
Sports,7d,168.0,<=1h,25,27.5,25-30,72,10,0.1388888888888889,0.26875,-0.1298611111111111,0.07722647811471899,0.23713397841573391
Sports,7d,168.0,<=1h,30,32.5,30-35,60,16,0.26666666666666666,0.31816666666666665,-0.05149999999999999,0.17132496487078852,0.3900895360189135
Sports,7d,168.0,<=1h,35,37.5,35-40,78,29,0.3717948717948718,0.3711538461538461,0.0006410256410256943,0.27293398524227175,0.4826915157254513
Sports,7d,168.0,<=1h,40,42.5,40-45,66,24,0.36363636363636365,0.4193939393939394,-0.05575757575757573,0.25806811940620944,0.4842058262078659
Sports,7d,168.0,<=1h,45,47.5,45-50,71,30,0.4225352112676056,0.4691549295774648,-0.04661971830985917,0.3145283047701463,0.5384946129654448
Sports,7d,168.0,<=1h,50,52.5,50-55,64,30,0.46875,0.519375,-0.05062500000000003,0.3517578764404486,0.5892812499952487
Sports,7d,168.0,<=1h,55,57.5,55-60,73,45,0.6164383561643836,0.5713698630136986,0.04506849315068495,0.5017387254305414,0.7194956059732815
Sports,7d,168.0,<=1h,60,62.5,60-65,75,51,0.68,0.6184000000000001,0.06159999999999999,0.5678872410148672,0.7745715624594409
Sports,7d,168.0,<=1h,65,67.5,65-70,76,49,0.6447368421052632,0.6688157894736843,-0.02407894736842109,0.5325617632032839,0.742983817045609
Sports,7d,168.0,<=1h,70,72.5,70-75,70,50,0.7142857142857143,0.72,-0.005714285714285672,0.5994958195463383,0.8067792340819687
Sports,7d,168.0,<=1h,75,77.5,75-80,63,51,0.8095238095238095,0.7706349206349207,0.03888888888888886,0.6959297958482789,0.8875391815550149
Sports,7d,168.0,<=1h,80,82.5,80-85,57,43,0.7543859649122807,0.8212280701754386,-0.06684210526315792,0.6289745615892073,0.8476729953455215
Sports,7d,168.0,<=1h,85,87.5,85-90,37,31,0.8378378378378378,0.8694594594594595,-0.03162162162162163,0.6886320070454415,0.923488967647029
Sports,7d,168.0,<=1h,90,92.5,90-95,39,35,0.8974358974358975,0.9184615384615384,-0.021025641025640973,0.7642084129775517,0.9593873444171301
Sports,7d,168.0,<=1h,95,97.5,95-100,29,28,0.9655172413793104,0.9675862068965517,-0.002068965517241339,0.8282410893529976,0.9938869433859677
Sports,7d,168.0,<=6h,0,2.5,0-5,263,1,0.0038022813688212928,0.0211787072243346,-0.017376425855513307,0.0006714943673873097,0.021220144717373084
Sports,7d,168.0,<=6h,5,7.5,5-10,181,3,0.016574585635359115,0.06933701657458563,-0.052762430939226515,0.005652492493845508,0.0475909332285027
Sports,7d,168.0,<=6h,10,12.5,10-15,110,10,0.09090909090909091,0.11918181818181818,-0.02827272727272727,0.05012978804195375,0.15929804853096863
Sports,7d,168.0,<=6h,15,17.5,15-20,119,22,0.18487394957983194,0.16983193277310923,0.015042016806722708,0.12537617174977098,0.26408147126367076
Sports,7d,168.0,<=6h,20,22.5,20-25,135,26,0.1925925925925926,0.2177777777777778,-0.0251851851851852,0.13495531552123163,0.26724114432941837
Sports,7d,168.0,<=6h,25,27.5,25-30,142,31,0.21830985915492956,0.2674647887323944,-0.04915492957746481,0.158275038652959,0.29318462717626936
Sports,7d,168.0,<=6h,30,32.5,30-35,99,22,0.2222222222222222,0.3192929292929293,-0.09707070707070709,0.1515799287727833,0.3136170343238624
Sports,7d,168.0,<=6h,35,37.5,35-40,118,42,0.3559322033898305,0.36974576271186443,-0.01381355932203393,0.2753359444678161,0.44561322231922534
Sports,7d,168.0,<=6h,40,42.5,40-45,110,41,0.37272727272727274,0.4191818181818182,-0.04645454545454547,0.28809453277586256,0.46594968304682455
Sports,7d,168.0,<=6h,45,47.5,45-50,140,60,0.42857142857142855,0.4694285714285714,-0.04085714285714287,0.3495830563292003,0.5113751087635129
Sports,7d,168.0,<=6h,50,52.5,50-55,133,67,0.5037593984962406,0.5194736842105263,-0.01571428571428568,0.4198806659491524,0.5874270533408882
Sports,7d,168.0,<=6h,55,57.5,55-60,115,69,0.6,0.571391304347826,0.028608695652173943,0.5086281361395726,0.6849067876581547
Sports,7d,168.0,<=6h,60,62.5,60-65,112,74,0.6607142857142857,0.6190178571428572,0.04169642857142852,0.5689989507563177,0.7417702375145626
Sports,7d,168.0,<=6h,65,67.5,65-70,113,71,0.6283185840707964,0.6700884955752212,-0.04176991150442477,0.5363721871689842,0.711827084323361
Sports,7d,168.0,<=6h,70,72.5,70-75,105,78,0.7428571428571429,0.7198095238095238,0.023047619047619095,0.6517287582972721,0.81684208226369
Sports,7d,168.0,<=6h,75,77.5,75-80,91,71,0.7802197802197802,0.77,0.010219780219780206,0.6847588519917921,0.8529798618215557
Sports,7d,168.0,<=6h,80,82.5,80-85,101,76,0.7524752475247525,0.8210891089108912,-0.06861386138613867,0.6600953960085425,0.8263527314523127
Sports,7d,168.0,<=6h,85,87.5,85-90,82,71,0.8658536585365854,0.8714634146341463,-0.005609756097560981,0.7755479364150434,0.9234138723117279
Sports,7d,168.0,<=6h,90,92.5,90-95,88,79,0.8977272727272727,0.9190909090909091,-0.021363636363636362,0.8169257242733358,0.9452561192485541
Sports,7d,168.0,<=6h,95,97.5,95-100,94,89,0.9468085106382979,0.9669148936170212,-0.02010638297872336,0.8814619333292169,0.9770685894749891
Sports,7d,168.0,<=24h,0,2.5,0-5,487,3,0.006160164271047228,0.02030800821355236,-0.01414784394250513,0.002097139906298156,0.01795332036438795
Sports,7d,168.0,<=24h,5,7.5,5-10,253,3,0.011857707509881422,0.06893280632411067,-0.057075098814229244,0.00404065983633348,0.034277120460939225
Sports,7d,168.0,<=24h,10,12.5,10-15,148,14,0.0945945945945946,0.11871621621621621,-0.02412162162162161,0.057185229550657794,0.15251751330768934
Sports,7d,168.0,<=24h,15,17.5,15-20,169,30,0.17751479289940827,0.16982248520710058,0.007692307692307693,0.12726756125708566,0.2420972212952628
Sports,7d,168.0,<=24h,20,22.5,20-25,170,31,0.18235294117647058,0.2187058823529412,-0.036352941176470616,0.13154390973943275,0.24720087861962514
Sports,7d,168.0,<=24h,25,27.5,25-30,203,48,0.23645320197044334,0.26798029556650244,-0.0315270935960591,0.18323493052623,0.2994610068480699
Sports,7d,168.0,<=24h,30,32.5,30-35,122,24,0.19672131147540983,0.3192622950819672,-0.12254098360655735,0.13591035553474007,0.27604880582366603
Sports,7d,168.0,<=24h,35,37.5,35-40,141,50,0.3546099290780142,0.3695744680851064,-0.014964539007092215,0.2804602036792119,0.43647194840969084
Sports,7d,168.0,<=24h,40,42.5,40-45,138,49,0.35507246376811596,0.4200724637681159,-0.06499999999999995,0.2801466832622453,0.437848601618918
Sports,7d,168.0,<=24h,45,47.5,45-50,167,73,0.437125748502994,0.47,-0.03287425149700596,0.3641440744737811,0.5129350444293432
Sports,7d,168.0,<=24h,50,52.5,50-55,169,88,0.5207100591715976,0.520414201183432,0.0002958579881656709,0.44577014920024116,0.594729360177131
Sports,7d,168.0,<=24h,55,57.5,55-60,141,84,0.5957446808510638,0.5717021276595744,0.024042553191489402,0.5132427445954546,0.6731677893947803
Sports,7d,168.0,<=24h,60,62.5,60-65,126,82,0.6507936507936508,0.6195238095238095,0.031269841269841336,0.5642112392113556,0.728453053280419
Sports,7d,168.0,<=24h,65,67.5,65-70,148,96,0.6486486486486487,0.6698648648648649,-0.021216216216216166,0.5688607590114603,0.7209149019404792
Sports,7d,168.0,<=24h,70,72.5,70-75,117,87,0.7435897435897436,0.7199145299145299,0.023675213675213747,0.6576075278949651,0.8140843398062239
Sports,7d,168.0,<=24h,75,77.5,75-80,112,87,0.7767857142857143,0.7701785714285714,0.0066071428571429225,0.6912242655289212,0.8439893364931502
Sports,7d,168.0,<=24h,80,82.5,80-85,116,87,0.75,0.8201724137931035,-0.07017241379310346,0.6640460052056096,0.8199261714008441
Sports,7d,168.0,<=24h,85,87.5,85-90,97,83,0.8556701030927835,0.8714432989690722,-0.01577319587628878,0.7722041904209146,0.9120372337532355
Sports,7d,168.0,<=24h,90,92.5,90-95,117,107,0.9145299145299145,0.9205128205128206,-0.005982905982906073,0.8497906795795463,0.952913025104933
Sports,7d,168.0,<=24h,95,97.5,95-100,139,134,0.9640287769784173,0.9693525179856115,-0.005323741007194238,0.9185588702004348,0.9845393868899366
Sports,3d,72.0,all,0,2.5,0-5,11017,157,0.014250703458291731,0.013746028864482165,0.0005046745938095658,0.012200715106066457,0.016639332826389082
Sports,3d,72.0,all,5,7.5,5-10,2599,171,0.06579453636013852,0.06862254713351289,-0.0028280107733743703,0.056889221463087405,0.07598156099251806
Sports,3d,72.0,all,10,12.5,10-15,1455,175,0.12027491408934708,0.11929209621993127,0.000982817869415814,0.10455275055100187,0.13799695463974676
Sports,3d,72.0,all,15,17.5,15-20,1245,193,0.15502008032128514,0.1695421686746988,-0.014522088353413648,0.13597991572527884,0.17618265156908425
Sports,3d,72.0,all,20,22.5,20-25,1129,227,0.20106288751107174,0.22069087688219663,-0.019627989371124893,0.17871499647127065,0.2254382408392236
Sports,3d,72.0,all,25,27.5,25-30,1258,335,0.26629570747217807,0.26944356120826707,-0.0031478537360890013,0.24260770250714486,0.2914067094444029
Sports,3d,72.0,all,30,32.5,30-35,979,297,0.30337078651685395,0.3188457609805925,-0.015474974463738522,0.27538806039091457,0.33289062866742414
Sports,3d,72.0,all,35,37.5,35-40,895,342,0.38212290502793295,0.36972067039106143,0.012402234636871512,0.35085637837531636,0.4143970322367425
Sports,3d,72.0,all,40,42.5,40-45,889,386,0.4341957255343082,0.4198200224971878,0.01437570303712038,0.4019655471980167,0.46699217161795226
Sports,3d,72.0,all,45,47.5,45-50,1161,532,0.4582256675279931,0.4707579672695952,-0.012532299741602082,0.4297495683140577,0.4869773068250171
Sports,3d,72.0,all,50,52.5,50-55,997,512,0.5135406218655968,0.5179338014042126,-0.004393179538615843,0.48252267712730634,0.5444546187804578
Sports,3d,72.0,all,55,57.5,55-60,715,387,0.5412587412587413,0.5685454545454545,-0.02728671328671317,0.5046103773141517,0.5774661190934018
Sports,3d,72.0,all,60,62.5,60-65,514,320,0.622568093385214,0.6181517509727626,0.004416342412451368,0.5798975915946498,0.6634200561184733
Sports,3d,72.0,all,65,67.5,65-70,409,269,0.6577017114914425,0.6706601466992664,-0.012958435207823915,0.6104407073082216,0.702027803617034
Sports,3d,72.0,all,70,72.5,70-75,362,253,0.6988950276243094,0.7182596685082874,-0.019364640883977935,0.6497518220871825,0.7438611513964235
Sports,3d,72.0,all,75,77.5,75-80,299,234,0.782608695652174,0.7696989966555183,0.012909698996655616,0.7324296460972154,0.8256178612465578
Sports,3d,72.0,all,80,82.5,80-85,295,230,0.7796610169491526,0.8191864406779661,-0.039525423728813514,0.728935567714509,0.8231963978485185
Sports,3d,72.0,all,85,87.5,85-90,191,170,0.8900523560209425,0.8692670157068063,0.020785340314136147,0.8377683086362543,0.926955446455061
Sports,3d,72.0,all,90,92.5,90-95,238,217,0.9117647058823529,0.9197058823529412,-0.00794117647058823,0.8688823474580112,0.9415654828573687
Sports,3d,72.0,all,95,97.5,95-100,406,397,0.9778325123152709,0.9729556650246306,0.004876847290640307,0.9584124311858037,0.988294784479956
Sports,3d,72.0,<=1h,0,2.5,0-5,983,15,0.015259409969481181,0.01854526958290946,-0.003285859613428279,0.009268821492285648,0.025024017398981205
Sports,3d,72.0,<=1h,5,7.5,5-10,342,18,0.05263157894736842,0.06725146198830409,-0.014619883040935672,0.033547770588341276,0.0816541021765314
Sports,3d,72.0,<=1h,10,12.5,10-15,206,14,0.06796116504854369,0.1203883495145631,-0.05242718446601942,0.04091090327387836,0.11083021955400704
Sports,3d,72.0,<=1h,15,17.5,15-20,200,22,0.11,0.17085,-0.06085,0.07377190160716048,0.16092798300912986
Sports,3d,72.0,<=1h,20,22.5,20-25,185,35,0.1891891891891892,0.22113513513513514,-0.031945945945945936,0.13929348518945034,0.2517305264689978
Sports,3d,72.0,<=1h,25,27.5,25-30,222,57,0.25675675675675674,0.2704954954954955,-0.013738738738738765,0.20376981784513193,0.31801890487025786
Sports,3d,72.0,<=1h,30,32.5,30-35,210,63,0.3,0.32142857142857145,-0.021428571428571463,0.24206655500527888,0.3651193246364748
Sports,3d,72.0,<=1h,35,37.5,35-40,213,73,0.3427230046948357,0.3707981220657277,-0.028075117370892022,0.28227505950806336,0.40874363801123187
Sports,3d,72.0,<=1h,40,42.5,40-45,197,82,0.41624365482233505,0.4192893401015228,-0.0030456852791877487,0.34965287182803606,0.486038538716393
Sports,3d,72.0,<=1h,45,47.5,45-50,297,136,0.45791245791245794,0.4724242424242424,-0.014511784511784476,0.4021467241517218,0.5147530663027898
Sports,3d,72.0,<=1h,50,52.5,50-55,281,141,0.501779359430605,0.5177935943060499,-0.016014234875444844,0.44368939571828275,0.5598213274345152
Sports,3d,72.0,<=1h,55,57.5,55-60,186,99,0.532258064516129,0.5690322580645162,-0.03677419354838718,0.460624147463151,0.602586444946521
Sports,3d,72.0,<=1h,60,62.5,60-65,175,115,0.6571428571428571,0.6193714285714286,0.03777142857142857,0.584117708864417,0.7234170034172892
Sports,3d,72.0,<=1h,65,67.5,65-70,158,98,0.620253164556962,0.6701898734177214,-0.049936708860759405,0.5425716625199488,0.692225818473813
Sports,3d,72.0,<=1h,70,72.5,70-75,155,108,0.6967741935483871,0.7196774193548388,-0.022903225806451655,0.6203739026051529,0.7636564773456911
Sports,3d,72.0,<=1h,75,77.5,75-80,117,89,0.7606837606837606,0.7707692307692308,-0.010085470085470116,0.6758725105911064,0.8289205408084116
Sports,3d,72.0,<=1h,80,82.5,80-85,107,89,0.8317757009345794,0.8200934579439253,0.011682242990654124,0.749694958471902,0.8908587686486015
Sports,3d,72.0,<=1h,85,87.5,85-90,75,69,0.92,0.8692,0.05080000000000007,0.8362501593344202,0.9628203821056319
Sports,3d,72.0,<=1h,90,92.5,90-95,67,63,0.9402985074626866,0.9198507462686567,0.020447761194029912,0.8563029501122377,0.9765410285669565
Sports,3d,72.0,<=1h,95,97.5,95-100,67,67,1.0,0.9677611940298507,0.032238805970149276,0.9457719757882374,0.9999999999999999
Sports,3d,72.0,<=6h,0,2.5,0-5,2951,32,0.010843781768891902,0.015625211792612673,-0.004781430023720772,0.007691648899605457,0.015267822092003705
Sports,3d,72.0,<=6h,5,7.5,5-10,773,42,0.054333764553686936,0.0673091849935317,-0.01297542043984476,0.04044582209710514,0.0726294818001115
Sports,3d,72.0,<=6h,10,12.5,10-15,487,46,0.0944558521560575,0.11930184804928132,-0.024845995893223824,0.07156244071606896,0.12369729277025332
Sports,3d,72.0,<=6h,15,17.5,15-20,434,58,0.1336405529953917,0.16995391705069124,-0.03631336405529953,0.1048208190223662,0.1688891253958891
Sports,3d,72.0,<=6h,20,22.5,20-25,434,100,0.2304147465437788,0.22110599078341014,0.009308755760368659,0.19326520673212705,0.2722949410473438
Sports,3d,72.0,<=6h,25,27.5,25-30,524,142,0.27099236641221375,0.2704389312977099,0.0005534351145038419,0.23470416042828443,0.31061398046853017
Sports,3d,72.0,<=6h,30,32.5,30-35,428,141,0.3294392523364486,0.3195093457943925,0.00992990654205611,0.28660028799719517,0.3753127838328463
Sports,3d,72.0,<=6h,35,37.5,35-40,418,154,0.3684210526315789,0.3699760765550239,-0.0015550239234449759,0.32357091246757114,0.4156677022162342
Sports,3d,72.0,<=6h,40,42.5,40-45,411,167,0.40632603406326034,0.41980535279805353,-0.013479318734793189,0.359921992682495,0.4544649926150259
Sports,3d,72.0,<=6h,45,47.5,45-50,629,292,0.4642289348171701,0.4723529411764706,-0.008124006359300495,0.42558891779911595,0.5033032409970186
Sports,3d,72.0,<=6h,50,52.5,50-55,599,301,0.5025041736227045,0.517245409015025,-0.014741235392320529,0.4625747852872866,0.5424016463325617
Sports,3d,72.0,<=6h,55,57.5,55-60,381,214,0.5616797900262467,0.5674540682414698,-0.005774278215223139,0.511486118546249,0.6106420505498155
Sports,3d,72.0,<=6h,60,62.5,60-65,287,184,0.6411149825783972,0.6195121951219512,0.02160278745644595,0.5840914026379719,0.6944107098521258
Sports,3d,72.0,<=6h,65,67.5,65-70,267,173,0.6479400749063671,0.6708988764044943,-0.022958801498127235,0.588921109887111,0.7027622947302004
Sports,3d,72.0,<=6h,70,72.5,70-75,241,166,0.6887966804979253,0.7185892116182572,-0.029792531120331867,0.6277650910048188,0.7439037757237109
Sports,3d,72.0,<=6h,75,77.5,75-80,188,142,0.7553191489361702,0.7696808510638298,-0.014361702127659526,0.6891574569262003,0.8112553836672894
Sports,3d,72.0,<=6h,80,82.5,80-85,174,143,0.8218390804597702,0.8186206896551724,0.003218390804597737,0.7582197000383915,0.8715542111275001
Sports,3d,72.0,<=6h,85,87.5,85-90,120,108,0.9,0.8684999999999999,0.031500000000000083,0.8333168001483641,0.9418669830068925
Sports,3d,72.0,<=6h,90,92.5,90-95,128,120,0.9375,0.92,0.01749999999999996,0.8815107956585421,0.9679934579306134
Sports,3d,72.0,<=6h,95,97.5,95-100,146,141,0.9657534246575342,0.9697260273972603,-0.0039726027397261054,0.9223400252695617,0.9852850935225494
Sports,3d,72.0,<=24h,0,2.5,0-5,6072,95,0.015645586297760212,0.014369235836627142,0.00127635046113307,0.012816337515973619,0.019087325015320813
Sports,3d,72.0,<=24h,5,7.5,5-10,1451,89,0.061337008959338385,0.06835975189524465,-0.007022742935906268,0.05011100129444054,0.07487965060883195
Sports,3d,72.0,<=24h,10,12.5,10-15,869,102,0.11737629459148446,0.11990794016110472,-0.0025316455696202528,0.0976406516732348,0.14047998785632015
Sports,3d,72.0,<=24h,15,17.5,15-20,802,115,0.1433915211970075,0.16976309226932668,-0.02637157107231919,0.1208336379626134,0.16934944516439324
Sports,3d,72.0,<=24h,20,22.5,20-25,762,169,0.22178477690288714,0.22131233595800523,0.00047244094488191335,0.19372323599392585,0.252637473583616
Sports,3d,72.0,<=24h,25,27.5,25-30,854,231,0.27049180327868855,0.2694613583138173,0.0010304449648712577,0.2417752676311085,0.3012639134951043
Sports,3d,72.0,<=24h,30,32.5,30-35,700,220,0.3142857142857143,0.3191857142857143,-0.0049000000000000155,0.2809876607282759,0.34961104216169264
Sports,3d,72.0,<=24h,35,37.5,35-40,673,258,0.3833580980683507,0.36974739970282317,0.01361069836552753,0.3473846155070115,0.42065564679365086
Sports,3d,72.0,<=24h,40,42.5,40-45,663,288,0.4343891402714932,0.4200904977375566,0.014298642533936645,0.3971431145704308,0.47239111964651076
Sports,3d,72.0,<=24h,45,47.5,45-50,929,425,0.45748116254036597,0.47142088266953713,-0.013939720129171163,0.42568552504665325,0.489626999609194
Sports,3d,72.0,<=24h,50,52.5,50-55,812,410,0.5049261083743842,0.5175615763546798,-0.012635467980295578,0.47059437757761285,0.5392114474747012
Sports,3d,72.0,<=24h,55,57.5,55-60,558,308,0.5519713261648745,0.5682078853046595,-0.016236559139784945,0.5104937559603583,0.5927381869929581
Sports,3d,72.0,<=24h,60,62.5,60-65,415,271,0.653012048192771,0.6188915662650603,0.03412048192771078,0.6059991958795661,0.6972180585669836
Sports,3d,72.0,<=24h,65,67.5,65-70,351,226,0.6438746438746439,0.6708262108262109,-0.026951566951566974,0.5924684143033745,0.6921656308593123
Sports,3d,72.0,<=24h,70,72.5,70-75,318,223,0.7012578616352201,0.7182389937106919,-0.016981132075471805,0.648791919338525,0.7489192528654411
Sports,3d,72.0,<=24h,75,77.5,75-80,264,207,0.7840909090909091,0.7698106060606061,0.014280303030302921,0.7305720353802211,0.8294604614387943
Sports,3d,72.0,<=24h,80,82.5,80-85,249,196,0.7871485943775101,0.818433734939759,-0.03128514056224896,0.7321431363806683,0.8334283518554448
Sports,3d,72.0,<=24h,85,87.5,85-90,154,140,0.9090909090909091,0.8683766233766234,0.0407142857142857,0.8531934321432111,0.9450752118644521
Sports,3d,72.0,<=24h,90,92.5,90-95,167,157,0.9401197604790419,0.9196407185628742,0.020479041916167673,0.893293381903881,0.9671527857742489
Sports,3d,72.0,<=24h,95,97.5,95-100,232,226,0.9741379310344828,0.96875,0.0053879310344827624,0.9447348605916439,0.9880946317455859
Sports,1d,24.0,all,0,2.5,0-5,36096,466,0.012910017730496454,0.014180795656028368,-0.001270777925531914,0.011796183511967574,0.014127520264062294
Sports,1d,24.0,all,5,7.5,5-10,10938,656,0.05997440117023222,0.06827299323459499,-0.008298592064362766,0.05567719658616977,0.06458058524828854
Sports,1d,24.0,all,10,12.5,10-15,5244,520,0.09916094584286804,0.11913615560640732,-0.01997520976353928,0.09136256942988022,0.10754617812073183
Sports,1d,24.0,all,15,17.5,15-20,4096,616,0.150390625,0.168994140625,-0.01860351562500001,0.1397714149061998,0.1616650113206086
Sports,1d,24.0,all,20,22.5,20-25,3407,678,0.199002054593484,0.22006750807161726,-0.021065453478133267,0.1859378583404947,0.21274427336565077
Sports,1d,24.0,all,25,27.5,25-30,3522,881,0.2501419647927314,0.2694236229415105,-0.019281658148779135,0.23611583965994914,0.2647125583032492
Sports,1d,24.0,all,30,32.5,30-35,2724,818,0.3002936857562408,0.3192107195301028,-0.018917033773862002,0.28337068918050146,0.317779172307057
Sports,1d,24.0,all,35,37.5,35-40,2436,871,0.3575533661740558,0.3699384236453202,-0.012385057471264393,0.33875835723822056,0.3767969476635402
Sports,1d,24.0,all,40,42.5,40-45,2618,1085,0.4144385026737968,0.4200572956455309,-0.005618792971734121,0.3957066029916576,0.4334211368382389
Sports,1d,24.0,all,45,47.5,45-50,2983,1359,0.4555816292323165,0.46994971505196115,-0.01436808581964466,0.43777792704592416,0.47349959098516264
Sports,1d,24.0,all,50,52.5,50-55,2570,1300,0.5058365758754864,0.5181750972762645,-0.01233852140077818,0.48651237931527064,0.5251433496153673
Sports,1d,24.0,all,55,57.5,55-60,1884,991,0.5260084925690022,0.5684766454352441,-0.04246815286624195,0.5034310159444128,0.5484801189728389
Sports,1d,24.0,all,60,62.5,60-65,1400,851,0.6078571428571429,0.6187214285714285,-0.01086428571428566,0.5820203437549102,0.6331036417431689
Sports,1d,24.0,all,65,67.5,65-70,1173,772,0.6581415174765558,0.6695481670929242,-0.011406649616368392,0.6305197136912888,0.6847308688849898
Sports,1d,24.0,all,70,72.5,70-75,909,607,0.6677667766776678,0.7185478547854786,-0.05078107810781074,0.6364968877395988,0.6976246071615978
Sports,1d,24.0,all,75,77.5,75-80,751,562,0.748335552596538,0.769081225033289,-0.020745672436751073,0.7160868915912314,0.778056515449398
Sports,1d,24.0,all,80,82.5,80-85,608,475,0.78125,0.8189473684210526,-0.037697368421052646,0.7466794247161455,0.8122887788188873
Sports,1d,24.0,all,85,87.5,85-90,458,382,0.834061135371179,0.8696069868995633,-0.0355458515283843,0.7972389234109701,0.8653259040103795
Sports,1d,24.0,all,90,92.5,90-95,449,398,0.8864142538975501,0.9201781737193764,-0.03376391982182625,0.8537273270418694,0.9125450295614109
Sports,1d,24.0,all,95,97.5,95-100,852,814,0.9553990610328639,0.9741549295774647,-0.018755868544600873,0.9393746186248753,0.9673352211398663
Sports,1d,24.0,<=1h,0,2.5,0-5,2697,19,0.0070448646644419724,0.017419354838709676,-0.010374490174267705,0.0045147059854084735,0.010977353971013997
Sports,1d,24.0,<=1h,5,7.5,5-10,1254,59,0.04704944178628389,0.06845295055821371,-0.02140350877192982,0.036649445524205966,0.060216169351307754
Sports,1d,24.0,<=1h,10,12.5,10-15,815,83,0.10184049079754601,0.11984049079754602,-0.018000000000000016,0.08290901948788447,0.12450789728820506
Sports,1d,24.0,<=1h,15,17.5,15-20,739,105,0.14208389715832206,0.1710554803788904,-0.028971583220568337,0.11875926097568476,0.16911045445220727
Sports,1d,24.0,<=1h,20,22.5,20-25,760,166,0.21842105263157896,0.22088157894736843,-0.0024605263157894686,0.19050161906655202,0.24917278463180645
Sports,1d,24.0,<=1h,25,27.5,25-30,810,198,0.24444444444444444,0.2694938271604938,-0.025049382716049368,0.2160997926199093,0.27520170880248046
Sports,1d,24.0,<=1h,30,32.5,30-35,729,232,0.31824417009602196,0.32015089163237315,-0.0019067215363511858,0.2854589771783006,0.35293491312487
Sports,1d,24.0,<=1h,35,37.5,35-40,714,236,0.33053221288515405,0.36974789915966383,-0.039215686274509776,0.2970149037167301,0.36586336915015305
Sports,1d,24.0,<=1h,40,42.5,40-45,842,350,0.4156769596199525,0.42029691211401426,-0.004619952494061774,0.38284411951349,0.44927574784701824
Sports,1d,24.0,<=1h,45,47.5,45-50,1187,556,0.468407750631845,0.4716596461668071,-0.003251895534962135,0.4401674867514512,0.49685184478684913
Sports,1d,24.0,<=1h,50,52.5,50-55,1197,608,0.5079365079365079,0.5182790309106099,-0.010342522974101986,0.47963442181477506,0.5361878148565729
Sports,1d,24.0,<=1h,55,57.5,55-60,757,398,0.5257595772787318,0.5685997357992074,-0.042840158520475624,0.4901477868430112,0.5611112400030497
Sports,1d,24.0,<=1h,60,62.5,60-65,607,368,0.6062602965403624,0.6187314662273475,-0.01247116968698514,0.566840343515857,0.6443437015786485
Sports,1d,24.0,<=1h,65,67.5,65-70,534,351,0.6573033707865169,0.6699625468164794,-0.012659176029962471,0.6160527805288293,0.6963068435686747
Sports,1d,24.0,<=1h,70,72.5,70-75,430,288,0.6697674418604651,0.7187441860465117,-0.048976744186046584,0.6239836440780482,0.7125447109713523
Sports,1d,24.0,<=1h,75,77.5,75-80,359,261,0.7270194986072424,0.7699721448467965,-0.04295264623955419,0.6787138167336969,0.7705180243782374
Sports,1d,24.0,<=1h,80,82.5,80-85,293,230,0.7849829351535836,0.8188737201365188,-0.033890784982935185,0.7344125724047763,0.8281770376768296
Sports,1d,24.0,<=1h,85,87.5,85-90,248,213,0.8588709677419355,0.8691129032258064,-0.010241935483870868,0.8100500736607826,0.8967434028736739
Sports,1d,24.0,<=1h,90,92.5,90-95,206,194,0.941747572815534,0.9213592233009709,0.020388349514563142,0.9009539428494435,0.9663669315624939
Sports,1d,24.0,<=1h,95,97.5,95-100,298,290,0.9731543624161074,0.9699664429530201,0.0031879194630872743,0.9479292720183796,0.98633558743108
Sports,1d,24.0,<=6h,0,2.5,0-5,10133,99,0.009770058225599527,0.015886706799565775,-0.006116648573966248,0.008032059958803614,0.011879625353512998
Sports,1d,24.0,<=6h,5,7.5,5-10,3915,185,0.04725415070242656,0.06861813537675607,-0.021363984674329504,0.041039835507021664,0.054356110070365275
Sports,1d,24.0,<=6h,10,12.5,10-15,2118,188,0.08876298394711993,0.11925401322001888,-0.030491029272898956,0.07738336942736694,0.10163168994370016
Sports,1d,24.0,<=6h,15,17.5,15-20,1828,256,0.1400437636761488,0.1697921225382932,-0.029748358862144414,0.12488858627288182,0.15670868720316547
Sports,1d,24.0,<=6h,20,22.5,20-25,1639,317,0.19341061622940817,0.22020744356314825,-0.026796827333740086,0.17501447465024872,0.2132406072760915
Sports,1d,24.0,<=6h,25,27.5,25-30,1784,448,0.25112107623318386,0.26974775784753363,-0.01862668161434977,0.23154675460474233,0.27176494817698055
Sports,1d,24.0,<=6h,30,32.5,30-35,1455,435,0.29896907216494845,0.3190378006872852,-0.020068728522336765,0.2759997449491236,0.3229971577989198
Sports,1d,24.0,<=6h,35,37.5,35-40,1391,480,0.34507548526240117,0.36983465132997845,-0.024759166067577276,0.32054991479143324,0.3704544257731154
Sports,1d,24.0,<=6h,40,42.5,40-45,1551,656,0.4229529335912315,0.4201934235976789,0.002759509993552567,0.39858616217347725,0.44770043062157033
Sports,1d,24.0,<=6h,45,47.5,45-50,1998,929,0.464964964964965,0.4705755755755756,-0.0056106106106106335,0.4431825476707886,0.4868818490327269
Sports,1d,24.0,<=6h,50,52.5,50-55,1887,945,0.5007949125596184,0.5180021197668256,-0.017207207207207253,0.47825620159505794,0.5233303934957205
Sports,1d,24.0,<=6h,55,57.5,55-60,1272,691,0.5432389937106918,0.5681603773584906,-0.024921383647798723,0.5157748370355014,0.5704427623906342
Sports,1d,24.0,<=6h,60,62.5,60-65,999,620,0.6206206206206206,0.6187587587587587,0.0018618618618618799,0.5901226153825532,0.6501944995037858
Sports,1d,24.0,<=6h,65,67.5,65-70,849,559,0.6584216725559482,0.6696230859835101,-0.011201413427561868,0.6258713538948112,0.6895447796521453
Sports,1d,24.0,<=6h,70,72.5,70-75,669,442,0.6606875934230194,0.7186397608370703,-0.05795216741405085,0.6239819042282326,0.6955583857895071
Sports,1d,24.0,<=6h,75,77.5,75-80,563,421,0.7477797513321492,0.7696802841918294,-0.02190053285968019,0.7103089432250576,0.7818920526086992
Sports,1d,24.0,<=6h,80,82.5,80-85,469,372,0.7931769722814499,0.8189765458422176,-0.025799573560767675,0.7542098828976709,0.827380231000937
Sports,1d,24.0,<=6h,85,87.5,85-90,378,314,0.8306878306878307,0.8694444444444445,-0.03875661375661377,0.7895976156475683,0.8651241328470954
Sports,1d,24.0,<=6h,90,92.5,90-95,335,304,0.9074626865671642,0.9208059701492537,-0.013343283582089471,0.8716438435760874,0.9340423531600868
Sports,1d,24.0,<=6h,95,97.5,95-100,503,485,0.9642147117296223,0.9721471172962226,-0.007932405566600353,0.9441460387478705,0.9772463647170385
Sports,1d,24.0,<=24h,0,2.5,0-5,21289,266,0.012494715580816385,0.01510028653295129,-0.0026055709521349054,0.011088068348688175,0.014077271725038764
Sports,1d,24.0,<=24h,5,7.5,5-10,7626,430,0.05638604773144506,0.06833726724364018,-0.011951219512195126,0.05142874311174042,0.06179006866542676
Sports,1d,24.0,<=24h,10,12.5,10-15,3747,349,0.09314117961035495,0.11916466506538564,-0.026023485455030693,0.08424749389825895,0.10286827233404475
Sports,1d,24.0,<=24h,15,17.5,15-20,3065,460,0.1500815660685155,0.1692430668841762,-0.019161500815660704,0.13787567181729923,0.16316352160343647
Sports,1d,24.0,<=24h,20,22.5,20-25,2582,505,0.19558481797056546,0.22009682416731216,-0.024512006196746705,0.180741951042843,0.21133218064410955
Sports,1d,24.0,<=24h,25,27.5,25-30,2731,665,0.2435005492493592,0.269677773709264,-0.02617722445990478,0.2277709571646871,0.259950744889282
Sports,1d,24.0,<=24h,30,32.5,30-35,2152,651,0.3025092936802974,0.31941449814126394,-0.01690520446096655,0.28346764326246215,0.32225478087111054
Sports,1d,24.0,<=24h,35,37.5,35-40,1977,679,0.3434496712190187,0.3698634294385432,-0.02641375821952452,0.3228390202238214,0.36466754264319445
Sports,1d,24.0,<=24h,40,42.5,40-45,2169,893,0.41171046565237435,0.4202074688796681,-0.008497003227293742,0.3911724924877024,0.43256063191492317
Sports,1d,24.0,<=24h,45,47.5,45-50,2586,1178,0.45552977571539055,0.4701624129930394,-0.014632637277648852,0.4364149057478146,0.4747765740708739
Sports,1d,24.0,<=24h,50,52.5,50-55,2299,1161,0.5050021748586342,0.5181513701609396,-0.013149195302305405,0.4845730494044591,0.5254146110581623
Sports,1d,24.0,<=24h,55,57.5,55-60,1625,869,0.5347692307692308,0.5685600000000001,-0.03379076923076929,0.5104637469534987,0.5589107091016512
Sports,1d,24.0,<=24h,60,62.5,60-65,1251,771,0.6163069544364509,0.6188569144684253,-0.0025499600319743854,0.5890423493650931,0.6428594301104997
Sports,1d,24.0,<=24h,65,67.5,65-70,1061,700,0.6597549481621112,0.6695004712535344,-0.00974552309142318,0.6307150029787101,0.6876422062062053
Sports,1d,24.0,<=24h,70,72.5,70-75,829,550,0.6634499396863691,0.7183956574185766,-0.054945717732207466,0.63059463175465,0.6947973755610268
Sports,1d,24.0,<=24h,75,77.5,75-80,683,511,0.7481698389458272,0.7692386530014642,-0.021068814055636986,0.7142896450591801,0.7792739364128797
Sports,1d,24.0,<=24h,80,82.5,80-85,559,442,0.7906976744186046,0.8188908765652951,-0.02819320214669052,0.7550460682850347,0.8223810444230523
Sports,1d,24.0,<=24h,85,87.5,85-90,427,356,0.8337236533957846,0.8694613583138174,-0.03573770491803285,0.7954643553470767,0.8660316561801297
Sports,1d,24.0,<=24h,90,92.5,90-95,392,348,0.8877551020408163,0.9201530612244898,-0.0323979591836735,0.8526676359318296,0.9153163253294426
Sports,1d,24.0,<=24h,95,97.5,95-100,657,625,0.9512937595129376,0.9726179604261795,-0.021324200913241942,0.9320501121338239,0.9652904911211769
Sports,6h,6.0,all,0,2.5,0-5,89101,980,0.010998754222735996,0.0154872560352858,-0.004488501812549804,0.010334693556242744,0.011704979762698431
Sports,6h,6.0,all,5,7.5,5-10,30909,1577,0.05102073829628911,0.06841890711443269,-0.01739816881814358,0.048622951372533085,0.053530116302746567
Sports,6h,6.0,all,10,12.5,10-15,13732,1283,0.09343140110690358,0.11927687154092631,-0.02584547043402273,0.08867662569413665,0.09841359235264105
Sports,6h,6.0,all,15,17.5,15-20,10266,1420,0.1383206701733879,0.16873465809468147,-0.030413987921293573,0.131777450182782,0.1451344741452427
Sports,6h,6.0,all,20,22.5,20-25,8311,1664,0.2002165804355673,0.21930333293225845,-0.019086752496691145,0.1917526466095891,0.20895752446570834
Sports,6h,6.0,all,25,27.5,25-30,7684,1930,0.25117126496616343,0.2700416449765747,-0.018870380010411247,0.24160020263622545,0.26099100579866213
Sports,6h,6.0,all,30,32.5,30-35,6319,1883,0.2979901883209369,0.3184886849184998,-0.02049849659756292,0.2868384000648154,0.3093874487687217
Sports,6h,6.0,all,35,37.5,35-40,5958,2059,0.3455857670359181,0.369513259483048,-0.023927492447129883,0.3336131084561422,0.3577574237632981
Sports,6h,6.0,all,40,42.5,40-45,6119,2485,0.4061121098218663,0.42056218336329465,-0.014450073541428354,0.39386946969056524,0.4184725644394699
Sports,6h,6.0,all,45,47.5,45-50,6468,2911,0.45006184291898577,0.46968769325912185,-0.019625850340136086,0.4379705412790072,0.4622124298246119
Sports,6h,6.0,all,50,52.5,50-55,5446,2689,0.49375688578773413,0.5191186191700331,-0.025361733382298968,0.4804873327419042,0.5070352403912306
Sports,6h,6.0,all,55,57.5,55-60,4400,2361,0.5365909090909091,0.5689727272727273,-0.03238181818181818,0.5218309422602734,0.5512870372783185
Sports,6h,6.0,all,60,62.5,60-65,3253,1925,0.5917614509683369,0.6185644020903781,-0.02680295112204123,0.5747722585984885,0.6085341693223536
Sports,6h,6.0,all,65,67.5,65-70,2504,1615,0.6449680511182109,0.6695327476038337,-0.024564696485622872,0.6260159154479144,0.6634760524658485
Sports,6h,6.0,all,70,72.5,70-75,2043,1416,0.6930983847283406,0.7185022026431719,-0.02540381791483126,0.6727519697666051,0.7127199690487871
Sports,6h,6.0,all,75,77.5,75-80,1456,1091,0.7493131868131868,0.76875,-0.01943681318681323,0.7264143052662326,0.7708999238939722
Sports,6h,6.0,all,80,82.5,80-85,1204,943,0.7832225913621262,0.8187707641196014,-0.03554817275747513,0.7590662309442485,0.8055773448358868
Sports,6h,6.0,all,85,87.5,85-90,756,639,0.8452380952380952,0.8684656084656085,-0.023227513227513263,0.8177167268540886,0.8692685606058241
Sports,6h,6.0,all,90,92.5,90-95,582,522,0.8969072164948454,0.9202233676975945,-0.023316151202749102,0.8695436373314911,0.91906543378944
Sports,6h,6.0,all,95,97.5,95-100,1516,1454,0.9591029023746702,0.9797823218997361,-0.020679419525065912,0.9479179001208804,0.9679670184127351
Sports,6h,6.0,<=1h,0,2.5,0-5,10190,82,0.008047105004906772,0.01792836113837095,-0.009881256133464179,0.006488206551103005,0.009976793258193619
Sports,6h,6.0,<=1h,5,7.5,5-10,5240,212,0.04045801526717557,0.06874809160305344,-0.028290076335877865,0.03545113056227295,0.04613821416545491
Sports,6h,6.0,<=1h,10,12.5,10-15,3023,253,0.08369169698974528,0.11934832947403243,-0.035656632484287146,0.07434033386189343,0.09409979858507705
Sports,6h,6.0,<=1h,15,17.5,15-20,2685,359,0.13370577281191806,0.1692364990689013,-0.03553072625698325,0.12135430930885531,0.1471038996090668
Sports,6h,6.0,<=1h,20,22.5,20-25,2518,487,0.19340746624305005,0.21953534551231135,-0.0261278792692613,0.17845181885632444,0.20929719757674575
Sports,6h,6.0,<=1h,25,27.5,25-30,2763,700,0.2533478103510677,0.2706261310170105,-0.017278320665942815,0.237480436886443,0.2699001084978681
Sports,6h,6.0,<=1h,30,32.5,30-35,2571,774,0.30105017502917153,0.3193815635939323,-0.018331388564760798,0.2836261679688245,0.31906783852850734
Sports,6h,6.0,<=1h,35,37.5,35-40,2677,938,0.3503922301083302,0.3699290250280164,-0.019536794919686185,0.33254511073066645,0.3686681202188979
Sports,6h,6.0,<=1h,40,42.5,40-45,3235,1352,0.4179289026275116,0.42128902627511594,-0.0033601236476043517,0.4010396040332971,0.43501289078460337
Sports,6h,6.0,<=1h,45,47.5,45-50,3934,1817,0.461870869344179,0.4705490594814438,-0.00867819013726484,0.44633652083561975,0.4774796123475941
Sports,6h,6.0,<=1h,50,52.5,50-55,3736,1840,0.4925053533190578,0.5190069593147751,-0.026501605995717326,0.4764897974953666,0.5085363062840021
Sports,6h,6.0,<=1h,55,57.5,55-60,2892,1561,0.5397648686030428,0.5688623789764868,-0.02909751037344399,0.5215585196765248,0.5578657140246556
Sports,6h,6.0,<=1h,60,62.5,60-65,2127,1279,0.6013164080865068,0.6185754583921015,-0.017259050305594714,0.5803433437929165,0.6219241546452593
Sports,6h,6.0,<=1h,65,67.5,65-70,1527,995,0.6516044531761624,0.6689129011132942,-0.01730844793713171,0.627352796853229,0.6750952160567939
Sports,6h,6.0,<=1h,70,72.5,70-75,1186,816,0.688026981450253,0.7183052276559865,-0.030278246205733494,0.6610876416125275,0.713752168997557
Sports,6h,6.0,<=1h,75,77.5,75-80,868,637,0.7338709677419355,0.7689746543778802,-0.03510368663594465,0.7034868824741934,0.7621940393813363
Sports,6h,6.0,<=1h,80,82.5,80-85,714,566,0.7927170868347339,0.8191176470588235,-0.026400560224089653,0.7614552803359647,0.8208458847121463
Sports,6h,6.0,<=1h,85,87.5,85-90,472,408,0.864406779661017,0.8677966101694915,-0.003389830508474523,0.830563285306203,0.8923663618705047
Sports,6h,6.0,<=1h,90,92.5,90-95,366,333,0.9098360655737705,0.9201092896174863,-0.010273224043715778,0.8760794461681581,0.9350786279911575
Sports,6h,6.0,<=1h,95,97.5,95-100,637,613,0.9623233908948194,0.9753218210361068,-0.01299843014128732,0.9445509969342101,0.9745528814656939
Sports,6h,6.0,<=6h,0,2.5,0-5,31137,301,0.009666955711854065,0.017285544529016924,-0.007618588817162859,0.008639020259321372,0.010815868204579361
Sports,6h,6.0,<=6h,5,7.5,5-10,13884,661,0.04760875828291559,0.06868121578795736,-0.021072457505041768,0.044190165812588764,0.05127762811731895
Sports,6h,6.0,<=6h,10,12.5,10-15,7056,661,0.09367913832199547,0.1194812925170068,-0.025802154195011334,0.08709958324881756,0.1007008909147954
Sports,6h,6.0,<=6h,15,17.5,15-20,5704,784,0.13744740532959326,0.16911991584852737,-0.031672510518934105,0.12875541741432575,0.1466274173160564
Sports,6h,6.0,<=6h,20,22.5,20-25,5096,1026,0.20133437990580846,0.21959576138147568,-0.01826138147566722,0.1905513203859512,0.21256739608555644
Sports,6h,6.0,<=6h,25,27.5,25-30,5252,1327,0.25266565118050266,0.2703903274942879,-0.017724676313785215,0.2410969993628427,0.2645958662668977
Sports,6h,6.0,<=6h,30,32.5,30-35,4555,1381,0.30318331503841933,0.31876399560922064,-0.015580680570801309,0.2900055274681749,0.3166928057224322
Sports,6h,6.0,<=6h,35,37.5,35-40,4490,1553,0.3458797327394209,0.3697015590200446,-0.02382182628062368,0.33210369653167043,0.35991927107804683
Sports,6h,6.0,<=6h,40,42.5,40-45,4883,2002,0.40999385623592055,0.4206860536555396,-0.010692197419619076,0.39627460050962454,0.4238546216038976
Sports,6h,6.0,<=6h,45,47.5,45-50,5432,2465,0.4537923416789396,0.47002761413843885,-0.01623527245949924,0.44058976808182576,0.46706022672302655
Sports,6h,6.0,<=6h,50,52.5,50-55,4797,2394,0.49906191369606,0.5191869918699187,-0.020125078173858668,0.48491884751357994,0.5132064811787892
Sports,6h,6.0,<=6h,55,57.5,55-60,3868,2094,0.5413650465356774,0.5689994829369183,-0.02763443640124086,0.5256284217784559,0.5570195873756376
Sports,6h,6.0,<=6h,60,62.5,60-65,2866,1704,0.5945568736915562,0.6185031402651779,-0.023946266573621755,0.5764664429869195,0.6123941547547815
Sports,6h,6.0,<=6h,65,67.5,65-70,2199,1421,0.6462028194633924,0.6693633469758982,-0.023160527512505746,0.6259786161825786,0.6659170879842576
Sports,6h,6.0,<=6h,70,72.5,70-75,1793,1246,0.6949247071946458,0.7182766313441159,-0.02335192414947007,0.673213987435501,0.7158019391770618
Sports,6h,6.0,<=6h,75,77.5,75-80,1274,954,0.7488226059654631,0.7687990580847723,-0.019976452119309207,0.724283599035548,0.7718655324373983
Sports,6h,6.0,<=6h,80,82.5,80-85,1076,841,0.7815985130111525,0.8188197026022305,-0.03722118959107801,0.7559332346947067,0.8052601847845948
Sports,6h,6.0,<=6h,85,87.5,85-90,661,561,0.848714069591528,0.8680030257186081,-0.019288956127080148,0.8193865883771683,0.8740116586639315
Sports,6h,6.0,<=6h,90,92.5,90-95,493,446,0.9046653144016227,0.9204868154158216,-0.01582150101419888,0.8755239765051746,0.9275488740773854
Sports,6h,6.0,<=6h,95,97.5,95-100,1103,1059,0.9601087941976428,0.9784950135992747,-0.018386219401631876,0.9468722462957283,0.9701514723646475
Sports,6h,6.0,<=24h,0,2.5,0-5,64854,635,0.009791223363246677,0.016350109476670677,-0.006558886113423999,0.00906189926082774,0.010578618656129891
Sports,6h,6.0,<=24h,5,7.5,5-10,25144,1169,0.04649220489977728,0.06857818962774419,-0.022085984727966905,0.04395825776332134,0.04916470830466915
Sports,6h,6.0,<=24h,10,12.5,10-15,11573,1035,0.08943229931737665,0.11933897865721939,-0.029906679339842743,0.08436841900920868,0.09476866100404814
Sports,6h,6.0,<=24h,15,17.5,15-20,8916,1190,0.13346792283535217,0.1688716913414087,-0.03540376850605653,0.12656639575709522,0.14068516619889287
Sports,6h,6.0,<=24h,20,22.5,20-25,7403,1465,0.19789274618397948,0.21934891260299877,-0.02145616641901929,0.18897466948383987,0.20712420213236968
Sports,6h,6.0,<=24h,25,27.5,25-30,6967,1730,0.24831347782402755,0.2702138653652935,-0.02190038754126597,0.23830903691596747,0.2585953253923082
Sports,6h,6.0,<=24h,30,32.5,30-35,5834,1729,0.29636612958519026,0.3184418923551594,-0.022075762769969143,0.28478503160461693,0.308215230684103
Sports,6h,6.0,<=24h,35,37.5,35-40,5587,1915,0.3427599785215679,0.3695328441023806,-0.026772865580812655,0.3304260015456048,0.3553100422013687
Sports,6h,6.0,<=24h,40,42.5,40-45,5813,2358,0.40564252537416134,0.42060897987269913,-0.014966454498537785,0.3930861783294861,0.41832350489104375
Sports,6h,6.0,<=24h,45,47.5,45-50,6200,2801,0.4517741935483871,0.46972741935483875,-0.017953225806451645,0.4394198713814976,0.4641882413723805
Sports,6h,6.0,<=24h,50,52.5,50-55,5276,2601,0.49298711144806673,0.5191944655041698,-0.026207354056103083,0.47950653127781856,0.5064778967398705
Sports,6h,6.0,<=24h,55,57.5,55-60,4260,2289,0.5373239436619718,0.5689859154929577,-0.03166197183098596,0.5223240572253178,0.5522565744754468
Sports,6h,6.0,<=24h,60,62.5,60-65,3162,1878,0.5939278937381404,0.6185230866540165,-0.024595192915876085,0.5767062980496958,0.6109215352569357
Sports,6h,6.0,<=24h,65,67.5,65-70,2439,1571,0.6441164411644117,0.6695284952849527,-0.02541205412054104,0.6249019667035761,0.6628776420929993
Sports,6h,6.0,<=24h,70,72.5,70-75,1997,1385,0.6935403104656985,0.7184827240861291,-0.024942413620430592,0.6729643259219755,0.713373103287813
Sports,6h,6.0,<=24h,75,77.5,75-80,1428,1070,0.7492997198879552,0.7687605042016807,-0.019460784313725554,0.7261710250496393,0.7710906832287067
Sports,6h,6.0,<=24h,80,82.5,80-85,1186,928,0.7824620573355818,0.818760539629005,-0.03629848229342314,0.7580894868440547,0.8050106770769244
Sports,6h,6.0,<=24h,85,87.5,85-90,737,623,0.8453188602442334,0.8683175033921303,-0.022998643147896902,0.8174278457485205,0.869628604645194
Sports,6h,6.0,<=24h,90,92.5,90-95,550,494,0.8981818181818182,0.9202181818181817,-0.02203636363636352,0.8700829995832917,0.9207568362109138
Sports,6h,6.0,<=24h,95,97.5,95-100,1358,1301,0.9580265095729014,0.9796170839469808,-0.021590574374079408,0.9460059070949419,0.9674630308490894
Sports,1h,1.0,all,0,2.5,0-5,137824,1498,0.010868934293011378,0.01586378279544927,-0.004994848502437891,0.010334993793431963,0.011430141357607074
Sports,1h,1.0,all,5,7.5,5-10,48297,2179,0.04511667391349359,0.06826552373853448,-0.02314884982504089,0.043301431285045155,0.04700427469255006
Sports,1h,1.0,all,10,12.5,10-15,20542,1768,0.08606756888326356,0.11897673060072048,-0.03290916171745692,0.08230913485321988,0.08998079460871074
Sports,1h,1.0,all,15,17.5,15-20,14346,1783,0.12428551512616758,0.1682803568939077,-0.043994841767740114,0.11898727056451805,0.12978492494180727
Sports,1h,1.0,all,20,22.5,20-25,10671,1833,0.17177396682597695,0.21867116483928403,-0.04689719801330708,0.16473580186176398,0.17904837194742865
Sports,1h,1.0,all,25,27.5,25-30,8442,1906,0.2257758824923004,0.26924307036247336,-0.04346718787017295,0.2169829884584051,0.23481823878696498
Sports,1h,1.0,all,30,32.5,30-35,6647,1743,0.26222355950052656,0.317863697908831,-0.05564013840830445,0.25178901106799756,0.2729327925605838
Sports,1h,1.0,all,35,37.5,35-40,5822,1754,0.30127104087942286,0.36883545173479904,-0.06756441085537618,0.289619605439542,0.31318456280286266
Sports,1h,1.0,all,40,42.5,40-45,5040,1780,0.3531746031746032,0.41936904761904764,-0.06619444444444444,0.34009538586605637,0.36647747716754875
Sports,1h,1.0,all,45,47.5,45-50,4953,1980,0.39975772259236825,0.4691520290732889,-0.06939430648092065,0.3861983020612625,0.41347252058515815
Sports,1h,1.0,all,50,52.5,50-55,3940,1840,0.467005076142132,0.5178857868020305,-0.050880710659898465,0.45146610465525394,0.48260832673164566
Sports,1h,1.0,all,55,57.5,55-60,2663,1348,0.5061960195268495,0.56838152459632,-0.062185505069470515,0.48721155320104303,0.5251626350522076
Sports,1h,1.0,all,60,62.5,60-65,2096,1236,0.5896946564885496,0.6190887404580152,-0.029394083969465634,0.568490685750241,0.6105704396222633
Sports,1h,1.0,all,65,67.5,65-70,1916,1214,0.6336116910229646,0.6702557411273485,-0.036644050104383985,0.6117897734284592,0.6548988950533574
Sports,1h,1.0,all,70,72.5,70-75,1628,1115,0.6848894348894349,0.7198341523341523,-0.03494471744471739,0.6619097223197661,0.7069986325107518
Sports,1h,1.0,all,75,77.5,75-80,1604,1194,0.7443890274314214,0.7697568578553615,-0.025367830423940085,0.7224753022320904,0.7651349200684148
Sports,1h,1.0,all,80,82.5,80-85,1583,1256,0.7934301958307012,0.819671509791535,-0.026241313960833845,0.7727877280947126,0.8126519276340003
Sports,1h,1.0,all,85,87.5,85-90,1530,1282,0.8379084967320262,0.870359477124183,-0.03245098039215688,0.8185992391302757,0.8555251293833961
Sports,1h,1.0,all,90,92.5,90-95,2217,1969,0.8881371222372576,0.9232295895354082,-0.03509246729815063,0.8743392194400836,0.9005922299708065
Sports,1h,1.0,all,95,97.5,95-100,14726,14409,0.9784734483226946,0.9844981665082168,-0.006024718185522193,0.9760015504766675,0.9806957706947972
Sports,1h,1.0,<=1h,0,2.5,0-5,13883,213,0.015342505222214219,0.015967730317654683,-0.0006252250954404646,0.013427885030556627,0.017525272813484736
Sports,1h,1.0,<=1h,5,7.5,5-10,4516,271,0.0600088573959256,0.0675132860938884,-0.007504428697962806,0.053448621513694415,0.06731702655680434
Sports,1h,1.0,<=1h,10,12.5,10-15,2885,323,0.1119584055459272,0.11835355285961871,-0.006395147313691507,0.10096440507332974,0.12398444639710049
Sports,1h,1.0,<=1h,15,17.5,15-20,2258,358,0.15854738706820196,0.1682683790965456,-0.009720992028343645,0.1440632846619703,0.17419136234779378
Sports,1h,1.0,<=1h,20,22.5,20-25,2063,394,0.1909840038778478,0.2185603490063015,-0.027576345128453694,0.17460215473635043,0.20851457757637254
Sports,1h,1.0,<=1h,25,27.5,25-30,1999,463,0.23161580790395198,0.2692296148074037,-0.03761380690345173,0.21364749852134632,0.25061367919735095
Sports,1h,1.0,<=1h,30,32.5,30-35,1886,573,0.30381760339342523,0.3186850477200424,-0.014867444326617185,0.2834772119235714,0.3249555794807451
Sports,1h,1.0,<=1h,35,37.5,35-40,1810,587,0.3243093922651934,0.3695414364640884,-0.04523204419889498,0.3031350861861445,0.34622790118827673
Sports,1h,1.0,<=1h,40,42.5,40-45,1801,682,0.3786785119378123,0.41897834536368683,-0.04029983342587451,0.35655680242885207,0.40131668630279066
Sports,1h,1.0,<=1h,45,47.5,45-50,1831,788,0.4303659202621518,0.46981430912069905,-0.039448388858547234,0.40785574115015033,0.45316768452321565
Sports,1h,1.0,<=1h,50,52.5,50-55,1850,926,0.5005405405405405,0.5178216216216216,-0.017281081081081062,0.47777851622005085,0.5233003246043216
Sports,1h,1.0,<=1h,55,57.5,55-60,1451,779,0.5368711233631978,0.5687181254307374,-0.031847002067539654,0.5111503305510596,0.5623971951727029
Sports,1h,1.0,<=1h,60,62.5,60-65,1302,830,0.6374807987711214,0.6188556067588326,0.01862519201228885,0.610999079847995,0.6631536198362549
Sports,1h,1.0,<=1h,65,67.5,65-70,1292,876,0.6780185758513931,0.67015479876161,0.007863777089783142,0.6520454019801488,0.7029362562719089
Sports,1h,1.0,<=1h,70,72.5,70-75,1219,872,0.7153404429860541,0.7196718621821165,-0.0043314191960623916,0.6893624860487864,0.7399654007355692
Sports,1h,1.0,<=1h,75,77.5,75-80,1250,976,0.7808,0.7698560000000001,0.010943999999999954,0.75702406874759,0.8028552652926908
Sports,1h,1.0,<=1h,80,82.5,80-85,1322,1073,0.8116490166414524,0.8197352496217851,-0.00808623298033273,0.7896802323930252,0.8318118070783567
Sports,1h,1.0,<=1h,85,87.5,85-90,1351,1152,0.8527017024426351,0.8706661732050333,-0.017964470762398155,0.8328035282075137,0.8705997331036242
Sports,1h,1.0,<=1h,90,92.5,90-95,1910,1718,0.8994764397905759,0.9229842931937172,-0.02350785340314132,0.8851787450377062,0.912170419072845
Sports,1h,1.0,<=1h,95,97.5,95-100,11738,11518,0.9812574544215369,0.9841932186062361,-0.0029357641846992077,0.9786419738709329,0.9835580271919326
Sports,1h,1.0,<=6h,0,2.5,0-5,62303,664,0.010657592732292186,0.01700174951446961,-0.006344156782177424,0.009880909774869629,0.011494617627886736
Sports,1h,1.0,<=6h,5,7.5,5-10,25305,998,0.039438846077850226,0.06831337680300335,-0.028874530725153127,0.03710976090429602,0.041907747348630106
Sports,1h,1.0,<=6h,10,12.5,10-15,11961,970,0.08109689825265445,0.11884457821252405,-0.03774767995986959,0.07633807634111907,0.0861247179845492
Sports,1h,1.0,<=6h,15,17.5,15-20,8677,1020,0.11755214936037801,0.16840152126310937,-0.05084937190273135,0.11094388298549908,0.12449891094821351
Sports,1h,1.0,<=6h,20,22.5,20-25,6915,1101,0.15921908893709327,0.21884454085321764,-0.05962545191612437,0.1507848158325808,0.16803179069299712
Sports,1h,1.0,<=6h,25,27.5,25-30,5800,1254,0.21620689655172415,0.2692913793103448,-0.053084482758620655,0.20580215291373752,0.2269873291424234
Sports,1h,1.0,<=6h,30,32.5,30-35,4843,1249,0.25789799710922984,0.3181354532314681,-0.06023745612223824,0.24577203010513562,0.27040774354374947
Sports,1h,1.0,<=6h,35,37.5,35-40,4300,1279,0.2974418604651163,0.3688883720930232,-0.07144651162790694,0.2839640012488418,0.31128132562378286
Sports,1h,1.0,<=6h,40,42.5,40-45,3893,1349,0.3465193937837144,0.41929103519136907,-0.07277164140765469,0.3317289272596634,0.3616124700401395
Sports,1h,1.0,<=6h,45,47.5,45-50,3898,1572,0.4032837352488456,0.46944330425859415,-0.06615956900974856,0.3879861147307032,0.4187718018387444
Sports,1h,1.0,<=6h,50,52.5,50-55,3358,1563,0.4654556283502085,0.5179154258487195,-0.05245979749851104,0.44863346831353573,0.4823567365789257
Sports,1h,1.0,<=6h,55,57.5,55-60,2306,1178,0.5108412836079792,0.5685082393755421,-0.057666955767562866,0.4904372053860474,0.5312093005908126
Sports,1h,1.0,<=6h,60,62.5,60-65,1878,1131,0.6022364217252396,0.6189297124600639,-0.016693290734824284,0.5799130747282892,0.6241423569297206
Sports,1h,1.0,<=6h,65,67.5,65-70,1772,1129,0.6371331828442438,0.6702821670428893,-0.03314898419864554,0.6144709105810661,0.6592021467456685
Sports,1h,1.0,<=6h,70,72.5,70-75,1536,1052,0.6848958333333334,0.7198111979166667,-0.03491536458333333,0.6612262627805345,0.7076428468733416
Sports,1h,1.0,<=6h,75,77.5,75-80,1547,1157,0.7478991596638656,0.7697672915319974,-0.021868131868131857,0.7256650581703273,0.768905115856472
Sports,1h,1.0,<=6h,80,82.5,80-85,1541,1225,0.7949383517196625,0.819669046073978,-0.024730694354315408,0.7740578917302265,0.81435194912336
Sports,1h,1.0,<=6h,85,87.5,85-90,1493,1253,0.8392498325519089,0.8703616878767582,-0.03111185532484928,0.8197512359096177,0.8570070797331328
Sports,1h,1.0,<=6h,90,92.5,90-95,2170,1927,0.8880184331797235,0.9232995391705069,-0.03528110599078338,0.8740585828093361,0.9006068757962955
Sports,1h,1.0,<=6h,95,97.5,95-100,14299,13994,0.9786698370515421,0.984459053080635,-0.005789216029092881,0.9761699011921927,0.9809126410629072
Sports,1h,1.0,<=24h,0,2.5,0-5,108084,1098,0.010158765404685246,0.01655776988268384,-0.006399004477998594,0.009578101017982649,0.010774249139410077
Sports,1h,1.0,<=24h,5,7.5,5-10,41244,1717,0.04163029774027737,0.06836194355542624,-0.02673164581514887,0.0397448714937674,0.043601104117232795
Sports,1h,1.0,<=24h,10,12.5,10-15,18080,1499,0.08290929203539824,0.11898064159292035,-0.036071349557522114,0.07897791485795241,0.08701787665572688
Sports,1h,1.0,<=24h,15,17.5,15-20,12844,1536,0.11958891311118032,0.16837122391778261,-0.048782310806602294,0.114090649079312,0.12531466862012164
Sports,1h,1.0,<=24h,20,22.5,20-25,9733,1632,0.16767697523887803,0.21867563957669783,-0.0509986643378198,0.16038649205569497,0.17522968968438793
Sports,1h,1.0,<=24h,25,27.5,25-30,7763,1720,0.22156382841684916,0.2693533427798532,-0.04778951436300402,0.21246428966249592,0.23093880484634538
Sports,1h,1.0,<=24h,30,32.5,30-35,6212,1608,0.25885383129426914,0.31784771410173857,-0.05899388280746942,0.2481129146613671,0.2698928208773248
Sports,1h,1.0,<=24h,35,37.5,35-40,5506,1643,0.2984017435524882,0.3688194696694515,-0.07041772611696329,0.2864596908525855,0.3106249149916188
Sports,1h,1.0,<=24h,40,42.5,40-45,4801,1679,0.3497188085815455,0.4193209747969173,-0.0696021662153718,0.3363541824101829,0.36332374245626853
Sports,1h,1.0,<=24h,45,47.5,45-50,4750,1896,0.3991578947368421,0.46917684210526317,-0.07001894736842107,0.385317639880387,0.4131611314779183
Sports,1h,1.0,<=24h,50,52.5,50-55,3814,1774,0.46512847404299945,0.5179680125852123,-0.05283953854221285,0.4493416351086045,0.48098549003980395
Sports,1h,1.0,<=24h,55,57.5,55-60,2590,1310,0.5057915057915058,0.5683822393822394,-0.06259073359073364,0.48654203383869454,0.5250238227656563
Sports,1h,1.0,<=24h,60,62.5,60-65,2041,1208,0.5918667319941205,0.6190396864282214,-0.027172954434100838,0.5703905217799023,0.6129977660953052
Sports,1h,1.0,<=24h,65,67.5,65-70,1889,1199,0.6347273689782954,0.6703176283748015,-0.03559025939650606,0.6127601350930756,0.6561477333730443
Sports,1h,1.0,<=24h,70,72.5,70-75,1608,1103,0.6859452736318408,0.7198818407960199,-0.03393656716417914,0.6628386844837649,0.7081655134473469
Sports,1h,1.0,<=24h,75,77.5,75-80,1596,1189,0.7449874686716792,0.7697869674185464,-0.024799498746867155,0.7230324937228365,0.7657658973178765
Sports,1h,1.0,<=24h,80,82.5,80-85,1578,1251,0.7927756653992395,0.8196831432192648,-0.02690747782002534,0.7720777576463217,0.8120515255891171
Sports,1h,1.0,<=24h,85,87.5,85-90,1513,1267,0.8374091209517515,0.8703502974223397,-0.03294117647058825,0.8179653221662715,0.8551438541643355
Sports,1h,1.0,<=24h,90,92.5,90-95,2194,1947,0.8874202370100274,0.9232497721057429,-0.035829535095715515,0.8735111673295417,0.8999749656110672
Sports,1h,1.0,<=24h,95,97.5,95-100,14585,14269,0.9783339046966061,0.9845190263969832,-0.006185121700377105,0.9758420503418953,0.9805738449407021
Finance,30d,720.0,all,0,2.5,0-5,361,12,0.0332409972299169,0.01778393351800554,0.01545706371191136,0.019115488225985768,0.05719598502706433
Finance,30d,720.0,all,5,7.5,5-10,179,10,0.055865921787709494,0.06837988826815643,-0.012513966480446934,0.030624655164466552,0.0997701783963861
Finance,30d,720.0,all,10,12.5,10-15,113,9,0.07964601769911504,0.11672566371681416,-0.037079646017699114,0.04246569596832783,0.14446772500502414
Finance,30d,720.0,all,15,17.5,15-20,90,10,0.1111111111111111,0.16866666666666666,-0.057555555555555554,0.0614825297021024,0.19257963462587152
Finance,30d,720.0,all,20,22.5,20-25,77,16,0.2077922077922078,0.21844155844155844,-0.01064935064935063,0.13214965937388248,0.3112062366004674
Finance,30d,720.0,all,25,27.5,25-30,59,14,0.23728813559322035,0.27016949152542374,-0.0328813559322034,0.1469448625694613,0.3597513386730279
Finance,30d,720.0,all,30,32.5,30-35,57,16,0.2807017543859649,0.3210526315789474,-0.040350877192982526,0.18079248284972227,0.40830445082723554
Finance,30d,720.0,all,35,37.5,35-40,46,18,0.391304347826087,0.36891304347826087,0.022391304347826102,0.2639302235524884,0.5354341628235508
Finance,30d,720.0,all,40,42.5,40-45,59,20,0.3389830508474576,0.4233898305084746,-0.084406779661017,0.23137483598383493,0.4662776744551099
Finance,30d,720.0,all,45,47.5,45-50,45,16,0.35555555555555557,0.4691111111111111,-0.11355555555555552,0.23218891356904048,0.5016445398804781
Finance,30d,720.0,all,50,52.5,50-55,44,23,0.5227272727272727,0.5175,0.005227272727272747,0.379352201361717,0.6624524205572824
Finance,30d,720.0,all,55,57.5,55-60,42,27,0.6428571428571429,0.5664285714285715,0.0764285714285714,0.4916608928707938,0.7701100749837315
Finance,30d,720.0,all,60,62.5,60-65,46,32,0.6956521739130435,0.6206521739130435,0.07499999999999996,0.5519408125976183,0.8092032919255109
Finance,30d,720.0,all,65,67.5,65-70,62,39,0.6290322580645161,0.6730645161290323,-0.04403225806451616,0.504577349121774,0.7384301112072582
Finance,30d,720.0,all,70,72.5,70-75,55,37,0.6727272727272727,0.7196363636363636,-0.0469090909090909,0.5410297617609947,0.7818710431117484
Finance,30d,720.0,all,75,77.5,75-80,64,45,0.703125,0.76796875,-0.06484374999999998,0.5822956740587202,0.8009500041092477
Finance,30d,720.0,all,80,82.5,80-85,74,63,0.8513513513513513,0.8214864864864865,0.029864864864864837,0.7531029907801314,0.9149202769841487
Finance,30d,720.0,all,85,87.5,85-90,116,103,0.8879310344827587,0.8694827586206897,0.018448275862068986,0.817664170923032,0.9333271376042241
Finance,30d,720.0,all,90,92.5,90-95,135,134,0.9925925925925926,0.9234074074074075,0.06918518518518513,0.9592349092584949,0.9986912454386567
Finance,30d,720.0,all,95,97.5,95-100,376,369,0.9813829787234043,0.9756648936170212,0.005718085106383053,0.9620754356577061,0.990953405838328
Finance,30d,720.0,<=1h,0,2.5,0-5,6,0,0.0,0.023333333333333334,-0.023333333333333334,0.0,0.3903430336530645
Finance,30d,720.0,<=1h,5,7.5,5-10,7,1,0.14285714285714285,0.07428571428571429,0.06857142857142856,0.02567895594897479,0.51313450331903
Finance,30d,720.0,<=1h,10,12.5,10-15,6,0,0.0,0.115,-0.115,0.0,0.3903430336530645
Finance,30d,720.0,<=1h,15,17.5,15-20,7,1,0.14285714285714285,0.17,-0.027142857142857163,0.02567895594897479,0.51313450331903
Finance,30d,720.0,<=1h,20,22.5,20-25,5,1,0.2,0.226,-0.025999999999999995,0.03622316096978745,0.6244717358814613
Finance,30d,720.0,<=1h,25,27.5,25-30,8,1,0.125,0.27375,-0.14875,0.02241690886329617,0.4708948057698615
Finance,30d,720.0,<=1h,30,32.5,30-35,7,0,0.0,0.32142857142857145,-0.32142857142857145,0.0,0.35433884297520657
Finance,30d,720.0,<=1h,35,37.5,35-40,3,2,0.6666666666666666,0.37,0.29666666666666663,0.2076549551264879,0.9385096847238394
Finance,30d,720.0,<=1h,40,42.5,40-45,8,5,0.625,0.42,0.20500000000000002,0.30573785458380187,0.863158240538479
Finance,30d,720.0,<=1h,45,47.5,45-50,4,2,0.5,0.465,0.034999999999999976,0.15003570882017148,0.8499642911798285
Finance,30d,720.0,<=1h,50,52.5,50-55,4,2,0.5,0.515,-0.015000000000000013,0.15003570882017148,0.8499642911798285
Finance,30d,720.0,<=1h,55,57.5,55-60,4,3,0.75,0.5775,0.1725,0.3006360524426366,0.9544139373553637
Finance,30d,720.0,<=1h,60,62.5,60-65,2,2,1.0,0.62,0.38,0.34237195288961925,1.0
Finance,30d,720.0,<=1h,65,67.5,65-70,6,3,0.5,0.6666666666666667,-0.16666666666666674,0.18761280689940868,0.8123871931005913
Finance,30d,720.0,<=1h,70,72.5,70-75,5,4,0.8,0.7240000000000001,0.07599999999999996,0.3755282641185388,0.9637768390302125
Finance,30d,720.0,<=1h,75,77.5,75-80,3,1,0.3333333333333333,0.7766666666666667,-0.4433333333333334,0.0614903152761605,0.7923450448735121
Finance,30d,720.0,<=1h,80,82.5,80-85,5,4,0.8,0.826,-0.025999999999999912,0.3755282641185388,0.9637768390302125
Finance,30d,720.0,<=1h,85,87.5,85-90,6,6,1.0,0.865,0.135,0.6096569663469354,0.9999999999999999
Finance,30d,720.0,<=1h,90,92.5,90-95,8,8,1.0,0.92,0.07999999999999996,0.6755843804891231,1.0
Finance,30d,720.0,<=1h,95,97.5,95-100,28,28,1.0,0.9725,0.02749999999999997,0.8793527963418923,1.0
Finance,30d,720.0,<=6h,0,2.5,0-5,21,0,0.0,0.020952380952380955,-0.020952380952380955,0.0,0.15464382326420195
Finance,30d,720.0,<=6h,5,7.5,5-10,14,1,0.07142857142857142,0.07428571428571429,-0.0028571428571428636,0.012721886112291636,0.3146926955395781
Finance,30d,720.0,<=6h,10,12.5,10-15,18,1,0.05555555555555555,0.11944444444444445,-0.0638888888888889,0.009874935830924525,0.2575779980200754
Finance,30d,720.0,<=6h,15,17.5,15-20,14,2,0.14285714285714285,0.17071428571428574,-0.027857142857142886,0.040093073737921175,0.39941907763863693
Finance,30d,720.0,<=6h,20,22.5,20-25,12,4,0.3333333333333333,0.22083333333333333,0.11249999999999999,0.13811783989736134,0.609382412602386
Finance,30d,720.0,<=6h,25,27.5,25-30,14,1,0.07142857142857142,0.275,-0.2035714285714286,0.012721886112291636,0.3146926955395781
Finance,30d,720.0,<=6h,30,32.5,30-35,13,2,0.15384615384615385,0.3192307692307692,-0.16538461538461535,0.04325726318273798,0.4223517050863101
Finance,30d,720.0,<=6h,35,37.5,35-40,7,3,0.42857142857142855,0.36714285714285716,0.06142857142857139,0.15821692226262685,0.7495457695909742
Finance,30d,720.0,<=6h,40,42.5,40-45,9,5,0.5555555555555556,0.42111111111111116,0.13444444444444442,0.2666473457440297,0.811224570528086
Finance,30d,720.0,<=6h,45,47.5,45-50,7,2,0.2857142857142857,0.4742857142857143,-0.1885714285714286,0.0822171657090155,0.6410709098517873
Finance,30d,720.0,<=6h,50,52.5,50-55,7,4,0.5714285714285714,0.5157142857142857,0.055714285714285716,0.2504542304090258,0.8417830777373732
Finance,30d,720.0,<=6h,55,57.5,55-60,6,5,0.8333333333333334,0.575,0.2583333333333334,0.43649056343635395,0.9699474141282697
Finance,30d,720.0,<=6h,60,62.5,60-65,6,5,0.8333333333333334,0.63,0.20333333333333337,0.43649056343635395,0.9699474141282697
Finance,30d,720.0,<=6h,65,67.5,65-70,12,6,0.5,0.6683333333333333,-0.16833333333333333,0.2537781703934222,0.7462218296065778
Finance,30d,720.0,<=6h,70,72.5,70-75,10,7,0.7,0.721,-0.02100000000000002,0.39677321997956516,0.892210712513788
Finance,30d,720.0,<=6h,75,77.5,75-80,11,7,0.6363636363636364,0.7754545454545455,-0.13909090909090915,0.35379677689163724,0.8483377638586862
Finance,30d,720.0,<=6h,80,82.5,80-85,9,8,0.8888888888888888,0.8188888888888889,0.06999999999999995,0.5649937852319399,0.9801096286728695
Finance,30d,720.0,<=6h,85,87.5,85-90,17,16,0.9411764705882353,0.8670588235294118,0.07411764705882351,0.730174547964372,0.9895398693548358
Finance,30d,720.0,<=6h,90,92.5,90-95,21,21,1.0,0.9219047619047619,0.0780952380952381,0.8453561767357979,0.9999999999999999
Finance,30d,720.0,<=6h,95,97.5,95-100,58,58,1.0,0.975,0.025000000000000022,0.9378800031047062,0.9999999999999999
Finance,30d,720.0,<=24h,0,2.5,0-5,69,2,0.028985507246376812,0.021739130434782608,0.007246376811594204,0.007985035233144928,0.09966773461265746
Finance,30d,720.0,<=24h,5,7.5,5-10,62,4,0.06451612903225806,0.0682258064516129,-0.003709677419354837,0.025372494807644003,0.15447732658187266
Finance,30d,720.0,<=24h,10,12.5,10-15,48,4,0.08333333333333333,0.12104166666666666,-0.03770833333333333,0.03288322434995555,0.19553565161066291
Finance,30d,720.0,<=24h,15,17.5,15-20,42,7,0.16666666666666666,0.17047619047619048,-0.003809523809523818,0.08315811295836502,0.30604296204774295
Finance,30d,720.0,<=24h,20,22.5,20-25,32,10,0.3125,0.2196875,0.09281249999999999,0.17952352116618736,0.4856699969803239
Finance,30d,720.0,<=24h,25,27.5,25-30,29,5,0.1724137931034483,0.2710344827586207,-0.0986206896551724,0.07597745271479928,0.34548800572815114
Finance,30d,720.0,<=24h,30,32.5,30-35,34,7,0.20588235294117646,0.3191176470588235,-0.11323529411764705,0.1034939602235132,0.3679871610821398
Finance,30d,720.0,<=24h,35,37.5,35-40,25,13,0.52,0.3696,0.15040000000000003,0.334982179531473,0.6996899607103998
Finance,30d,720.0,<=24h,40,42.5,40-45,27,11,0.4074074074074074,0.4244444444444444,-0.017037037037037017,0.24514513372857344,0.5927361694463591
Finance,30d,720.0,<=24h,45,47.5,45-50,21,8,0.38095238095238093,0.4733333333333334,-0.09238095238095245,0.20750767797982506,0.5912170418449848
Finance,30d,720.0,<=24h,50,52.5,50-55,18,9,0.5,0.5177777777777778,-0.01777777777777778,0.2903070395897999,0.7096929604102
Finance,30d,720.0,<=24h,55,57.5,55-60,22,15,0.6818181818181818,0.5704545454545454,0.11136363636363633,0.47318222782839336,0.8363961264530752
Finance,30d,720.0,<=24h,60,62.5,60-65,23,17,0.7391304347826086,0.6217391304347826,0.11739130434782608,0.5352960945624944,0.8745155411075104
Finance,30d,720.0,<=24h,65,67.5,65-70,28,11,0.39285714285714285,0.6710714285714287,-0.2782142857142858,0.23565451827580033,0.575912739650937
Finance,30d,720.0,<=24h,70,72.5,70-75,23,17,0.7391304347826086,0.7230434782608696,0.016086956521739082,0.5352960945624944,0.8745155411075104
Finance,30d,720.0,<=24h,75,77.5,75-80,27,19,0.7037037037037037,0.7696296296296297,-0.06592592592592594,0.515189666191624,0.8414714668235244
Finance,30d,720.0,<=24h,80,82.5,80-85,26,22,0.8461538461538461,0.8238461538461539,0.02230769230769225,0.6646841558168644,0.9385006600107053
Finance,30d,720.0,<=24h,85,87.5,85-90,48,44,0.9166666666666666,0.8670833333333333,0.04958333333333331,0.8044643483893369,0.9671167756500444
Finance,30d,720.0,<=24h,90,92.5,90-95,43,43,1.0,0.924186046511628,0.07581395348837205,0.9179874299767729,1.0
Finance,30d,720.0,<=24h,95,97.5,95-100,114,114,1.0,0.9735964912280701,0.026403508771929873,0.9674003068525885,1.0
Finance,7d,168.0,all,0,2.5,0-5,703,14,0.01991465149359886,0.018520625889046943,0.001394025604551919,0.011899062540241525,0.03314865394956326
Finance,7d,168.0,all,5,7.5,5-10,302,15,0.04966887417218543,0.06748344370860927,-0.017814569536423845,0.030327632069882832,0.08032311001360092
Finance,7d,168.0,all,10,12.5,10-15,173,15,0.08670520231213873,0.11820809248554914,-0.03150289017341042,0.05324721784157309,0.1381195193967238
Finance,7d,168.0,all,15,17.5,15-20,114,17,0.14912280701754385,0.16964912280701752,-0.02052631578947367,0.09523704718101651,0.22588554450137743
Finance,7d,168.0,all,20,22.5,20-25,102,19,0.18627450980392157,0.21666666666666667,-0.0303921568627451,0.12261984082072329,0.27270298120766634
Finance,7d,168.0,all,25,27.5,25-30,81,29,0.35802469135802467,0.2704938271604938,0.08753086419753087,0.26223516972228395,0.4666714044111599
Finance,7d,168.0,all,30,32.5,30-35,81,26,0.32098765432098764,0.31839506172839505,0.002592592592592591,0.22942074394347284,0.4287658060508694
Finance,7d,168.0,all,35,37.5,35-40,54,14,0.25925925925925924,0.3694444444444444,-0.11018518518518516,0.16118507964793902,0.38931144880217294
Finance,7d,168.0,all,40,42.5,40-45,58,30,0.5172413793103449,0.41793103448275865,0.09931034482758622,0.39162043429213433,0.640720255470097
Finance,7d,168.0,all,45,47.5,45-50,66,28,0.42424242424242425,0.4683333333333334,-0.044090909090909125,0.31242322955377905,0.5443956291207072
Finance,7d,168.0,all,50,52.5,50-55,57,28,0.49122807017543857,0.5207017543859649,-0.02947368421052632,0.3661606806374018,0.6174031967096765
Finance,7d,168.0,all,55,57.5,55-60,48,25,0.5208333333333334,0.5654166666666667,-0.04458333333333331,0.3832899563598438,0.6552890998421255
Finance,7d,168.0,all,60,62.5,60-65,55,33,0.6,0.6198181818181818,-0.019818181818181846,0.4681256091064502,0.7188169621356643
Finance,7d,168.0,all,65,67.5,65-70,73,45,0.6164383561643836,0.6678082191780823,-0.051369863013698724,0.5017387254305414,0.7194956059732815
Finance,7d,168.0,all,70,72.5,70-75,67,45,0.6716417910447762,0.7197014925373135,-0.048059701492537354,0.5525795678445592,0.7720884238439404
Finance,7d,168.0,all,75,77.5,75-80,70,54,0.7714285714285715,0.7687142857142857,0.00271428571428578,0.6604944698154658,0.8541205981137232
Finance,7d,168.0,all,80,82.5,80-85,94,73,0.776595744680851,0.8195744680851064,-0.04297872340425535,0.6824893271662207,0.8489819488554307
Finance,7d,168.0,all,85,87.5,85-90,145,128,0.8827586206896552,0.8710344827586206,0.01172413793103455,0.8202600378070131,0.9254992122951089
Finance,7d,168.0,all,90,92.5,90-95,238,228,0.957983193277311,0.9217226890756303,0.0362605042016807,0.9243964571085885,0.9770200072217832
Finance,7d,168.0,all,95,97.5,95-100,693,688,0.9927849927849928,0.9777056277056277,0.015079365079365026,0.9832222595437086,0.9969144027910315
Finance,7d,168.0,<=1h,0,2.5,0-5,31,1,0.03225806451612903,0.023548387096774193,0.008709677419354838,0.00571707408694444,0.16194457176169622
Finance,7d,168.0,<=1h,5,7.5,5-10,20,0,0.0,0.0675,-0.0675,0.0,0.16113012549493322
Finance,7d,168.0,<=1h,10,12.5,10-15,15,0,0.0,0.126,-0.126,0.0,0.20388926630434784
Finance,7d,168.0,<=1h,15,17.5,15-20,12,2,0.16666666666666666,0.17666666666666667,-0.010000000000000009,0.04696414761482223,0.44803635738467273
Finance,7d,168.0,<=1h,20,22.5,20-25,15,1,0.06666666666666667,0.21733333333333335,-0.15066666666666667,0.011866588606194856,0.2981707755242399
Finance,7d,168.0,<=1h,25,27.5,25-30,11,6,0.5454545454545454,0.2672727272727273,0.27818181818181814,0.28008775568998817,0.7872904245601196
Finance,7d,168.0,<=1h,30,32.5,30-35,3,2,0.6666666666666666,0.3133333333333333,0.35333333333333333,0.2076549551264879,0.9385096847238394
Finance,7d,168.0,<=1h,35,37.5,35-40,6,3,0.5,0.37,0.13,0.18761280689940868,0.8123871931005913
Finance,7d,168.0,<=1h,40,42.5,40-45,10,2,0.2,0.415,-0.21499999999999997,0.056680947980693314,0.5098431532792765
Finance,7d,168.0,<=1h,45,47.5,45-50,5,1,0.2,0.48,-0.27999999999999997,0.03622316096978745,0.6244717358814613
Finance,7d,168.0,<=1h,50,52.5,50-55,11,3,0.2727272727272727,0.5154545454545455,-0.2427272727272728,0.09745880573921467,0.5656502930102463
Finance,7d,168.0,<=1h,55,57.5,55-60,11,6,0.5454545454545454,0.5645454545454546,-0.01909090909090916,0.28008775568998817,0.7872904245601196
Finance,7d,168.0,<=1h,60,62.5,60-65,7,5,0.7142857142857143,0.6185714285714285,0.09571428571428575,0.35892909014821267,0.9177828342909844
Finance,7d,168.0,<=1h,65,67.5,65-70,8,7,0.875,0.66875,0.20625000000000004,0.5291051942301386,0.9775830911367038
Finance,7d,168.0,<=1h,70,72.5,70-75,10,6,0.6,0.725,-0.125,0.3126695474501864,0.8318224187964902
Finance,7d,168.0,<=1h,75,77.5,75-80,11,6,0.5454545454545454,0.77,-0.2245454545454546,0.28008775568998817,0.7872904245601196
Finance,7d,168.0,<=1h,80,82.5,80-85,12,9,0.75,0.8141666666666667,-0.0641666666666667,0.46768966087934005,0.9110599603710386
Finance,7d,168.0,<=1h,85,87.5,85-90,14,10,0.7142857142857143,0.8678571428571429,-0.15357142857142858,0.4535045882751561,0.882788120898909
Finance,7d,168.0,<=1h,90,92.5,90-95,19,17,0.8947368421052632,0.9194736842105263,-0.024736842105263168,0.686054495051583,0.9706420586049034
Finance,7d,168.0,<=1h,95,97.5,95-100,35,33,0.9428571428571428,0.9754285714285714,-0.032571428571428584,0.8139261926062996,0.984187170385956
Finance,7d,168.0,<=6h,0,2.5,0-5,76,1,0.013157894736842105,0.01894736842105263,-0.005789473684210525,0.002326420140567463,0.0708384462949749
Finance,7d,168.0,<=6h,5,7.5,5-10,35,3,0.08571428571428572,0.06971428571428571,0.016,0.029581831005296905,0.22379599071162518
Finance,7d,168.0,<=6h,10,12.5,10-15,34,1,0.029411764705882353,0.12029411764705883,-0.09088235294117647,0.00521077192559663,0.1491590221634482
Finance,7d,168.0,<=6h,15,17.5,15-20,30,2,0.06666666666666667,0.175,-0.10833333333333332,0.01847663532769335,0.21323817721072091
Finance,7d,168.0,<=6h,20,22.5,20-25,21,2,0.09523809523809523,0.21761904761904763,-0.1223809523809524,0.026518208796947246,0.2891458386074067
Finance,7d,168.0,<=6h,25,27.5,25-30,25,12,0.48,0.2668,0.2132,0.30031003928960015,0.6650178204685269
Finance,7d,168.0,<=6h,30,32.5,30-35,15,4,0.26666666666666666,0.31733333333333336,-0.05066666666666669,0.1089727610318281,0.5195088965768675
Finance,7d,168.0,<=6h,35,37.5,35-40,13,3,0.23076923076923078,0.37230769230769234,-0.14153846153846156,0.08179379092465713,0.5025687399512693
Finance,7d,168.0,<=6h,40,42.5,40-45,17,5,0.29411764705882354,0.42,-0.12588235294117645,0.13279793865556402,0.5313353332621391
Finance,7d,168.0,<=6h,45,47.5,45-50,16,8,0.5,0.47375,0.026249999999999996,0.2799923761135083,0.7200076238864916
Finance,7d,168.0,<=6h,50,52.5,50-55,14,5,0.35714285714285715,0.5164285714285715,-0.1592857142857143,0.16344490737202735,0.6123599531785959
Finance,7d,168.0,<=6h,55,57.5,55-60,15,7,0.4666666666666667,0.5660000000000001,-0.09933333333333338,0.24809225259746442,0.6988336984894921
Finance,7d,168.0,<=6h,60,62.5,60-65,13,7,0.5384615384615384,0.6215384615384615,-0.08307692307692305,0.2914343243183205,0.7679424569851186
Finance,7d,168.0,<=6h,65,67.5,65-70,16,11,0.6875,0.67,0.01749999999999996,0.4440393186673406,0.8583556494803894
Finance,7d,168.0,<=6h,70,72.5,70-75,17,10,0.5882352941176471,0.7229411764705883,-0.13470588235294123,0.36005074385515545,0.7838921396086862
Finance,7d,168.0,<=6h,75,77.5,75-80,13,8,0.6153846153846154,0.7715384615384616,-0.1561538461538462,0.35522480972268555,0.8229055341876319
Finance,7d,168.0,<=6h,80,82.5,80-85,16,11,0.6875,0.8125,-0.125,0.4440393186673406,0.8583556494803894
Finance,7d,168.0,<=6h,85,87.5,85-90,24,20,0.8333333333333334,0.8683333333333333,-0.03499999999999992,0.6414652961213058,0.9332143199927109
Finance,7d,168.0,<=6h,90,92.5,90-95,37,35,0.9459459459459459,0.9208108108108108,0.0251351351351351,0.822950349364601,0.9850493372294601
Finance,7d,168.0,<=6h,95,97.5,95-100,85,83,0.9764705882352941,0.9762352941176471,0.00023529411764700026,0.9182114184971183,0.9935236245457805
Finance,7d,168.0,<=24h,0,2.5,0-5,191,3,0.015706806282722512,0.02020942408376963,-0.004502617801047118,0.0053557651415026,0.045155008738408046
Finance,7d,168.0,<=24h,5,7.5,5-10,130,5,0.038461538461538464,0.06792307692307692,-0.029461538461538456,0.016538182454457935,0.08687958900075479
Finance,7d,168.0,<=24h,10,12.5,10-15,99,8,0.08080808080808081,0.1195959595959596,-0.03878787878787879,0.041513905489623,0.15141969336531508
Finance,7d,168.0,<=24h,15,17.5,15-20,74,10,0.13513513513513514,0.17202702702702702,-0.036891891891891876,0.07508967900487225,0.23119385062452902
Finance,7d,168.0,<=24h,20,22.5,20-25,54,6,0.1111111111111111,0.2162962962962963,-0.10518518518518519,0.05192951817556753,0.2219494893207673
Finance,7d,168.0,<=24h,25,27.5,25-30,44,19,0.4318181818181818,0.26931818181818185,0.16249999999999998,0.29682504164854573,0.5777610925944561
Finance,7d,168.0,<=24h,30,32.5,30-35,52,15,0.28846153846153844,0.3180769230769231,-0.029615384615384654,0.1832980234182869,0.4227304571410092
Finance,7d,168.0,<=24h,35,37.5,35-40,34,9,0.2647058823529412,0.3670588235294117,-0.10235294117647054,0.14601027541553796,0.4311746216289845
Finance,7d,168.0,<=24h,40,42.5,40-45,38,18,0.47368421052631576,0.4176315789473684,0.056052631578947354,0.3247877880894159,0.6274128925728913
Finance,7d,168.0,<=24h,45,47.5,45-50,43,19,0.4418604651162791,0.47046511627906973,-0.02860465116279065,0.3043308562392133,0.5889264193448829
Finance,7d,168.0,<=24h,50,52.5,50-55,36,16,0.4444444444444444,0.5208333333333334,-0.07638888888888895,0.2954102987654314,0.6041921268399659
Finance,7d,168.0,<=24h,55,57.5,55-60,39,21,0.5384615384615384,0.5661538461538461,-0.027692307692307683,0.3856918682173881,0.6843335276595165
Finance,7d,168.0,<=24h,60,62.5,60-65,38,24,0.631578947368421,0.62,0.011578947368421022,0.47283672824260115,0.7661598684458619
Finance,7d,168.0,<=24h,65,67.5,65-70,44,28,0.6363636363636364,0.6663636363636364,-0.030000000000000027,0.48866107278891047,0.7621666587250857
Finance,7d,168.0,<=24h,70,72.5,70-75,39,25,0.6410256410256411,0.7225641025641026,-0.08153846153846156,0.484178631846895,0.772581153035089
Finance,7d,168.0,<=24h,75,77.5,75-80,40,30,0.75,0.7695000000000001,-0.019500000000000073,0.598057409330299,0.8581303210445048
Finance,7d,168.0,<=24h,80,82.5,80-85,66,49,0.7424242424242424,0.8174242424242425,-0.07500000000000007,0.6256667257006108,0.8325129265410331
Finance,7d,168.0,<=24h,85,87.5,85-90,80,68,0.85,0.8703749999999999,-0.02037499999999992,0.7558657249889396,0.9120604596258579
Finance,7d,168.0,<=24h,90,92.5,90-95,111,107,0.963963963963964,0.9209909909909909,0.04297297297297309,0.9109886133681347,0.9858989256421195
Finance,7d,168.0,<=24h,95,97.5,95-100,225,223,0.9911111111111112,0.9747111111111111,0.01640000000000008,0.9681745001000698,0.9975590028993849
Finance,3d,72.0,all,0,2.5,0-5,1845,53,0.02872628726287263,0.021880758807588076,0.006845528455284553,0.022028740352359487,0.037382298429978596
Finance,3d,72.0,all,5,7.5,5-10,1466,121,0.082537517053206,0.06995907230559345,0.01257844474761255,0.06951808734087729,0.09773911914994456
Finance,3d,72.0,all,10,12.5,10-15,1027,108,0.10516066212268745,0.11759493670886076,-0.012434274586173313,0.08784776050186152,0.12541643062119756
Finance,3d,72.0,all,15,17.5,15-20,463,49,0.10583153347732181,0.16721382289416847,-0.06138228941684666,0.08098181959463002,0.13716840523537654
Finance,3d,72.0,all,20,22.5,20-25,253,47,0.1857707509881423,0.21695652173913044,-0.031185770750988134,0.14267429117949704,0.23826711395113598
Finance,3d,72.0,all,25,27.5,25-30,143,27,0.1888111888111888,0.26636363636363636,-0.07755244755244756,0.13313059841931657,0.26077412612740586
Finance,3d,72.0,all,30,32.5,30-35,100,26,0.26,0.3143,-0.054300000000000015,0.18404578126986462,0.35371172631861636
Finance,3d,72.0,all,35,37.5,35-40,93,28,0.3010752688172043,0.3683870967741935,-0.0673118279569892,0.21726167583661843,0.400671113377934
Finance,3d,72.0,all,40,42.5,40-45,65,35,0.5384615384615384,0.4210769230769231,0.11738461538461531,0.41853187398623515,0.6540986285006332
Finance,3d,72.0,all,45,47.5,45-50,72,31,0.4305555555555556,0.47138888888888886,-0.04083333333333328,0.3225772336645315,0.5455690079759403
Finance,3d,72.0,all,50,52.5,50-55,66,23,0.3484848484848485,0.5192424242424242,-0.17075757575757566,0.24475707338560404,0.4688806439633685
Finance,3d,72.0,all,55,57.5,55-60,74,30,0.40540540540540543,0.5678378378378378,-0.16243243243243238,0.3009038972107517,0.5192436845450189
Finance,3d,72.0,all,60,62.5,60-65,66,40,0.6060606060606061,0.6210606060606061,-0.015000000000000013,0.48548180775863853,0.7149717900970809
Finance,3d,72.0,all,65,67.5,65-70,82,49,0.5975609756097561,0.6693902439024391,-0.07182926829268299,0.489362574712238,0.6970272409482342
Finance,3d,72.0,all,70,72.5,70-75,81,59,0.7283950617283951,0.72,0.008395061728395103,0.6228437147614009,0.8132631007630587
Finance,3d,72.0,all,75,77.5,75-80,92,63,0.6847826086956522,0.7721739130434783,-0.08739130434782605,0.5840649816969505,0.7706870257820566
Finance,3d,72.0,all,80,82.5,80-85,94,77,0.8191489361702128,0.8201063829787235,-0.0009574468085107313,0.7293285364486144,0.8839075512686756
Finance,3d,72.0,all,85,87.5,85-90,145,125,0.8620689655172413,0.8740689655172413,-0.01200000000000001,0.79654307333251,0.9089048659532809
Finance,3d,72.0,all,90,92.5,90-95,280,274,0.9785714285714285,0.9221071428571429,0.056464285714285634,0.9540454876690332,0.9901431020232458
Finance,3d,72.0,all,95,97.5,95-100,898,874,0.9732739420935412,0.9774832962138085,-0.004209354120267239,0.9605403017694205,0.9819755458029247
Finance,3d,72.0,<=1h,0,2.5,0-5,146,1,0.00684931506849315,0.02376712328767123,-0.01691780821917808,0.001210066099070966,0.03777510223869371
Finance,3d,72.0,<=1h,5,7.5,5-10,167,11,0.0658682634730539,0.0704191616766467,-0.004550898203592807,0.037174178011739493,0.11408640489078542
Finance,3d,72.0,<=1h,10,12.5,10-15,180,18,0.1,0.11944444444444445,-0.019444444444444445,0.06419372884806379,0.15252327100398277
Finance,3d,72.0,<=1h,15,17.5,15-20,116,14,0.1206896551724138,0.16629310344827586,-0.04560344827586206,0.0732692940620856,0.19242809315570858
Finance,3d,72.0,<=1h,20,22.5,20-25,61,8,0.13114754098360656,0.22,-0.08885245901639344,0.06797996145868099,0.23802112426406494
Finance,3d,72.0,<=1h,25,27.5,25-30,25,5,0.2,0.2644,-0.06440000000000001,0.08860454100652487,0.3913133553653824
Finance,3d,72.0,<=1h,30,32.5,30-35,16,4,0.25,0.31125,-0.06125000000000003,0.10181901984237346,0.49498768929398645
Finance,3d,72.0,<=1h,35,37.5,35-40,15,3,0.2,0.366,-0.16599999999999998,0.07047420643610414,0.4518593533465045
Finance,3d,72.0,<=1h,40,42.5,40-45,18,11,0.6111111111111112,0.4222222222222222,0.18888888888888894,0.3861866858065617,0.7969500807306884
Finance,3d,72.0,<=1h,45,47.5,45-50,16,7,0.4375,0.476875,-0.03937499999999999,0.2309836333518552,0.6682180439322347
Finance,3d,72.0,<=1h,50,52.5,50-55,12,1,0.08333333333333333,0.5225,-0.43916666666666665,0.014864709450773478,0.35388592179859524
Finance,3d,72.0,<=1h,55,57.5,55-60,16,7,0.4375,0.56625,-0.12875000000000003,0.2309836333518552,0.6682180439322347
Finance,3d,72.0,<=1h,60,62.5,60-65,15,10,0.6666666666666666,0.624,0.04266666666666663,0.41713125151212976,0.8482389930530876
Finance,3d,72.0,<=1h,65,67.5,65-70,17,10,0.5882352941176471,0.6705882352941177,-0.08235294117647063,0.36005074385515545,0.7838921396086862
Finance,3d,72.0,<=1h,70,72.5,70-75,11,6,0.5454545454545454,0.72,-0.17454545454545456,0.28008775568998817,0.7872904245601196
Finance,3d,72.0,<=1h,75,77.5,75-80,15,9,0.6,0.7733333333333333,-0.17333333333333334,0.357464427565077,0.8017577191740534
Finance,3d,72.0,<=1h,80,82.5,80-85,18,17,0.9444444444444444,0.8216666666666668,0.12277777777777765,0.7424220019799247,0.9901250641690756
Finance,3d,72.0,<=1h,85,87.5,85-90,14,13,0.9285714285714286,0.8742857142857143,0.05428571428571427,0.6853073044604219,0.9872781138877085
Finance,3d,72.0,<=1h,90,92.5,90-95,26,26,1.0,0.9173076923076923,0.08269230769230773,0.8712669561953784,1.0
Finance,3d,72.0,<=1h,95,97.5,95-100,62,61,0.9838709677419355,0.9740322580645162,0.009838709677419288,0.914130769926111,0.9971472063077598
Finance,3d,72.0,<=6h,0,2.5,0-5,480,12,0.025,0.023937499999999997,0.0010625000000000044,0.014357663033763207,0.04318513609719205
Finance,3d,72.0,<=6h,5,7.5,5-10,466,37,0.07939914163090128,0.06929184549356222,0.010107296137339059,0.05815052408021493,0.10752573787700637
Finance,3d,72.0,<=6h,10,12.5,10-15,458,46,0.10043668122270742,0.11893013100436681,-0.018493449781659385,0.07614556786981366,0.1313749326654348
Finance,3d,72.0,<=6h,15,17.5,15-20,243,22,0.09053497942386832,0.16744855967078187,-0.07691358024691355,0.06054758449763152,0.13326739644561303
Finance,3d,72.0,<=6h,20,22.5,20-25,140,25,0.17857142857142858,0.21735714285714283,-0.03878571428571426,0.12397995549218581,0.25033178742502316
Finance,3d,72.0,<=6h,25,27.5,25-30,59,10,0.1694915254237288,0.2649152542372881,-0.09542372881355932,0.0947573785633763,0.28463461654814215
Finance,3d,72.0,<=6h,30,32.5,30-35,35,12,0.34285714285714286,0.316,0.026857142857142857,0.20831495282688925,0.5084835312726328
Finance,3d,72.0,<=6h,35,37.5,35-40,34,10,0.29411764705882354,0.37,-0.07588235294117646,0.16834452609931952,0.4616922588146376
Finance,3d,72.0,<=6h,40,42.5,40-45,25,13,0.52,0.42200000000000004,0.09799999999999998,0.334982179531473,0.6996899607103998
Finance,3d,72.0,<=6h,45,47.5,45-50,26,12,0.46153846153846156,0.4757692307692308,-0.014230769230769214,0.28755582695234905,0.6454236379556988
Finance,3d,72.0,<=6h,50,52.5,50-55,18,2,0.1111111111111111,0.5233333333333333,-0.4122222222222222,0.031018868453582787,0.3280024486660421
Finance,3d,72.0,<=6h,55,57.5,55-60,34,11,0.3235294117647059,0.5664705882352942,-0.24294117647058827,0.19131451326458573,0.4915741595188061
Finance,3d,72.0,<=6h,60,62.5,60-65,27,18,0.6666666666666666,0.6192592592592593,0.04740740740740734,0.47824419872105484,0.8135694555640665
Finance,3d,72.0,<=6h,65,67.5,65-70,28,14,0.5,0.67,-0.17000000000000004,0.3263284683244634,0.6736715316755366
Finance,3d,72.0,<=6h,70,72.5,70-75,20,12,0.6,0.721,-0.121,0.3865779423152061,0.7811960325858074
Finance,3d,72.0,<=6h,75,77.5,75-80,29,14,0.4827586206896552,0.7731034482758621,-0.2903448275862069,0.3138581933079522,0.6556926202943085
Finance,3d,72.0,<=6h,80,82.5,80-85,28,24,0.8571428571428571,0.8214285714285714,0.0357142857142857,0.6850982695512267,0.9430108706929821
Finance,3d,72.0,<=6h,85,87.5,85-90,32,29,0.90625,0.873125,0.03312499999999996,0.7578150066422116,0.9675990373736805
Finance,3d,72.0,<=6h,90,92.5,90-95,64,61,0.953125,0.91953125,0.03359374999999998,0.8710013921145747,0.9839312745678148
Finance,3d,72.0,<=6h,95,97.5,95-100,139,135,0.9712230215827338,0.9746762589928057,-0.0034532374100719743,0.9283461068773485,0.9887536735787649
Finance,3d,72.0,<=24h,0,2.5,0-5,916,21,0.02292576419213974,0.02373362445414847,-0.0008078602620087312,0.015042918297586892,0.034793488318508745
Finance,3d,72.0,<=24h,5,7.5,5-10,788,56,0.07106598984771574,0.0698730964467005,0.0011928934010152353,0.055130195579750296,0.09116370966594531
Finance,3d,72.0,<=24h,10,12.5,10-15,711,73,0.10267229254571027,0.11807313642756681,-0.015400843881856544,0.08245414313287908,0.1271609660045858
Finance,3d,72.0,<=24h,15,17.5,15-20,345,37,0.1072463768115942,0.16805797101449277,-0.06081159420289857,0.07881351068038892,0.14432960069164924
Finance,3d,72.0,<=24h,20,22.5,20-25,204,37,0.18137254901960784,0.21745098039215688,-0.03607843137254904,0.1345454147948475,0.2399782609274333
Finance,3d,72.0,<=24h,25,27.5,25-30,100,16,0.16,0.26530000000000004,-0.10530000000000003,0.10095202349473717,0.24420444558894414
Finance,3d,72.0,<=24h,30,32.5,30-35,74,22,0.2972972972972973,0.31513513513513514,-0.017837837837837822,0.20527071065162364,0.4093312502535993
Finance,3d,72.0,<=24h,35,37.5,35-40,66,22,0.3333333333333333,0.3678787878787879,-0.0345454545454546,0.2315626700450802,0.4534388190387895
Finance,3d,72.0,<=24h,40,42.5,40-45,49,26,0.5306122448979592,0.4208163265306123,0.10979591836734692,0.39380627019919845,0.6629671810210522
Finance,3d,72.0,<=24h,45,47.5,45-50,47,21,0.44680851063829785,0.4697872340425532,-0.02297872340425533,0.31410747474911305,0.5875478626124176
Finance,3d,72.0,<=24h,50,52.5,50-55,41,12,0.2926829268292683,0.521219512195122,-0.2285365853658537,0.1760901763305888,0.44479757076139725
Finance,3d,72.0,<=24h,55,57.5,55-60,56,18,0.32142857142857145,0.5683928571428571,-0.2469642857142857,0.21400827887722298,0.45177605843996116
Finance,3d,72.0,<=24h,60,62.5,60-65,53,29,0.5471698113207547,0.620754716981132,-0.07358490566037734,0.41453742646439184,0.6734263183985253
Finance,3d,72.0,<=24h,65,67.5,65-70,61,36,0.5901639344262295,0.6698360655737704,-0.0796721311475409,0.46499566253828867,0.7046485165072622
Finance,3d,72.0,<=24h,70,72.5,70-75,57,41,0.7192982456140351,0.7191228070175438,0.00017543859649127302,0.5916955491727645,0.8192075171502777
Finance,3d,72.0,<=24h,75,77.5,75-80,59,37,0.6271186440677966,0.7723728813559322,-0.14525423728813558,0.49953356682142136,0.7391618196741485
Finance,3d,72.0,<=24h,80,82.5,80-85,60,48,0.8,0.8193333333333334,-0.019333333333333313,0.6821795390818299,0.8817161026314104
Finance,3d,72.0,<=24h,85,87.5,85-90,81,68,0.8395061728395061,0.8737037037037036,-0.03419753086419752,0.7445275209556033,0.9037393669861611
Finance,3d,72.0,<=24h,90,92.5,90-95,140,136,0.9714285714285714,0.9208571428571429,0.05057142857142849,0.928841706594433,0.9888344037936607
Finance,3d,72.0,<=24h,95,97.5,95-100,348,332,0.9540229885057471,0.9747988505747126,-0.020775862068965534,0.9266269933330679,0.9715044385385468
Finance,1d,24.0,all,0,2.5,0-5,3091,59,0.019087673891944355,0.020420575865415725,-0.0013329019734713704,0.014826904017012772,0.024542348354417157
Finance,1d,24.0,all,5,7.5,5-10,1775,125,0.07042253521126761,0.0683774647887324,0.002045070422535211,0.0594240016160124,0.08327650639999083
Finance,1d,24.0,all,10,12.5,10-15,1299,156,0.12009237875288684,0.11799076212471132,0.002101616628175512,0.10352537742359869,0.13889979536793637
Finance,1d,24.0,all,15,17.5,15-20,867,132,0.1522491349480969,0.16769319492502885,-0.015444059976931962,0.1298724139085357,0.17769396785365849
Finance,1d,24.0,all,20,22.5,20-25,537,110,0.2048417132216015,0.21765363128491622,-0.01281191806331472,0.1728597275830023,0.24101671979086833
Finance,1d,24.0,all,25,27.5,25-30,333,84,0.25225225225225223,0.267027027027027,-0.01477477477477479,0.20861096660330658,0.30154454862996627
Finance,1d,24.0,all,30,32.5,30-35,235,68,0.28936170212765955,0.3168510638297872,-0.02748936170212768,0.23513962714319844,0.35035971635475166
Finance,1d,24.0,all,35,37.5,35-40,195,67,0.3435897435897436,0.36758974358974356,-0.023999999999999966,0.28053236895825917,0.4126907795177136
Finance,1d,24.0,all,40,42.5,40-45,136,60,0.4411764705882353,0.41786764705882357,0.023308823529411715,0.3604800479449154,0.5251047851805636
Finance,1d,24.0,all,45,47.5,45-50,125,59,0.472,0.47208,-8.00000000000245e-05,0.38662908900238147,0.559040632578226
Finance,1d,24.0,all,50,52.5,50-55,110,52,0.4727272727272727,0.5167272727272727,-0.043999999999999984,0.38193047126891827,0.5653647178359432
Finance,1d,24.0,all,55,57.5,55-60,97,62,0.6391752577319587,0.5706185567010309,0.06855670103092781,0.5399900990872682,0.7277565451547904
Finance,1d,24.0,all,60,62.5,60-65,87,57,0.6551724137931034,0.6181609195402299,0.037011494252873534,0.550645767576964,0.7465748890385073
Finance,1d,24.0,all,65,67.5,65-70,103,71,0.6893203883495146,0.667378640776699,0.02194174757281564,0.5944983926937447,0.7705279640811445
Finance,1d,24.0,all,70,72.5,70-75,111,82,0.7387387387387387,0.7190990990990991,0.01963963963963966,0.6500060698577332,0.8114991686621063
Finance,1d,24.0,all,75,77.5,75-80,103,79,0.7669902912621359,0.7688349514563108,-0.0018446601941748408,0.6766557331631358,0.8381250263911952
Finance,1d,24.0,all,80,82.5,80-85,129,109,0.8449612403100775,0.8202325581395349,0.024728682170542582,0.7726323134774068,0.8973385390266281
Finance,1d,24.0,all,85,87.5,85-90,183,154,0.8415300546448088,0.8701639344262295,-0.028633879781420735,0.781675834922484,0.8873400587542989
Finance,1d,24.0,all,90,92.5,90-95,285,274,0.9614035087719298,0.9223859649122806,0.03901754385964917,0.9322194857388411,0.9783141770022599
Finance,1d,24.0,all,95,97.5,95-100,1129,1082,0.95837023914969,0.9784233835252435,-0.0200531443755535,0.9450808338883385,0.9685508689022369
Finance,1d,24.0,<=1h,0,2.5,0-5,331,9,0.027190332326283987,0.022477341389728095,0.004712990936555892,0.014369423112182575,0.050860225772543816
Finance,1d,24.0,<=1h,5,7.5,5-10,213,16,0.07511737089201878,0.06957746478873239,0.0055399061032863905,0.046763107348921994,0.11852620983006948
Finance,1d,24.0,<=1h,10,12.5,10-15,206,25,0.12135922330097088,0.11786407766990291,0.003495145631067967,0.08356788176808436,0.17301422587882645
Finance,1d,24.0,<=1h,15,17.5,15-20,175,26,0.14857142857142858,0.16931428571428572,-0.020742857142857146,0.10344941553276561,0.2087911370008731
Finance,1d,24.0,<=1h,20,22.5,20-25,138,32,0.2318840579710145,0.21862318840579711,0.013260869565217381,0.16931213470916084,0.3089791423209911
Finance,1d,24.0,<=1h,25,27.5,25-30,101,21,0.2079207920792079,0.26643564356435645,-0.05851485148514854,0.14020699355070065,0.29703929036713345
Finance,1d,24.0,<=1h,30,32.5,30-35,64,22,0.34375,0.3171875,0.02656249999999999,0.2392297503546903,0.46596588182379606
Finance,1d,24.0,<=1h,35,37.5,35-40,73,25,0.3424657534246575,0.36589041095890407,-0.02342465753424655,0.24394708089529715,0.4567358824995307
Finance,1d,24.0,<=1h,40,42.5,40-45,31,16,0.5161290322580645,0.41645161290322585,0.09967741935483865,0.34840118286973176,0.6803001396872117
Finance,1d,24.0,<=1h,45,47.5,45-50,40,17,0.425,0.47025,-0.04525000000000001,0.28509168524815875,0.5780519956394001
Finance,1d,24.0,<=1h,50,52.5,50-55,26,13,0.5,0.5146153846153846,-0.014615384615384586,0.32060306315002074,0.6793969368499793
Finance,1d,24.0,<=1h,55,57.5,55-60,31,18,0.5806451612903226,0.5748387096774193,0.005806451612903274,0.40765964352020967,0.7358469692645074
Finance,1d,24.0,<=1h,60,62.5,60-65,18,8,0.4444444444444444,0.615,-0.17055555555555557,0.24559231101389126,0.6628393057174837
Finance,1d,24.0,<=1h,65,67.5,65-70,31,18,0.5806451612903226,0.6693548387096775,-0.08870967741935487,0.40765964352020967,0.7358469692645074
Finance,1d,24.0,<=1h,70,72.5,70-75,24,16,0.6666666666666666,0.7175,-0.0508333333333334,0.4670595949408046,0.8202802131162036
Finance,1d,24.0,<=1h,75,77.5,75-80,29,21,0.7241379310344828,0.7706896551724138,-0.04655172413793107,0.5428252365556403,0.8530141866149725
Finance,1d,24.0,<=1h,80,82.5,80-85,35,26,0.7428571428571429,0.8225714285714285,-0.07971428571428563,0.5793037572935127,0.8583713127344985
Finance,1d,24.0,<=1h,85,87.5,85-90,37,30,0.8108108108108109,0.8702702702702703,-0.05945945945945941,0.6579498842904441,0.9052014124266288
Finance,1d,24.0,<=1h,90,92.5,90-95,32,29,0.90625,0.9184375,-0.012187500000000018,0.7578150066422116,0.9675990373736805
Finance,1d,24.0,<=1h,95,97.5,95-100,104,104,1.0,0.974423076923077,0.025576923076923053,0.9643773831248793,0.9999999999999999
Finance,1d,24.0,<=6h,0,2.5,0-5,908,16,0.01762114537444934,0.021277533039647575,-0.003656387665198234,0.010875027654171832,0.02843179932103966
Finance,1d,24.0,<=6h,5,7.5,5-10,534,38,0.07116104868913857,0.06906367041198502,0.002097378277153547,0.05228122023745639,0.09616694740149158
Finance,1d,24.0,<=6h,10,12.5,10-15,509,60,0.11787819253438114,0.11895874263261297,-0.001080550098231825,0.09268511647955974,0.1487960738138954
Finance,1d,24.0,<=6h,15,17.5,15-20,411,62,0.15085158150851583,0.1689294403892944,-0.018077858880778563,0.11949193708045946,0.18867773539211807
Finance,1d,24.0,<=6h,20,22.5,20-25,289,60,0.20761245674740483,0.2181660899653979,-0.010553633217993075,0.1648347280768172,0.25806147246299677
Finance,1d,24.0,<=6h,25,27.5,25-30,188,47,0.25,0.26648936170212767,-0.01648936170212767,0.19352676756262174,0.316485659356253
Finance,1d,24.0,<=6h,30,32.5,30-35,118,38,0.3220338983050847,0.31652542372881354,0.005508474576271183,0.2444870818355514,0.41080306537197037
Finance,1d,24.0,<=6h,35,37.5,35-40,112,40,0.35714285714285715,0.36669642857142853,-0.009553571428571384,0.27449449776286317,0.44926622377413217
Finance,1d,24.0,<=6h,40,42.5,40-45,61,27,0.4426229508196721,0.4167213114754098,0.025901639344262317,0.32507608033920443,0.5669685329954449
Finance,1d,24.0,<=6h,45,47.5,45-50,65,30,0.46153846153846156,0.4715384615384615,-0.009999999999999953,0.34590137149936684,0.5814681260137647
Finance,1d,24.0,<=6h,50,52.5,50-55,46,27,0.5869565217391305,0.5147826086956522,0.07217391304347831,0.4433924238701789,0.7171160670289898
Finance,1d,24.0,<=6h,55,57.5,55-60,46,27,0.5869565217391305,0.5747826086956522,0.012173913043478257,0.4433924238701789,0.7171160670289898
Finance,1d,24.0,<=6h,60,62.5,60-65,26,12,0.46153846153846156,0.6157692307692308,-0.15423076923076928,0.28755582695234905,0.6454236379556988
Finance,1d,24.0,<=6h,65,67.5,65-70,39,24,0.6153846153846154,0.666923076923077,-0.05153846153846153,0.45898781310078474,0.7510883745299295
Finance,1d,24.0,<=6h,70,72.5,70-75,40,27,0.675,0.7170000000000001,-0.04200000000000004,0.52017458088898,0.7991568303733828
Finance,1d,24.0,<=6h,75,77.5,75-80,42,32,0.7619047619047619,0.7692857142857144,-0.007380952380952488,0.6147216491768113,0.8651917918898182
Finance,1d,24.0,<=6h,80,82.5,80-85,52,37,0.7115384615384616,0.8213461538461538,-0.10980769230769227,0.5772695428589907,0.816701976581713
Finance,1d,24.0,<=6h,85,87.5,85-90,58,46,0.7931034482758621,0.8693103448275862,-0.07620689655172408,0.6723053695067633,0.8774863564511679
Finance,1d,24.0,<=6h,90,92.5,90-95,70,64,0.9142857142857143,0.9207142857142857,-0.00642857142857145,0.825341230221722,0.9601238734596715
Finance,1d,24.0,<=6h,95,97.5,95-100,254,246,0.968503937007874,0.9766929133858269,-0.008188976377952906,0.9390914029099507,0.9839559253722191
Finance,1d,24.0,<=24h,0,2.5,0-5,1518,30,0.019762845849802372,0.021080368906455864,-0.001317523056653492,0.013877844663311645,0.028072381956856973
Finance,1d,24.0,<=24h,5,7.5,5-10,856,60,0.07009345794392523,0.06837616822429907,0.001717289719626161,0.05484148215793633,0.08918690632664036
Finance,1d,24.0,<=24h,10,12.5,10-15,752,93,0.12367021276595745,0.11897606382978725,0.004694148936170206,0.1020354430909998,0.149130409648516
Finance,1d,24.0,<=24h,15,17.5,15-20,612,93,0.15196078431372548,0.16784313725490196,-0.015882352941176486,0.12569608421395842,0.18256759917475704
Finance,1d,24.0,<=24h,20,22.5,20-25,391,78,0.19948849104859334,0.21739130434782608,-0.01790281329923274,0.1628866776898377,0.24193794058746645
Finance,1d,24.0,<=24h,25,27.5,25-30,264,66,0.25,0.26670454545454547,-0.016704545454545472,0.20160365349603246,0.30556774930323394
Finance,1d,24.0,<=24h,30,32.5,30-35,169,53,0.3136094674556213,0.3167455621301775,-0.0031360946745562224,0.24845915328097581,0.3870452623226751
Finance,1d,24.0,<=24h,35,37.5,35-40,159,54,0.33962264150943394,0.3676100628930818,-0.027987421383647848,0.270568698290443,0.41624351677008214
Finance,1d,24.0,<=24h,40,42.5,40-45,104,43,0.41346153846153844,0.4179807692307692,-0.004519230769230775,0.3235475820993937,0.5095409477443771
Finance,1d,24.0,<=24h,45,47.5,45-50,93,41,0.44086021505376344,0.47161290322580646,-0.03075268817204302,0.34429218763853453,0.5421202632090351
Finance,1d,24.0,<=24h,50,52.5,50-55,79,39,0.4936708860759494,0.5158227848101266,-0.022151898734177167,0.38630084542959936,0.6016279246569272
Finance,1d,24.0,<=24h,55,57.5,55-60,70,39,0.5571428571428572,0.5718571428571428,-0.01471428571428568,0.44083343136188763,0.6675065829389943
Finance,1d,24.0,<=24h,60,62.5,60-65,56,31,0.5535714285714286,0.6183928571428572,-0.06482142857142859,0.42412986131783886,0.676134837487006
Finance,1d,24.0,<=24h,65,67.5,65-70,67,44,0.6567164179104478,0.6674626865671642,-0.010746268656716462,0.5373244120046358,0.7591115804066028
Finance,1d,24.0,<=24h,70,72.5,70-75,78,54,0.6923076923076923,0.7178205128205128,-0.025512820512820555,0.5828795777564898,0.7836821707919256
Finance,1d,24.0,<=24h,75,77.5,75-80,66,50,0.7575757575757576,0.7692424242424242,-0.011666666666666603,0.6419064250894373,0.8449094554173093
Finance,1d,24.0,<=24h,80,82.5,80-85,94,75,0.7978723404255319,0.8206382978723404,-0.022765957446808538,0.7057474647924858,0.8666062170769847
Finance,1d,24.0,<=24h,85,87.5,85-90,129,104,0.8062015503875969,0.87,-0.06379844961240311,0.7295478109645339,0.8651454176626432
Finance,1d,24.0,<=24h,90,92.5,90-95,142,132,0.9295774647887324,0.9226056338028169,0.006971830985915473,0.8752224911727352,0.9613015184376913
Finance,1d,24.0,<=24h,95,97.5,95-100,483,459,0.9503105590062112,0.9766459627329191,-0.02633540372670795,0.9271297934312018,0.9663846474054071
Finance,6h,6.0,all,0,2.5,0-5,7644,174,0.022762951334379906,0.02097985347985348,0.0017830978545264262,0.019651361595482125,0.026353984540347885
Finance,6h,6.0,all,5,7.5,5-10,4091,271,0.06624297237839159,0.06754583231483745,-0.0013028599364458548,0.05902133410493779,0.07427847412207642
Finance,6h,6.0,all,10,12.5,10-15,2940,375,0.12755102040816327,0.11908163265306122,0.008469387755102045,0.11597659437744794,0.1400975096096688
Finance,6h,6.0,all,15,17.5,15-20,2553,461,0.18057187622405013,0.16877790834312573,0.011793967880924405,0.1661338476016025,0.19596977273999394
Finance,6h,6.0,all,20,22.5,20-25,2118,481,0.2271010387157696,0.21860717658168086,0.008493862134088731,0.20976159548009168,0.24542865057786098
Finance,6h,6.0,all,25,27.5,25-30,1622,430,0.2651048088779285,0.267731196054254,-0.0026263871763255175,0.24419715941029072,0.28712249682190316
Finance,6h,6.0,all,30,32.5,30-35,1160,363,0.3129310344827586,0.3176551724137931,-0.004724137931034489,0.28690139225313466,0.34019562850982826
Finance,6h,6.0,all,35,37.5,35-40,854,312,0.36533957845433257,0.3681264637002342,-0.002786885245901649,0.33371355783949247,0.398171675984561
Finance,6h,6.0,all,40,42.5,40-45,607,248,0.4085667215815486,0.4188632619439868,-0.010296540362438211,0.37015442790471725,0.4481290681767545
Finance,6h,6.0,all,45,47.5,45-50,505,249,0.49306930693069306,0.4692871287128713,0.023782178217821748,0.44968127716317696,0.5365619859662526
Finance,6h,6.0,all,50,52.5,50-55,449,223,0.49665924276169265,0.5174387527839643,-0.020779510022271686,0.45063613385206525,0.5427390330937278
Finance,6h,6.0,all,55,57.5,55-60,405,243,0.6,0.5680493827160494,0.031950617283950544,0.5515630445296971,0.6465576946514431
Finance,6h,6.0,all,60,62.5,60-65,382,243,0.6361256544502618,0.618324607329843,0.017801047120418856,0.5867448488783586,0.6827958123670852
Finance,6h,6.0,all,65,67.5,65-70,380,261,0.6868421052631579,0.6689473684210526,0.017894736842105297,0.6385374354697109,0.7314068332077854
Finance,6h,6.0,all,70,72.5,70-75,409,311,0.7603911980440098,0.7189242053789731,0.04146699266503673,0.7167218953326422,0.7992144831718495
Finance,6h,6.0,all,75,77.5,75-80,430,336,0.7813953488372093,0.7697441860465116,0.011651162790697667,0.7399323189588949,0.8178749544791526
Finance,6h,6.0,all,80,82.5,80-85,538,460,0.8550185873605948,0.8186431226765799,0.03637546468401487,0.8227490360012232,0.8822540497714454
Finance,6h,6.0,all,85,87.5,85-90,618,544,0.8802588996763754,0.8694983818770227,0.01076051779935272,0.852284053584161,0.9035354348514791
Finance,6h,6.0,all,90,92.5,90-95,860,808,0.9395348837209302,0.9213139534883722,0.018220930232557997,0.9215659467949435,0.9535944992868381
Finance,6h,6.0,all,95,97.5,95-100,2549,2426,0.9517457826598666,0.97690466849745,-0.0251588858375833,0.942724955245049,0.9594070062522879
Finance,6h,6.0,<=1h,0,2.5,0-5,3453,96,0.02780191138140747,0.02210251954821894,0.00569939183318853,0.02282096512089704,0.03383236837289105
Finance,6h,6.0,<=1h,5,7.5,5-10,2230,149,0.06681614349775784,0.06736771300448431,-0.0005515695067264681,0.05717924231457761,0.07794296151581037
Finance,6h,6.0,<=1h,10,12.5,10-15,1644,198,0.12043795620437957,0.11903284671532846,0.0014051094890511068,0.1055829738978352,0.13706267845127407
Finance,6h,6.0,<=1h,15,17.5,15-20,1552,262,0.16881443298969073,0.16952963917525776,-0.00071520618556703,0.15100076177568839,0.18826359521283803
Finance,6h,6.0,<=1h,20,22.5,20-25,1491,329,0.22065727699530516,0.21936955063715627,0.0012877263581488885,0.20034052870046629,0.24240979347413735
Finance,6h,6.0,<=1h,25,27.5,25-30,1292,341,0.26393188854489164,0.2683978328173374,-0.004465944272445788,0.24062297208070643,0.2886404811067818
Finance,6h,6.0,<=1h,30,32.5,30-35,980,323,0.3295918367346939,0.3178061224489796,0.011785714285714288,0.3008764868343715,0.35963796996436526
Finance,6h,6.0,<=1h,35,37.5,35-40,726,270,0.371900826446281,0.3684435261707989,0.003457300275482078,0.33750396304343466,0.4076462174888891
Finance,6h,6.0,<=1h,40,42.5,40-45,521,212,0.4069097888675624,0.41923224568138195,-0.012322456813819549,0.3655564176099007,0.44962591549784076
Finance,6h,6.0,<=1h,45,47.5,45-50,411,205,0.49878345498783455,0.4692944038929441,0.029489051094890473,0.4506793704060844,0.546910070961416
Finance,6h,6.0,<=1h,50,52.5,50-55,349,181,0.5186246418338109,0.5181375358166189,0.0004871060171919295,0.4662858330893872,0.5705578950877891
Finance,6h,6.0,<=1h,55,57.5,55-60,335,195,0.582089552238806,0.5679701492537313,0.014119402985074636,0.5286343071361809,0.6336834248070043
Finance,6h,6.0,<=1h,60,62.5,60-65,313,196,0.6261980830670927,0.6188498402555911,0.007348242811501593,0.5713724581592333,0.6779634876256636
Finance,6h,6.0,<=1h,65,67.5,65-70,293,198,0.6757679180887372,0.6688395904436859,0.0069283276450512465,0.6201945353021632,0.7267918709158332
Finance,6h,6.0,<=1h,70,72.5,70-75,312,235,0.7532051282051282,0.7187820512820512,0.034423076923077,0.7024762305632297,0.7977745280448827
Finance,6h,6.0,<=1h,75,77.5,75-80,321,250,0.778816199376947,0.7697819314641744,0.00903426791277262,0.7302635200347811,0.820774278079746
Finance,6h,6.0,<=1h,80,82.5,80-85,365,305,0.8356164383561644,0.8194520547945205,0.016164383561643847,0.7941355925690993,0.8701061849310524
Finance,6h,6.0,<=1h,85,87.5,85-90,387,334,0.8630490956072352,0.8695348837209302,-0.006485788113695046,0.8252099644378182,0.8937513743756552
Finance,6h,6.0,<=1h,90,92.5,90-95,508,472,0.9291338582677166,0.9208858267716535,0.008248031496063013,0.9034505267728379,0.9483755069063315
Finance,6h,6.0,<=1h,95,97.5,95-100,1077,1026,0.9526462395543176,0.9737975858867223,-0.021151346332404675,0.9382731578015173,0.9638016698142962
Finance,6h,6.0,<=6h,0,2.5,0-5,4420,110,0.024886877828054297,0.021846153846153845,0.003040723981900452,0.02069036085612412,0.029908557513828357
Finance,6h,6.0,<=6h,5,7.5,5-10,2794,190,0.06800286327845383,0.0674874731567645,0.0005153901216893297,0.059248604714800784,0.07794343646437102
Finance,6h,6.0,<=6h,10,12.5,10-15,2032,246,0.12106299212598425,0.11903051181102363,0.0020324803149606163,0.10759004906202208,0.13596603113596584
Finance,6h,6.0,<=6h,15,17.5,15-20,1876,332,0.17697228144989338,0.1694829424307036,0.007489339019189772,0.16036715907111782,0.1948976674972483
Finance,6h,6.0,<=6h,20,22.5,20-25,1788,395,0.220917225950783,0.21884787472035794,0.002069351230425065,0.20229688802963544,0.24073423704302724
Finance,6h,6.0,<=6h,25,27.5,25-30,1434,373,0.2601115760111576,0.2680962343096234,-0.007984658298465841,0.23806760326300747,0.2834374081374139
Finance,6h,6.0,<=6h,30,32.5,30-35,1059,343,0.323890462700661,0.31781869688385267,0.00607176581680835,0.29638593803253654,0.35266806963897346
Finance,6h,6.0,<=6h,35,37.5,35-40,784,289,0.36862244897959184,0.36831632653061225,0.0003061224489795955,0.33556921416540014,0.4029569058059242
Finance,6h,6.0,<=6h,40,42.5,40-45,565,233,0.41238938053097346,0.41906194690265486,-0.006672566371681399,0.37252295586752854,0.4534391397316681
Finance,6h,6.0,<=6h,45,47.5,45-50,451,226,0.5011086474501109,0.46904656319290466,0.03206208425720619,0.45514828794692097,0.5470502796423232
Finance,6h,6.0,<=6h,50,52.5,50-55,388,200,0.5154639175257731,0.517860824742268,-0.0023969072164948813,0.4658282827843001,0.5647963369600046
Finance,6h,6.0,<=6h,55,57.5,55-60,376,221,0.5877659574468085,0.5678723404255319,0.019893617021276566,0.5373676552261089,0.6363889843836652
Finance,6h,6.0,<=6h,60,62.5,60-65,348,217,0.6235632183908046,0.6186494252873563,0.004913793103448305,0.5715706809983927,0.6728574934983127
Finance,6h,6.0,<=6h,65,67.5,65-70,348,239,0.6867816091954023,0.6689080459770115,0.017873563218390842,0.6362357610371756,0.7332486887834255
Finance,6h,6.0,<=6h,70,72.5,70-75,365,279,0.7643835616438356,0.7187671232876712,0.04561643835616436,0.7182318380421164,0.8050280111722887
Finance,6h,6.0,<=6h,75,77.5,75-80,377,295,0.7824933687002652,0.769867374005305,0.012625994694960174,0.7381116068068755,0.8211760340390825
Finance,6h,6.0,<=6h,80,82.5,80-85,449,377,0.8396436525612472,0.8193986636971047,0.0202449888641425,0.8028431099140948,0.8706815839302869
Finance,6h,6.0,<=6h,85,87.5,85-90,506,443,0.8754940711462451,0.8695652173913043,0.005928853754940788,0.8438665085351045,0.9014630212639547
Finance,6h,6.0,<=6h,90,92.5,90-95,663,621,0.9366515837104072,0.9211613876319759,0.015490196078431384,0.915477242225699,0.9527949231581042
Finance,6h,6.0,<=6h,95,97.5,95-100,1498,1440,0.9612817089452603,0.9740654205607477,-0.012783711615487414,0.9502734502778379,0.9699301184607029
Finance,6h,6.0,<=24h,0,2.5,0-5,6144,155,0.025227864583333332,0.0214697265625,0.0037581380208333327,0.02159332091016358,0.029455749710003334
Finance,6h,6.0,<=24h,5,7.5,5-10,3530,247,0.06997167138810198,0.06755807365439093,0.0024135977337110537,0.06201528317524353,0.0788630176518224
Finance,6h,6.0,<=24h,10,12.5,10-15,2692,351,0.13038632986627044,0.11936478454680534,0.0110215453194651,0.11819088014635813,0.14363518559875102
Finance,6h,6.0,<=24h,15,17.5,15-20,2443,447,0.1829717560376586,0.1690094146541138,0.013962341383544824,0.1681412401599572,0.19879775580937728
Finance,6h,6.0,<=24h,20,22.5,20-25,2085,474,0.2273381294964029,0.21866187050359712,0.008676258992805774,0.20985902576779597,0.24582014109674755
Finance,6h,6.0,<=24h,25,27.5,25-30,1594,424,0.2659974905897114,0.267741530740276,-0.0017440401505646186,0.24488688542222942,0.2882332936994056
Finance,6h,6.0,<=24h,30,32.5,30-35,1150,363,0.31565217391304345,0.3176869565217391,-0.002034782608695662,0.2894409543622038,0.3430909286969613
Finance,6h,6.0,<=24h,35,37.5,35-40,840,308,0.36666666666666664,0.3681309523809524,-0.0014642857142857513,0.33475347197713395,0.39979386486902285
Finance,6h,6.0,<=24h,40,42.5,40-45,594,244,0.4107744107744108,0.4189057239057239,-0.0081313131313131,0.37190643991372796,0.45078907006751123
Finance,6h,6.0,<=24h,45,47.5,45-50,493,243,0.49290060851926976,0.4690466531440163,0.023853955375253477,0.4489938845506867,0.5369171180706719
Finance,6h,6.0,<=24h,50,52.5,50-55,433,220,0.5080831408775982,0.5178521939953811,-0.009769053117782867,0.46112987488978835,0.5548942400296701
Finance,6h,6.0,<=24h,55,57.5,55-60,401,239,0.5960099750623441,0.5680548628428927,0.02795511221945135,0.5472904950543449,0.6429073502263771
Finance,6h,6.0,<=24h,60,62.5,60-65,373,234,0.6273458445040214,0.6185522788203753,0.008793565683646087,0.5772120413422268,0.6748832687296973
Finance,6h,6.0,<=24h,65,67.5,65-70,372,257,0.6908602150537635,0.6689784946236559,0.02188172043010761,0.6421461478971267,0.7356725927638328
Finance,6h,6.0,<=24h,70,72.5,70-75,399,303,0.7593984962406015,0.7187719298245614,0.04062656641604012,0.7151096023397226,0.7987400100141157
Finance,6h,6.0,<=24h,75,77.5,75-80,415,322,0.7759036144578313,0.7697108433734939,0.006192771084337356,0.733358049662474,0.8133880233159504
Finance,6h,6.0,<=24h,80,82.5,80-85,521,443,0.8502879078694817,0.8188291746641074,0.03145873320537429,0.8170916308920325,0.8783562909190433
Finance,6h,6.0,<=24h,85,87.5,85-90,585,513,0.8769230769230769,0.8693333333333334,0.007589743589743514,0.8478149202344941,0.9011131446304882
Finance,6h,6.0,<=24h,90,92.5,90-95,767,716,0.9335071707953064,0.9209647979139504,0.012542372881356068,0.9136263999102923,0.9490670509880506
Finance,6h,6.0,<=24h,95,97.5,95-100,1969,1872,0.9507364144235653,0.9755713560182834,-0.024834941594718107,0.9402684815209366,0.9594489615824531
Finance,1h,1.0,all,0,2.5,0-5,13564,119,0.008773223237982896,0.018408286641108818,-0.009635063403125923,0.007336998769307067,0.010487619702064237
Finance,1h,1.0,all,5,7.5,5-10,3932,126,0.03204476093591048,0.0664674465920651,-0.034422685656154625,0.026980296848028294,0.038022725631331654
Finance,1h,1.0,all,10,12.5,10-15,2236,169,0.0755813953488372,0.11771466905187836,-0.04213327370304115,0.06533829791044246,0.08728035155119804
Finance,1h,1.0,all,15,17.5,15-20,1538,185,0.12028608582574772,0.16870611183355005,-0.04842002600780233,0.10496729921229161,0.13749703694260262
Finance,1h,1.0,all,20,22.5,20-25,1139,195,0.17120280948200176,0.21830553116769097,-0.047102721685689214,0.15044059801296447,0.19417548876581572
Finance,1h,1.0,all,25,27.5,25-30,954,200,0.20964360587002095,0.2675366876310273,-0.057893081761006326,0.1850031137265998,0.23661315351424675
Finance,1h,1.0,all,30,32.5,30-35,919,268,0.2916213275299238,0.31862894450489665,-0.027007616974972837,0.2631511511679157,0.32182637910380146
Finance,1h,1.0,all,35,37.5,35-40,810,268,0.3308641975308642,0.3691728395061728,-0.03830864197530859,0.29932551252773293,0.3639996357566507
Finance,1h,1.0,all,40,42.5,40-45,699,276,0.3948497854077253,0.4178254649499285,-0.022975679542203198,0.3592810500949807,0.4315679833145387
Finance,1h,1.0,all,45,47.5,45-50,654,340,0.5198776758409785,0.4688379204892966,0.051039755351681926,0.48158264909934045,0.5579405431098479
Finance,1h,1.0,all,50,52.5,50-55,663,345,0.5203619909502263,0.517948717948718,0.002413273001508287,0.482325730530463,0.5581636450573829
Finance,1h,1.0,all,55,57.5,55-60,569,343,0.6028119507908611,0.5679613356766257,0.034850615114235484,0.5620457589524875,0.6421991841522031
Finance,1h,1.0,all,60,62.5,60-65,515,341,0.6621359223300971,0.6191067961165049,0.04302912621359223,0.6202187811458699,0.7016520942812354
Finance,1h,1.0,all,65,67.5,65-70,498,353,0.7088353413654619,0.6703614457831325,0.03847389558232939,0.6674566190908848,0.7470167924397655
Finance,1h,1.0,all,70,72.5,70-75,491,381,0.7759674134419552,0.7212016293279022,0.05476578411405297,0.7370258658456325,0.8106241296276665
Finance,1h,1.0,all,75,77.5,75-80,524,432,0.8244274809160306,0.7692748091603053,0.05515267175572525,0.7895235168929667,0.8546091168365463
Finance,1h,1.0,all,80,82.5,80-85,591,516,0.8730964467005076,0.8189340101522842,0.05416243654822339,0.8438286414776417,0.8975451965323427
Finance,1h,1.0,all,85,87.5,85-90,678,606,0.8938053097345132,0.8709292035398231,0.02287610619469016,0.8683550643883502,0.9148180362262206
Finance,1h,1.0,all,90,92.5,90-95,1150,1100,0.9565217391304348,0.9227043478260869,0.03381739130434791,0.9431370167793861,0.966866574701455
Finance,1h,1.0,all,95,97.5,95-100,4597,4472,0.9728083532738743,0.9781509680226235,-0.005342614748749197,0.9676973307308631,0.9771298069823761
Finance,1h,1.0,<=1h,0,2.5,0-5,4802,53,0.011037067888379841,0.019210745522698875,-0.008173677634319034,0.008448329879034109,0.014407521216848867
Finance,1h,1.0,<=1h,5,7.5,5-10,1719,80,0.04653868528214078,0.06696335078534031,-0.020424665503199532,0.03755155878674767,0.057548071962823265
Finance,1h,1.0,<=1h,10,12.5,10-15,1135,112,0.0986784140969163,0.11869603524229073,-0.020017621145374434,0.08265825463617356,0.11740609145023566
Finance,1h,1.0,<=1h,15,17.5,15-20,917,113,0.12322791712104689,0.169432933478735,-0.04620501635768812,0.10351107841504775,0.14608841839308945
Finance,1h,1.0,<=1h,20,22.5,20-25,755,150,0.1986754966887417,0.21850331125827815,-0.019827814569536445,0.1717705414071583,0.2286313342939103
Finance,1h,1.0,<=1h,25,27.5,25-30,713,159,0.22300140252454417,0.26814866760168304,-0.04514726507713887,0.1939771989162082,0.2549945125469657
Finance,1h,1.0,<=1h,30,32.5,30-35,711,219,0.3080168776371308,0.31846694796061886,-0.010450070323488048,0.2751885343683036,0.3429086776574095
Finance,1h,1.0,<=1h,35,37.5,35-40,627,215,0.34290271132376393,0.3693939393939394,-0.026491228070175454,0.3068048743981669,0.38091388099145856
Finance,1h,1.0,<=1h,40,42.5,40-45,575,231,0.4017391304347826,0.4179304347826087,-0.01619130434782612,0.36244726756085316,0.4423352497979544
Finance,1h,1.0,<=1h,45,47.5,45-50,532,280,0.5263157894736842,0.46870300751879695,0.05761278195488723,0.48384957178225435,0.5684046764881299
Finance,1h,1.0,<=1h,50,52.5,50-55,556,304,0.5467625899280576,0.5183992805755395,0.028363309352518074,0.5052035831661162,0.5876798324285807
Finance,1h,1.0,<=1h,55,57.5,55-60,469,281,0.5991471215351812,0.5683368869936034,0.03081023454157783,0.5541611982552291,0.6425220038995728
Finance,1h,1.0,<=1h,60,62.5,60-65,429,288,0.6713286713286714,0.6192773892773893,0.052051282051282066,0.6255292288214928,0.7140869263724628
Finance,1h,1.0,<=1h,65,67.5,65-70,412,289,0.7014563106796117,0.6703398058252427,0.03111650485436901,0.6555717081851932,0.7436187527980275
Finance,1h,1.0,<=1h,70,72.5,70-75,377,289,0.76657824933687,0.7215119363395226,0.045066312997347424,0.7213195027840413,0.8064589751973557
Finance,1h,1.0,<=1h,75,77.5,75-80,390,323,0.8282051282051283,0.7691794871794871,0.05902564102564112,0.7876127639283818,0.8623947517835188
Finance,1h,1.0,<=1h,80,82.5,80-85,375,318,0.848,0.8195466666666666,0.02845333333333333,0.808146113212054,0.8807961782364035
Finance,1h,1.0,<=1h,85,87.5,85-90,396,345,0.8712121212121212,0.8706565656565657,0.0005555555555555314,0.8346193731204377,0.9006718021849831
Finance,1h,1.0,<=1h,90,92.5,90-95,541,501,0.9260628465804066,0.9223475046210722,0.0037153419593344283,0.9008821744261992,0.9452353026533775
Finance,1h,1.0,<=1h,95,97.5,95-100,1574,1546,0.9822109275730623,0.9765819567979669,0.005628970775095388,0.9744097158587055,0.9876640436365443
Finance,1h,1.0,<=6h,0,2.5,0-5,10366,76,0.007331661200077175,0.01798282847771561,-0.010651167277638434,0.005862061730149944,0.009166287401046042
Finance,1h,1.0,<=6h,5,7.5,5-10,2950,97,0.03288135593220339,0.0664135593220339,-0.033532203389830505,0.02702925275218368,0.03994847550514739
Finance,1h,1.0,<=6h,10,12.5,10-15,1699,125,0.07357268981753973,0.11770453207769276,-0.04413184226015303,0.06209712519734417,0.0869722891275114
Finance,1h,1.0,<=6h,15,17.5,15-20,1234,145,0.11750405186385737,0.16912479740680714,-0.051620745542949764,0.1007125495690642,0.13666968091987722
Finance,1h,1.0,<=6h,20,22.5,20-25,977,170,0.17400204708290687,0.21857727737973387,-0.044575230296827,0.15151859850580499,0.1990391266151524
Finance,1h,1.0,<=6h,25,27.5,25-30,875,183,0.20914285714285713,0.26780571428571426,-0.05866285714285713,0.18349542012710648,0.23733308867356936
Finance,1h,1.0,<=6h,30,32.5,30-35,854,255,0.29859484777517564,0.31868852459016395,-0.020093676814988304,0.2688583602721302,0.3301352068386278
Finance,1h,1.0,<=6h,35,37.5,35-40,757,247,0.32628797886393657,0.36927344782034344,-0.04298546895640687,0.29383800978580044,0.3604921425087113
Finance,1h,1.0,<=6h,40,42.5,40-45,660,263,0.3984848484848485,0.4178030303030303,-0.01931818181818179,0.36182395783219534,0.43632065979948065
Finance,1h,1.0,<=6h,45,47.5,45-50,601,313,0.5207986688851913,0.4686356073211314,0.05216306156405992,0.4808529562696155,0.5604801795464395
Finance,1h,1.0,<=6h,50,52.5,50-55,599,321,0.5358931552587646,0.5181803005008347,0.01771285475792983,0.4958528181709026,0.5754760350469244
Finance,1h,1.0,<=6h,55,57.5,55-60,529,318,0.6011342155009451,0.5677126654064272,0.03342155009451797,0.5588213956066577,0.6419887513488352
Finance,1h,1.0,<=6h,60,62.5,60-65,473,315,0.6659619450317125,0.6192600422832981,0.04670190274841435,0.6222695579905381,0.7069802390070393
Finance,1h,1.0,<=6h,65,67.5,65-70,442,312,0.7058823529411765,0.6702941176470588,0.0355882352941177,0.661775842070998,0.7464408878169264
Finance,1h,1.0,<=6h,70,72.5,70-75,427,330,0.7728337236533958,0.7214285714285714,0.051405152224824335,0.7307611863608299,0.810040816045623
Finance,1h,1.0,<=6h,75,77.5,75-80,457,379,0.8293216630196937,0.7692560175054705,0.06006564551422322,0.7921165642489998,0.861036276119578
Finance,1h,1.0,<=6h,80,82.5,80-85,486,420,0.8641975308641975,0.8195267489711934,0.04467078189300411,0.8308690289248686,0.8918135688781761
Finance,1h,1.0,<=6h,85,87.5,85-90,554,493,0.8898916967509025,0.8712454873646209,0.018646209386281587,0.8610918779440905,0.9133215039191481
Finance,1h,1.0,<=6h,90,92.5,90-95,901,859,0.9533851276359601,0.9227302996670366,0.030654827968923493,0.9375898304643886,0.9653306364991108
Finance,1h,1.0,<=6h,95,97.5,95-100,3450,3387,0.9817391304347826,0.9776608695652174,0.004078260869565198,0.9767058406213537,0.9857007735094158
Finance,1h,1.0,<=24h,0,2.5,0-5,12033,106,0.008809108285548076,0.018376132302833872,-0.009567024017285796,0.0072891903677564296,0.010642556777607684
Finance,1h,1.0,<=24h,5,7.5,5-10,3492,118,0.03379152348224513,0.06645761741122566,-0.03266609392898053,0.02829207397551725,0.04031561122394943
Finance,1h,1.0,<=24h,10,12.5,10-15,2087,164,0.0785816962146622,0.11795879252515572,-0.03937709631049352,0.06779590333383645,0.09091607178661265
Finance,1h,1.0,<=24h,15,17.5,15-20,1472,180,0.12228260869565218,0.1689538043478261,-0.04667119565217391,0.10652231454983298,0.14000929155206848
Finance,1h,1.0,<=24h,20,22.5,20-25,1117,193,0.1727842435094002,0.2184243509400179,-0.045640107430617693,0.15174409364243002,0.19606740800062106
Finance,1h,1.0,<=24h,25,27.5,25-30,941,197,0.20935175345377258,0.26747077577045697,-0.05811902231668439,0.18456440534296564,0.23650257561976928
Finance,1h,1.0,<=24h,30,32.5,30-35,913,268,0.29353778751369114,0.31866374589266155,-0.025125958378970414,0.26491303710153485,0.32389270644238816
Finance,1h,1.0,<=24h,35,37.5,35-40,800,265,0.33125,0.36920000000000003,-0.03795000000000004,0.29950923470584656,0.3646036950056787
Finance,1h,1.0,<=24h,40,42.5,40-45,687,272,0.39592430858806404,0.41786026200873366,-0.02193595342066962,0.3600298977715257,0.43297619798182774
Finance,1h,1.0,<=24h,45,47.5,45-50,645,335,0.5193798449612403,0.4687131782945736,0.05066666666666675,0.4808207813061585,0.557709423908797
Finance,1h,1.0,<=24h,50,52.5,50-55,647,342,0.5285935085007728,0.5182380216383308,0.010355486862442032,0.4900733266494727,0.5667761433290904
Finance,1h,1.0,<=24h,55,57.5,55-60,565,339,0.6,0.5679646017699116,0.032035398230088385,0.5590597174319931,0.6395896077931662
Finance,1h,1.0,<=24h,60,62.5,60-65,508,334,0.65748031496063,0.6192322834645669,0.03824803149606304,0.6151690061408384,0.6974277034661964
Finance,1h,1.0,<=24h,65,67.5,65-70,492,350,0.7113821138211383,0.6704065040650407,0.0409756097560976,0.6698268866889796,0.749661917800196
Finance,1h,1.0,<=24h,70,72.5,70-75,481,373,0.7754677754677755,0.7211226611226611,0.054345114345114354,0.73607802442416,0.8104922368735503
Finance,1h,1.0,<=24h,75,77.5,75-80,511,420,0.821917808219178,0.7692759295499022,0.05264187866927583,0.7863806822877468,0.8526508178862873
Finance,1h,1.0,<=24h,80,82.5,80-85,574,499,0.8693379790940766,0.8191463414634147,0.05019163763066192,0.8392928191580142,0.894472281866211
Finance,1h,1.0,<=24h,85,87.5,85-90,647,576,0.8902627511591963,0.8708037094281298,0.019459041731066495,0.8638355390614183,0.9120829025378896
Finance,1h,1.0,<=24h,90,92.5,90-95,1065,1016,0.9539906103286385,0.9224882629107981,0.031502347417840415,0.9396931973925722,0.965024583053099
Finance,1h,1.0,<=24h,95,97.5,95-100,4030,3934,0.9761786600496278,0.9777022332506203,-0.0015235732009925007,0.9709974567159575,0.9804528927474424
Weather,30d,720.0,all,0,2.5,0-5,50,1,0.02,0.018799999999999997,0.0012000000000000031,0.0035391680889764604,0.10495686471836953
Weather,30d,720.0,all,5,7.5,5-10,30,0,0.0,0.06766666666666667,-0.06766666666666667,0.0,0.113517091390478
Weather,30d,720.0,all,10,12.5,10-15,27,1,0.037037037037037035,0.12111111111111111,-0.08407407407407408,0.006567976533097597,0.1828385393415652
Weather,30d,720.0,all,15,17.5,15-20,17,4,0.23529411764705882,0.1688235294117647,0.06647058823529411,0.0955488907167594,0.47262245889171595
Weather,30d,720.0,all,20,22.5,20-25,21,7,0.3333333333333333,0.2161904761904762,0.1171428571428571,0.17194536432683688,0.5462692434278971
Weather,30d,720.0,all,25,27.5,25-30,21,2,0.09523809523809523,0.2671428571428571,-0.1719047619047619,0.026518208796947246,0.2891458386074067
Weather,30d,720.0,all,30,32.5,30-35,20,9,0.45,0.32049999999999995,0.12950000000000006,0.25819502085709295,0.6579179916924003
Weather,30d,720.0,all,35,37.5,35-40,14,4,0.2857142857142857,0.365,-0.07928571428571429,0.11721187910109099,0.5464954117248438
Weather,30d,720.0,all,40,42.5,40-45,26,10,0.38461538461538464,0.41692307692307695,-0.032307692307692315,0.22428359511834428,0.5746547996057992
Weather,30d,720.0,all,45,47.5,45-50,17,8,0.47058823529411764,0.4676470588235294,0.002941176470588225,0.26164801196088106,0.6903710268845051
Weather,30d,720.0,all,50,52.5,50-55,19,9,0.47368421052631576,0.5126315789473684,-0.038947368421052675,0.27329505487448547,0.6829251748817489
Weather,30d,720.0,all,55,57.5,55-60,14,7,0.5,0.5657142857142857,-0.06571428571428573,0.2679886791947528,0.7320113208052472
Weather,30d,720.0,all,60,62.5,60-65,20,14,0.7,0.621,0.07899999999999996,0.4810232237710206,0.854524726031006
Weather,30d,720.0,all,65,67.5,65-70,14,8,0.5714285714285714,0.6635714285714286,-0.09214285714285719,0.3259026690286936,0.7861949006959948
Weather,30d,720.0,all,70,72.5,70-75,9,9,1.0,0.7188888888888889,0.2811111111111111,0.7008472464490407,1.0
Weather,30d,720.0,all,75,77.5,75-80,19,14,0.7368421052631579,0.7689473684210526,-0.03210526315789475,0.5120803155892935,0.8819376166045982
Weather,30d,720.0,all,80,82.5,80-85,15,13,0.8666666666666667,0.8213333333333334,0.04533333333333334,0.6211750079348376,0.9626395301086407
Weather,30d,720.0,all,85,87.5,85-90,21,16,0.7619047619047619,0.8704761904761905,-0.10857142857142865,0.5490841802765406,0.8937214361088773
Weather,30d,720.0,all,90,92.5,90-95,17,16,0.9411764705882353,0.9158823529411765,0.0252941176470588,0.730174547964372,0.9895398693548358
Weather,30d,720.0,all,95,97.5,95-100,33,31,0.9393939393939394,0.9727272727272727,-0.033333333333333215,0.8039341828220181,0.9832194695709291
Weather,30d,720.0,<=1h,0,2.5,0-5,4,0,0.0,0.03,-0.03,0.0,0.48990002040399916
Weather,30d,720.0,<=1h,5,7.5,5-10,1,0,0.0,0.06,-0.06,0.0,0.7934567085261071
Weather,30d,720.0,<=1h,10,12.5,10-15,1,0,0.0,0.13,-0.13,0.0,0.7934567085261071
Weather,30d,720.0,<=1h,15,17.5,15-20,4,0,0.0,0.1575,-0.1575,0.0,0.48990002040399916
Weather,30d,720.0,<=1h,20,22.5,20-25,1,1,1.0,0.2,0.8,0.20654329147389294,1.0
Weather,30d,720.0,<=1h,25,27.5,25-30,3,0,0.0,0.2633333333333333,-0.2633333333333333,0.0,0.5615060804490177
Weather,30d,720.0,<=1h,30,32.5,30-35,1,1,1.0,0.32,0.6799999999999999,0.20654329147389294,1.0
Weather,30d,720.0,<=1h,35,37.5,35-40,1,0,0.0,0.35,-0.35,0.0,0.7934567085261071
Weather,30d,720.0,<=1h,40,42.5,40-45,3,0,0.0,0.41333333333333333,-0.41333333333333333,0.0,0.5615060804490177
Weather,30d,720.0,<=1h,45,47.5,45-50,2,0,0.0,0.48,-0.48,0.0,0.6576280471103807
Weather,30d,720.0,<=1h,55,57.5,55-60,1,1,1.0,0.55,0.44999999999999996,0.20654329147389294,1.0
Weather,30d,720.0,<=1h,60,62.5,60-65,2,2,1.0,0.615,0.385,0.34237195288961925,1.0
Weather,30d,720.0,<=1h,65,67.5,65-70,4,2,0.5,0.6675,-0.16749999999999998,0.15003570882017148,0.8499642911798285
Weather,30d,720.0,<=1h,70,72.5,70-75,2,2,1.0,0.715,0.28500000000000003,0.34237195288961925,1.0
Weather,30d,720.0,<=1h,75,77.5,75-80,1,1,1.0,0.78,0.21999999999999997,0.20654329147389294,1.0
Weather,30d,720.0,<=1h,80,82.5,80-85,1,1,1.0,0.83,0.17000000000000004,0.20654329147389294,1.0
Weather,30d,720.0,<=1h,85,87.5,85-90,2,2,1.0,0.88,0.12,0.34237195288961925,1.0
Weather,30d,720.0,<=1h,90,92.5,90-95,1,1,1.0,0.92,0.07999999999999996,0.20654329147389294,1.0
Weather,30d,720.0,<=1h,95,97.5,95-100,1,1,1.0,0.99,0.010000000000000009,0.20654329147389294,1.0
Weather,30d,720.0,<=6h,0,2.5,0-5,6,0,0.0,0.03333333333333333,-0.03333333333333333,0.0,0.3903430336530645
Weather,30d,720.0,<=6h,5,7.5,5-10,5,0,0.0,0.062,-0.062,0.0,0.43449149475208104
Weather,30d,720.0,<=6h,10,12.5,10-15,8,0,0.0,0.12625,-0.12625,0.0,0.3244156195108769
Weather,30d,720.0,<=6h,15,17.5,15-20,4,0,0.0,0.1575,-0.1575,0.0,0.48990002040399916
Weather,30d,720.0,<=6h,20,22.5,20-25,5,4,0.8,0.21600000000000003,0.5840000000000001,0.3755282641185388,0.9637768390302125
Weather,30d,720.0,<=6h,25,27.5,25-30,7,1,0.14285714285714285,0.26857142857142857,-0.12571428571428572,0.02567895594897479,0.51313450331903
Weather,30d,720.0,<=6h,30,32.5,30-35,5,3,0.6,0.32799999999999996,0.272,0.23071993220883708,0.8823817688407467
Weather,30d,720.0,<=6h,35,37.5,35-40,5,2,0.4,0.36200000000000004,0.03799999999999998,0.1176182311592533,0.769280067791163
Weather,30d,720.0,<=6h,40,42.5,40-45,10,3,0.3,0.413,-0.11299999999999999,0.10778928748621183,0.6032267800204347
Weather,30d,720.0,<=6h,45,47.5,45-50,7,4,0.5714285714285714,0.4742857142857143,0.09714285714285709,0.2504542304090258,0.8417830777373732
Weather,30d,720.0,<=6h,50,52.5,50-55,3,2,0.6666666666666666,0.5133333333333333,0.15333333333333332,0.2076549551264879,0.9385096847238394
Weather,30d,720.0,<=6h,55,57.5,55-60,5,3,0.6,0.562,0.03799999999999992,0.23071993220883708,0.8823817688407467
Weather,30d,720.0,<=6h,60,62.5,60-65,9,6,0.6666666666666666,0.6177777777777778,0.04888888888888887,0.35419734749908977,0.879418401317257
Weather,30d,720.0,<=6h,65,67.5,65-70,6,3,0.5,0.6616666666666667,-0.16166666666666674,0.18761280689940868,0.8123871931005913
Weather,30d,720.0,<=6h,70,72.5,70-75,4,4,1.0,0.72,0.28,0.5100999795960008,1.0
Weather,30d,720.0,<=6h,75,77.5,75-80,7,6,0.8571428571428571,0.7728571428571429,0.08428571428571419,0.48686549668097007,0.9743210440510253
Weather,30d,720.0,<=6h,80,82.5,80-85,5,4,0.8,0.828,-0.027999999999999914,0.3755282641185388,0.9637768390302125
Weather,30d,720.0,<=6h,85,87.5,85-90,6,6,1.0,0.875,0.125,0.6096569663469354,0.9999999999999999
Weather,30d,720.0,<=6h,90,92.5,90-95,5,4,0.8,0.9159999999999999,-0.11599999999999988,0.3755282641185388,0.9637768390302125
Weather,30d,720.0,<=6h,95,97.5,95-100,5,5,1.0,0.978,0.02200000000000002,0.5655085052479191,1.0
Weather,30d,720.0,<=24h,0,2.5,0-5,14,1,0.07142857142857142,0.026428571428571426,0.045,0.012721886112291636,0.3146926955395781
Weather,30d,720.0,<=24h,5,7.5,5-10,14,0,0.0,0.06285714285714286,-0.06285714285714286,0.0,0.21531701192718142
Weather,30d,720.0,<=24h,10,12.5,10-15,18,0,0.0,0.12277777777777779,-0.12277777777777779,0.0,0.1758845505823749
Weather,30d,720.0,<=24h,15,17.5,15-20,9,2,0.2222222222222222,0.16666666666666669,0.055555555555555525,0.06322376231222723,0.5474166563271946
Weather,30d,720.0,<=24h,20,22.5,20-25,10,6,0.6,0.21600000000000003,0.38399999999999995,0.3126695474501864,0.8318224187964902
Weather,30d,720.0,<=24h,25,27.5,25-30,12,1,0.08333333333333333,0.26916666666666667,-0.18583333333333335,0.014864709450773478,0.35388592179859524
Weather,30d,720.0,<=24h,30,32.5,30-35,11,4,0.36363636363636365,0.3190909090909091,0.044545454545454555,0.15166223614131383,0.6462032231083628
Weather,30d,720.0,<=24h,35,37.5,35-40,10,2,0.2,0.37,-0.16999999999999998,0.056680947980693314,0.5098431532792765
Weather,30d,720.0,<=24h,40,42.5,40-45,21,8,0.38095238095238093,0.41714285714285715,-0.03619047619047622,0.20750767797982506,0.5912170418449848
Weather,30d,720.0,<=24h,45,47.5,45-50,11,6,0.5454545454545454,0.47090909090909094,0.07454545454545447,0.28008775568998817,0.7872904245601196
Weather,30d,720.0,<=24h,50,52.5,50-55,11,6,0.5454545454545454,0.5136363636363637,0.031818181818181746,0.28008775568998817,0.7872904245601196
Weather,30d,720.0,<=24h,55,57.5,55-60,11,6,0.5454545454545454,0.5654545454545454,-0.020000000000000018,0.28008775568998817,0.7872904245601196
Weather,30d,720.0,<=24h,60,62.5,60-65,14,10,0.7142857142857143,0.6207142857142857,0.09357142857142864,0.4535045882751561,0.882788120898909
Weather,30d,720.0,<=24h,65,67.5,65-70,12,6,0.5,0.6625,-0.16249999999999998,0.2537781703934222,0.7462218296065778
Weather,30d,720.0,<=24h,70,72.5,70-75,8,8,1.0,0.7175,0.2825,0.6755843804891231,1.0
Weather,30d,720.0,<=24h,75,77.5,75-80,14,9,0.6428571428571429,0.7692857142857144,-0.12642857142857145,0.3876400468214042,0.8365550926279727
Weather,30d,720.0,<=24h,80,82.5,80-85,13,11,0.8461538461538461,0.823076923076923,0.023076923076923106,0.5776482949136899,0.9567427368172621
Weather,30d,720.0,<=24h,85,87.5,85-90,14,10,0.7142857142857143,0.87,-0.1557142857142857,0.4535045882751561,0.882788120898909
Weather,30d,720.0,<=24h,90,92.5,90-95,9,8,0.8888888888888888,0.92,-0.0311111111111112,0.5649937852319399,0.9801096286728695
Weather,30d,720.0,<=24h,95,97.5,95-100,19,18,0.9473684210526315,0.9742105263157894,-0.02684210526315789,0.7536078466345479,0.99064824750947
Weather,7d,168.0,all,0,2.5,0-5,249,3,0.012048192771084338,0.0163855421686747,-0.004337349397590361,0.004105701869888305,0.03481827266594757
Weather,7d,168.0,all,5,7.5,5-10,83,3,0.03614457831325301,0.06518072289156626,-0.02903614457831325,0.012367579124893058,0.10096059539054655
Weather,7d,168.0,all,10,12.5,10-15,41,8,0.1951219512195122,0.1178048780487805,0.0773170731707317,0.10234315749205929,0.34013882352556724
Weather,7d,168.0,all,15,17.5,15-20,19,3,0.15789473684210525,0.16894736842105262,-0.01105263157894737,0.055203710399278266,0.3756592764317668
Weather,7d,168.0,all,20,22.5,20-25,26,8,0.3076923076923077,0.21923076923076923,0.08846153846153848,0.16501120939792674,0.49988611514231246
Weather,7d,168.0,all,25,27.5,25-30,23,7,0.30434782608695654,0.2747826086956522,0.029565217391304355,0.15603828020972454,0.5086612906057261
Weather,7d,168.0,all,30,32.5,30-35,7,4,0.5714285714285714,0.32285714285714284,0.24857142857142855,0.2504542304090258,0.8417830777373732
Weather,7d,168.0,all,35,37.5,35-40,14,8,0.5714285714285714,0.37,0.2014285714285714,0.3259026690286936,0.7861949006959948
Weather,7d,168.0,all,40,42.5,40-45,11,4,0.36363636363636365,0.41909090909090907,-0.05545454545454542,0.15166223614131383,0.6462032231083628
Weather,7d,168.0,all,45,47.5,45-50,3,2,0.6666666666666666,0.46,0.2066666666666666,0.2076549551264879,0.9385096847238394
Weather,7d,168.0,all,50,52.5,50-55,6,6,1.0,0.5116666666666666,0.4883333333333334,0.6096569663469354,0.9999999999999999
Weather,7d,168.0,all,55,57.5,55-60,13,8,0.6153846153846154,0.5661538461538461,0.0492307692307693,0.35522480972268555,0.8229055341876319
Weather,7d,168.0,all,60,62.5,60-65,10,8,0.8,0.615,0.18500000000000005,0.49015684672072335,0.9433190520193067
Weather,7d,168.0,all,65,67.5,65-70,9,6,0.6666666666666666,0.6655555555555556,0.0011111111111110628,0.35419734749908977,0.879418401317257
Weather,7d,168.0,all,70,72.5,70-75,10,5,0.5,0.7170000000000001,-0.21700000000000008,0.23658959361548731,0.7634104063845126
Weather,7d,168.0,all,75,77.5,75-80,13,9,0.6923076923076923,0.7692307692307692,-0.07692307692307687,0.4236888781333764,0.8731950283838191
Weather,7d,168.0,all,80,82.5,80-85,14,12,0.8571428571428571,0.8221428571428571,0.03500000000000003,0.600580922361363,0.9599069262620787
Weather,7d,168.0,all,85,87.5,85-90,8,8,1.0,0.87125,0.12875000000000003,0.6755843804891231,1.0
Weather,7d,168.0,all,90,92.5,90-95,22,22,1.0,0.9240909090909091,0.07590909090909093,0.8513404742740388,1.0
Weather,7d,168.0,all,95,97.5,95-100,168,167,0.9940476190476191,0.9855357142857143,0.008511904761904776,0.9670573913601588,0.9989485117506134
Weather,7d,168.0,<=1h,0,2.5,0-5,11,0,0.0,0.016363636363636365,-0.016363636363636365,2.7755575615628914e-17,0.2588400172488141
Weather,7d,168.0,<=1h,5,7.5,5-10,6,0,0.0,0.06,-0.06,0.0,0.3903430336530645
Weather,7d,168.0,<=1h,10,12.5,10-15,3,0,0.0,0.11666666666666665,-0.11666666666666665,0.0,0.5615060804490177
Weather,7d,168.0,<=1h,15,17.5,15-20,1,0,0.0,0.18,-0.18,0.0,0.7934567085261071
Weather,7d,168.0,<=1h,20,22.5,20-25,8,0,0.0,0.2225,-0.2225,0.0,0.3244156195108769
Weather,7d,168.0,<=1h,25,27.5,25-30,4,1,0.25,0.275,-0.025000000000000022,0.045586062644636216,0.6993639475573634
Weather,7d,168.0,<=1h,30,32.5,30-35,1,1,1.0,0.34,0.6599999999999999,0.20654329147389294,1.0
Weather,7d,168.0,<=1h,35,37.5,35-40,2,1,0.5,0.37,0.13,0.09452865480086614,0.9054713451991339
Weather,7d,168.0,<=1h,50,52.5,50-55,1,1,1.0,0.52,0.48,0.20654329147389294,1.0
Weather,7d,168.0,<=1h,55,57.5,55-60,3,1,0.3333333333333333,0.5533333333333333,-0.22000000000000003,0.0614903152761605,0.7923450448735121
Weather,7d,168.0,<=1h,60,62.5,60-65,1,1,1.0,0.63,0.37,0.20654329147389294,1.0
Weather,7d,168.0,<=1h,65,67.5,65-70,2,0,0.0,0.665,-0.665,0.0,0.6576280471103807
Weather,7d,168.0,<=1h,70,72.5,70-75,3,1,0.3333333333333333,0.72,-0.38666666666666666,0.0614903152761605,0.7923450448735121
Weather,7d,168.0,<=1h,75,77.5,75-80,5,2,0.4,0.772,-0.372,0.1176182311592533,0.769280067791163
Weather,7d,168.0,<=1h,80,82.5,80-85,2,1,0.5,0.825,-0.32499999999999996,0.09452865480086614,0.9054713451991339
Weather,7d,168.0,<=1h,85,87.5,85-90,2,2,1.0,0.87,0.13,0.34237195288961925,1.0
Weather,7d,168.0,<=1h,90,92.5,90-95,3,3,1.0,0.9366666666666668,0.06333333333333324,0.43849391955098227,1.0
Weather,7d,168.0,<=1h,95,97.5,95-100,13,12,0.9230769230769231,0.9784615384615384,-0.055384615384615254,0.6668546607175265,0.9862899336203037
Weather,7d,168.0,<=6h,0,2.5,0-5,36,1,0.027777777777777776,0.01583333333333333,0.011944444444444445,0.004920280295569679,0.141700337350308
Weather,7d,168.0,<=6h,5,7.5,5-10,19,1,0.05263157894736842,0.06736842105263158,-0.01473684210526316,0.009351752490529969,0.2463921533654521
Weather,7d,168.0,<=6h,10,12.5,10-15,13,4,0.3076923076923077,0.11461538461538462,0.1930769230769231,0.12680497161618087,0.5763111218666236
Weather,7d,168.0,<=6h,15,17.5,15-20,8,1,0.125,0.17,-0.04500000000000001,0.02241690886329617,0.4708948057698615
Weather,7d,168.0,<=6h,20,22.5,20-25,12,1,0.08333333333333333,0.22166666666666668,-0.13833333333333336,0.014864709450773478,0.35388592179859524
Weather,7d,168.0,<=6h,25,27.5,25-30,6,2,0.3333333333333333,0.2783333333333333,0.05499999999999999,0.09676933255921683,0.7000116786584712
Weather,7d,168.0,<=6h,30,32.5,30-35,7,4,0.5714285714285714,0.32285714285714284,0.24857142857142855,0.2504542304090258,0.8417830777373732
Weather,7d,168.0,<=6h,35,37.5,35-40,7,5,0.7142857142857143,0.37,0.3442857142857143,0.35892909014821267,0.9177828342909844
Weather,7d,168.0,<=6h,40,42.5,40-45,2,0,0.0,0.42,-0.42,0.0,0.6576280471103807
Weather,7d,168.0,<=6h,45,47.5,45-50,2,1,0.5,0.46,0.03999999999999998,0.09452865480086614,0.9054713451991339
Weather,7d,168.0,<=6h,50,52.5,50-55,3,3,1.0,0.5166666666666666,0.4833333333333334,0.43849391955098227,1.0
Weather,7d,168.0,<=6h,55,57.5,55-60,8,5,0.625,0.56875,0.05625000000000002,0.30573785458380187,0.863158240538479
Weather,7d,168.0,<=6h,60,62.5,60-65,4,4,1.0,0.625,0.375,0.5100999795960008,1.0
Weather,7d,168.0,<=6h,65,67.5,65-70,4,2,0.5,0.665,-0.16500000000000004,0.15003570882017148,0.8499642911798285
Weather,7d,168.0,<=6h,70,72.5,70-75,5,2,0.4,0.722,-0.32199999999999995,0.1176182311592533,0.769280067791163
Weather,7d,168.0,<=6h,75,77.5,75-80,7,4,0.5714285714285714,0.7728571428571429,-0.2014285714285715,0.2504542304090258,0.8417830777373732
Weather,7d,168.0,<=6h,80,82.5,80-85,9,7,0.7777777777777778,0.8177777777777777,-0.039999999999999925,0.4525833436728054,0.9367762376877727
Weather,7d,168.0,<=6h,85,87.5,85-90,5,5,1.0,0.87,0.13,0.5655085052479191,1.0
Weather,7d,168.0,<=6h,90,92.5,90-95,9,9,1.0,0.9288888888888889,0.07111111111111112,0.7008472464490407,1.0
Weather,7d,168.0,<=6h,95,97.5,95-100,24,23,0.9583333333333334,0.9833333333333333,-0.02499999999999991,0.7975777375115778,0.992606734645195
Weather,7d,168.0,<=24h,0,2.5,0-5,98,1,0.01020408163265306,0.017040816326530612,-0.0068367346938775515,0.0018035013277367812,0.055556163092303754
Weather,7d,168.0,<=24h,5,7.5,5-10,38,2,0.05263157894736842,0.065,-0.012368421052631584,0.014553902448536798,0.17285766881068843
Weather,7d,168.0,<=24h,10,12.5,10-15,24,8,0.3333333333333333,0.11625,0.2170833333333333,0.17971978688379642,0.5329404050591954
Weather,7d,168.0,<=24h,15,17.5,15-20,12,3,0.25,0.17,0.07999999999999999,0.08894003962896138,0.53231033912066
Weather,7d,168.0,<=24h,20,22.5,20-25,21,5,0.23809523809523808,0.22095238095238096,0.017142857142857126,0.10627856389112261,0.45091581972345923
Weather,7d,168.0,<=24h,25,27.5,25-30,16,5,0.3125,0.27375,0.03875000000000001,0.14164435051961052,0.5559606813326594
Weather,7d,168.0,<=24h,30,32.5,30-35,7,4,0.5714285714285714,0.32285714285714284,0.24857142857142855,0.2504542304090258,0.8417830777373732
Weather,7d,168.0,<=24h,35,37.5,35-40,10,7,0.7,0.369,0.33099999999999996,0.39677321997956516,0.892210712513788
Weather,7d,168.0,<=24h,40,42.5,40-45,8,3,0.375,0.42,-0.044999999999999984,0.13684175946152105,0.6942621454161981
Weather,7d,168.0,<=24h,45,47.5,45-50,3,2,0.6666666666666666,0.46,0.2066666666666666,0.2076549551264879,0.9385096847238394
Weather,7d,168.0,<=24h,50,52.5,50-55,3,3,1.0,0.5166666666666666,0.4833333333333334,0.43849391955098227,1.0
Weather,7d,168.0,<=24h,55,57.5,55-60,10,6,0.6,0.5670000000000001,0.03299999999999992,0.3126695474501864,0.8318224187964902
Weather,7d,168.0,<=24h,60,62.5,60-65,6,6,1.0,0.6216666666666666,0.3783333333333334,0.6096569663469354,0.9999999999999999
Weather,7d,168.0,<=24h,65,67.5,65-70,9,6,0.6666666666666666,0.6655555555555556,0.0011111111111110628,0.35419734749908977,0.879418401317257
Weather,7d,168.0,<=24h,70,72.5,70-75,8,3,0.375,0.715,-0.33999999999999997,0.13684175946152105,0.6942621454161981
Weather,7d,168.0,<=24h,75,77.5,75-80,12,8,0.6666666666666666,0.7675,-0.10083333333333333,0.3906175873976139,0.8618821601026385
Weather,7d,168.0,<=24h,80,82.5,80-85,12,10,0.8333333333333334,0.8225,0.010833333333333361,0.5519636426153274,0.9530358523851776
Weather,7d,168.0,<=24h,85,87.5,85-90,8,8,1.0,0.87125,0.12875000000000003,0.6755843804891231,1.0
Weather,7d,168.0,<=24h,90,92.5,90-95,14,14,1.0,0.927142857142857,0.07285714285714295,0.7846829880728186,1.0
Weather,7d,168.0,<=24h,95,97.5,95-100,53,52,0.9811320754716981,0.9837735849056604,-0.0026415094339622414,0.9005685649885059,0.9966616326132506
Weather,3d,72.0,all,0,2.5,0-5,333,0,0.0,0.016426426426426426,-0.016426426426426426,0.0,0.01140476710715066
Weather,3d,72.0,all,5,7.5,5-10,88,3,0.03409090909090909,0.06443181818181819,-0.0303409090909091,0.011660785880160493,0.09549762599419709
Weather,3d,72.0,all,10,12.5,10-15,30,6,0.2,0.11833333333333335,0.08166666666666667,0.09504978102401235,0.37306047381027446
Weather,3d,72.0,all,15,17.5,15-20,16,4,0.25,0.163125,0.08687500000000001,0.10181901984237346,0.49498768929398645
Weather,3d,72.0,all,20,22.5,20-25,10,3,0.3,0.213,0.087,0.10778928748621183,0.6032267800204347
Weather,3d,72.0,all,25,27.5,25-30,11,6,0.5454545454545454,0.26272727272727275,0.28272727272727266,0.28008775568998817,0.7872904245601196
Weather,3d,72.0,all,30,32.5,30-35,7,4,0.5714285714285714,0.31857142857142856,0.25285714285714284,0.2504542304090258,0.8417830777373732
Weather,3d,72.0,all,35,37.5,35-40,2,1,0.5,0.39,0.10999999999999999,0.09452865480086614,0.9054713451991339
Weather,3d,72.0,all,40,42.5,40-45,4,3,0.75,0.4175,0.3325,0.3006360524426366,0.9544139373553637
Weather,3d,72.0,all,45,47.5,45-50,12,8,0.6666666666666666,0.4658333333333334,0.20083333333333325,0.3906175873976139,0.8618821601026385
Weather,3d,72.0,all,50,52.5,50-55,5,3,0.6,0.506,0.09399999999999997,0.23071993220883708,0.8823817688407467
Weather,3d,72.0,all,55,57.5,55-60,5,4,0.8,0.568,0.2320000000000001,0.3755282641185388,0.9637768390302125
Weather,3d,72.0,all,60,62.5,60-65,7,6,0.8571428571428571,0.6128571428571429,0.24428571428571422,0.48686549668097007,0.9743210440510253
Weather,3d,72.0,all,65,67.5,65-70,5,5,1.0,0.674,0.32599999999999996,0.5655085052479191,1.0
Weather,3d,72.0,all,70,72.5,70-75,8,6,0.75,0.7225,0.02749999999999997,0.40926987910258916,0.9285223111419724
Weather,3d,72.0,all,75,77.5,75-80,6,5,0.8333333333333334,0.785,0.04833333333333334,0.43649056343635395,0.9699474141282697
Weather,3d,72.0,all,80,82.5,80-85,11,11,1.0,0.8236363636363636,0.1763636363636364,0.7411599827511859,1.0
Weather,3d,72.0,all,85,87.5,85-90,12,10,0.8333333333333334,0.8683333333333333,-0.03499999999999992,0.5519636426153274,0.9530358523851776
Weather,3d,72.0,all,90,92.5,90-95,25,25,1.0,0.92,0.07999999999999996,0.8668035060468213,1.0
Weather,3d,72.0,all,95,97.5,95-100,224,224,1.0,0.9858928571428571,0.014107142857142874,0.983139163348572,1.0
Weather,3d,72.0,<=1h,0,2.5,0-5,14,0,0.0,0.020714285714285716,-0.020714285714285716,0.0,0.21531701192718142
Weather,3d,72.0,<=1h,5,7.5,5-10,11,0,0.0,0.06454545454545454,-0.06454545454545454,2.7755575615628914e-17,0.2588400172488141
Weather,3d,72.0,<=1h,10,12.5,10-15,7,2,0.2857142857142857,0.11142857142857142,0.17428571428571427,0.0822171657090155,0.6410709098517873
Weather,3d,72.0,<=1h,15,17.5,15-20,4,0,0.0,0.1625,-0.1625,0.0,0.48990002040399916
Weather,3d,72.0,<=1h,20,22.5,20-25,3,0,0.0,0.21666666666666667,-0.21666666666666667,0.0,0.5615060804490177
Weather,3d,72.0,<=1h,25,27.5,25-30,3,2,0.6666666666666666,0.2533333333333333,0.41333333333333333,0.2076549551264879,0.9385096847238394
Weather,3d,72.0,<=1h,30,32.5,30-35,3,2,0.6666666666666666,0.32666666666666666,0.33999999999999997,0.2076549551264879,0.9385096847238394
Weather,3d,72.0,<=1h,35,37.5,35-40,2,1,0.5,0.39,0.10999999999999999,0.09452865480086614,0.9054713451991339
Weather,3d,72.0,<=1h,40,42.5,40-45,2,2,1.0,0.435,0.565,0.34237195288961925,1.0
Weather,3d,72.0,<=1h,45,47.5,45-50,8,6,0.75,0.46,0.29,0.40926987910258916,0.9285223111419724
Weather,3d,72.0,<=1h,50,52.5,50-55,2,1,0.5,0.51,-0.010000000000000009,0.09452865480086614,0.9054713451991339
Weather,3d,72.0,<=1h,55,57.5,55-60,1,1,1.0,0.57,0.43000000000000005,0.20654329147389294,1.0
Weather,3d,72.0,<=1h,60,62.5,60-65,1,1,1.0,0.63,0.37,0.20654329147389294,1.0
Weather,3d,72.0,<=1h,65,67.5,65-70,2,2,1.0,0.66,0.33999999999999997,0.34237195288961925,1.0
Weather,3d,72.0,<=1h,70,72.5,70-75,4,4,1.0,0.725,0.275,0.5100999795960008,1.0
Weather,3d,72.0,<=1h,75,77.5,75-80,2,2,1.0,0.79,0.20999999999999996,0.34237195288961925,1.0
Weather,3d,72.0,<=1h,80,82.5,80-85,4,4,1.0,0.825,0.17500000000000004,0.5100999795960008,1.0
Weather,3d,72.0,<=1h,85,87.5,85-90,6,5,0.8333333333333334,0.8633333333333333,-0.029999999999999916,0.43649056343635395,0.9699474141282697
Weather,3d,72.0,<=1h,90,92.5,90-95,6,6,1.0,0.9216666666666667,0.07833333333333325,0.6096569663469354,0.9999999999999999
Weather,3d,72.0,<=1h,95,97.5,95-100,14,14,1.0,0.9807142857142856,0.01928571428571435,0.7846829880728186,1.0
Weather,3d,72.0,<=6h,0,2.5,0-5,48,0,0.0,0.022083333333333333,-0.022083333333333333,0.0,0.0741026511527422
Weather,3d,72.0,<=6h,5,7.5,5-10,31,0,0.0,0.06612903225806452,-0.06612903225806452,0.0,0.11025900073475385
Weather,3d,72.0,<=6h,10,12.5,10-15,13,5,0.38461538461538464,0.1123076923076923,0.27230769230769236,0.17709446581236818,0.6447751902773146
Weather,3d,72.0,<=6h,15,17.5,15-20,8,2,0.25,0.165,0.08499999999999999,0.07147768885802763,0.5907301208974108
Weather,3d,72.0,<=6h,20,22.5,20-25,6,1,0.16666666666666666,0.215,-0.04833333333333334,0.03005258587173032,0.563509436563646
Weather,3d,72.0,<=6h,25,27.5,25-30,5,3,0.6,0.254,0.346,0.23071993220883708,0.8823817688407467
Weather,3d,72.0,<=6h,30,32.5,30-35,5,3,0.6,0.324,0.27599999999999997,0.23071993220883708,0.8823817688407467
Weather,3d,72.0,<=6h,35,37.5,35-40,2,1,0.5,0.39,0.10999999999999999,0.09452865480086614,0.9054713451991339
Weather,3d,72.0,<=6h,40,42.5,40-45,2,2,1.0,0.435,0.565,0.34237195288961925,1.0
Weather,3d,72.0,<=6h,45,47.5,45-50,11,8,0.7272727272727273,0.4636363636363637,0.2636363636363636,0.4343497069897537,0.9025411942607853
Weather,3d,72.0,<=6h,50,52.5,50-55,3,2,0.6666666666666666,0.5066666666666666,0.16000000000000003,0.2076549551264879,0.9385096847238394
Weather,3d,72.0,<=6h,55,57.5,55-60,3,3,1.0,0.57,0.43000000000000005,0.43849391955098227,1.0
Weather,3d,72.0,<=6h,60,62.5,60-65,2,2,1.0,0.62,0.38,0.34237195288961925,1.0
Weather,3d,72.0,<=6h,65,67.5,65-70,4,4,1.0,0.67,0.32999999999999996,0.5100999795960008,1.0
Weather,3d,72.0,<=6h,70,72.5,70-75,7,5,0.7142857142857143,0.7257142857142856,-0.011428571428571344,0.35892909014821267,0.9177828342909844
Weather,3d,72.0,<=6h,75,77.5,75-80,4,3,0.75,0.785,-0.03500000000000003,0.3006360524426366,0.9544139373553637
Weather,3d,72.0,<=6h,80,82.5,80-85,7,7,1.0,0.8242857142857143,0.1757142857142857,0.6456611570247934,1.0
Weather,3d,72.0,<=6h,85,87.5,85-90,8,6,0.75,0.86625,-0.11624999999999996,0.40926987910258916,0.9285223111419724
Weather,3d,72.0,<=6h,90,92.5,90-95,12,12,1.0,0.9158333333333333,0.08416666666666672,0.7574992425007574,1.0
Weather,3d,72.0,<=6h,95,97.5,95-100,41,41,1.0,0.9829268292682927,0.017073170731707332,0.9143295511310926,1.0
Weather,3d,72.0,<=24h,0,2.5,0-5,115,0,0.0,0.019217391304347825,-0.019217391304347825,0.0,0.03232538101136302
Weather,3d,72.0,<=24h,5,7.5,5-10,41,1,0.024390243902439025,0.06463414634146342,-0.04024390243902439,0.00431842027071648,0.12595347011678087
Weather,3d,72.0,<=24h,10,12.5,10-15,17,6,0.35294117647058826,0.11470588235294117,0.2382352941176471,0.17309486143904904,0.5870003327878818
Weather,3d,72.0,<=24h,15,17.5,15-20,10,3,0.3,0.163,0.13699999999999998,0.10778928748621183,0.6032267800204347
Weather,3d,72.0,<=24h,20,22.5,20-25,7,2,0.2857142857142857,0.21714285714285717,0.06857142857142853,0.0822171657090155,0.6410709098517873
Weather,3d,72.0,<=24h,25,27.5,25-30,8,6,0.75,0.25375,0.49625,0.40926987910258916,0.9285223111419724
Weather,3d,72.0,<=24h,30,32.5,30-35,7,4,0.5714285714285714,0.31857142857142856,0.25285714285714284,0.2504542304090258,0.8417830777373732
Weather,3d,72.0,<=24h,35,37.5,35-40,2,1,0.5,0.39,0.10999999999999999,0.09452865480086614,0.9054713451991339
Weather,3d,72.0,<=24h,40,42.5,40-45,4,3,0.75,0.4175,0.3325,0.3006360524426366,0.9544139373553637
Weather,3d,72.0,<=24h,45,47.5,45-50,12,8,0.6666666666666666,0.4658333333333334,0.20083333333333325,0.3906175873976139,0.8618821601026385
Weather,3d,72.0,<=24h,50,52.5,50-55,4,2,0.5,0.5075,-0.007499999999999951,0.15003570882017148,0.8499642911798285
Weather,3d,72.0,<=24h,55,57.5,55-60,4,4,1.0,0.5675,0.4325,0.5100999795960008,1.0
Weather,3d,72.0,<=24h,60,62.5,60-65,3,3,1.0,0.62,0.38,0.43849391955098227,1.0
Weather,3d,72.0,<=24h,65,67.5,65-70,5,5,1.0,0.674,0.32599999999999996,0.5655085052479191,1.0
Weather,3d,72.0,<=24h,70,72.5,70-75,8,6,0.75,0.7225,0.02749999999999997,0.40926987910258916,0.9285223111419724
Weather,3d,72.0,<=24h,75,77.5,75-80,6,5,0.8333333333333334,0.785,0.04833333333333334,0.43649056343635395,0.9699474141282697
Weather,3d,72.0,<=24h,80,82.5,80-85,8,8,1.0,0.825,0.17500000000000004,0.6755843804891231,1.0
Weather,3d,72.0,<=24h,85,87.5,85-90,11,9,0.8181818181818182,0.8663636363636364,-0.048181818181818215,0.5230138624217553,0.9486333993289995
Weather,3d,72.0,<=24h,90,92.5,90-95,19,19,1.0,0.9178947368421052,0.08210526315789479,0.8318156346315496,1.0
Weather,3d,72.0,<=24h,95,97.5,95-100,86,86,1.0,0.9845348837209302,0.015465116279069768,0.9572402984808819,1.0
Weather,1d,24.0,all,0,2.5,0-5,5416,95,0.017540620384047266,0.021809453471196453,-0.004268833087149187,0.014370935989333318,0.02139424209262391
Weather,1d,24.0,all,5,7.5,5-10,3835,184,0.047979139504563235,0.06734028683181226,-0.01936114732724902,0.04165545538407969,0.055207514945303016
Weather,1d,24.0,all,10,12.5,10-15,2797,272,0.0972470504111548,0.11864855202002145,-0.02140150160886664,0.08681233576692707,0.10878658707112276
Weather,1d,24.0,all,15,17.5,15-20,2379,359,0.15090374106767548,0.1689029003783102,-0.017999159310634727,0.1370828830006235,0.1658502200642214
Weather,1d,24.0,all,20,22.5,20-25,2097,419,0.19980925131139723,0.21933237958989033,-0.01952312827849309,0.18325063647355738,0.2174657240554801
Weather,1d,24.0,all,25,27.5,25-30,2001,462,0.23088455772113944,0.26877561219390306,-0.03789105447276361,0.2129467207855436,0.24985373187864696
Weather,1d,24.0,all,30,32.5,30-35,2234,702,0.3142345568487019,0.3197851387645479,-0.005550581915846009,0.2953174036628783,0.33378950006078123
Weather,1d,24.0,all,35,37.5,35-40,2159,773,0.35803612783696154,0.3693700787401575,-0.011333950903195944,0.3380815416347979,0.3784950213460509
Weather,1d,24.0,all,40,42.5,40-45,1658,707,0.4264173703256936,0.41924607961399274,0.007171290711700862,0.40280878412608695,0.4503661514393725
Weather,1d,24.0,all,45,47.5,45-50,1195,552,0.4619246861924686,0.46810041841004185,-0.0061757322175732265,0.4338247893110923,0.4902686021761566
Weather,1d,24.0,all,50,52.5,50-55,893,442,0.49496080627099664,0.5176147816349385,-0.022653975363941814,0.46225990933703853,0.5277048737417124
Weather,1d,24.0,all,55,57.5,55-60,516,301,0.5833333333333334,0.5684496124031008,0.014883720930232602,0.5403318226644511,0.6251031867691919
Weather,1d,24.0,all,60,62.5,60-65,344,215,0.625,0.6163372093023256,0.008662790697674394,0.5727238237213749,0.674515149420423
Weather,1d,24.0,all,65,67.5,65-70,247,166,0.6720647773279352,0.6704048582995951,0.0016599190283401732,0.6112726089641858,0.7275866552089019
Weather,1d,24.0,all,70,72.5,70-75,131,93,0.7099236641221374,0.7165648854961831,-0.006641221374045769,0.6271138627153618,0.780772130924583
Weather,1d,24.0,all,75,77.5,75-80,133,95,0.7142857142857143,0.7707518796992481,-0.056466165413533775,0.6323395003303363,0.7842004992019698
Weather,1d,24.0,all,80,82.5,80-85,102,90,0.8823529411764706,0.8168627450980392,0.06549019607843132,0.8055441009473682,0.9314062097055321
Weather,1d,24.0,all,85,87.5,85-90,109,97,0.8899082568807339,0.8702752293577981,0.01963302752293583,0.8173757042606518,0.9358925939556089
Weather,1d,24.0,all,90,92.5,90-95,97,87,0.8969072164948454,0.9201030927835052,-0.023195876288659822,0.820540642581251,0.9430331206275834
Weather,1d,24.0,all,95,97.5,95-100,380,373,0.9815789473684211,0.9827894736842105,-0.0012105263157894397,0.9624693946533314,0.9910489316562716
Weather,1d,24.0,<=1h,0,2.5,0-5,2075,36,0.017349397590361446,0.02303132530120482,-0.0056819277108433736,0.012557992128297649,0.023924633580173847
Weather,1d,24.0,<=1h,5,7.5,5-10,1613,88,0.05455672659640422,0.06833230006199628,-0.013775573465592064,0.04449419557638102,0.06673599543305367
Weather,1d,24.0,<=1h,10,12.5,10-15,1304,129,0.09892638036809816,0.11862730061349692,-0.019700920245398768,0.08388030009513922,0.11632865487310767
Weather,1d,24.0,<=1h,15,17.5,15-20,1267,199,0.15706393054459353,0.16966061562746645,-0.012596685082872927,0.13806840481394497,0.1781327645528746
Weather,1d,24.0,<=1h,20,22.5,20-25,1091,221,0.20256645279560037,0.22052245646196153,-0.01795600366636116,0.17977985809722968,0.2274403279095863
Weather,1d,24.0,<=1h,25,27.5,25-30,1065,249,0.23380281690140844,0.26854460093896715,-0.034741784037558704,0.20936721640234537,0.26015193404988246
Weather,1d,24.0,<=1h,30,32.5,30-35,1214,388,0.31960461285008235,0.32021416803953867,-0.0006095551894563234,0.2939767309808534,0.34637058512330987
Weather,1d,24.0,<=1h,35,37.5,35-40,1255,461,0.3673306772908366,0.3691553784860558,-0.0018247011952191583,0.34110146360143895,0.39436962346781573
Weather,1d,24.0,<=1h,40,42.5,40-45,1018,425,0.4174852652259332,0.4192730844793713,-0.0017878192534380721,0.38755691379108326,0.4480340427720475
Weather,1d,24.0,<=1h,45,47.5,45-50,720,347,0.48194444444444445,0.4674444444444445,0.014499999999999957,0.4456385027480687,0.5184420364196165
Weather,1d,24.0,<=1h,50,52.5,50-55,543,277,0.5101289134438306,0.5170718232044199,-0.006942909760589311,0.46815845415212015,0.5519570601028305
Weather,1d,24.0,<=1h,55,57.5,55-60,313,193,0.6166134185303515,0.5680511182108626,0.04856230031948883,0.5616431274081047,0.66875591110199
Weather,1d,24.0,<=1h,60,62.5,60-65,190,110,0.5789473684210527,0.6156842105263158,-0.03673684210526318,0.5078594799384406,0.6469060605853685
Weather,1d,24.0,<=1h,65,67.5,65-70,126,88,0.6984126984126984,0.6696825396825397,0.028730158730158717,0.6133816732313696,0.7717029221525443
Weather,1d,24.0,<=1h,70,72.5,70-75,63,44,0.6984126984126984,0.7165079365079364,-0.018095238095238053,0.5763939457458815,0.7976246295126401
Weather,1d,24.0,<=1h,75,77.5,75-80,61,46,0.7540983606557377,0.7704918032786885,-0.016393442622950838,0.6331533709421812,0.8449347700043716
Weather,1d,24.0,<=1h,80,82.5,80-85,44,42,0.9545454545454546,0.8177272727272726,0.13681818181818195,0.8486472847469684,0.9874451536330189
Weather,1d,24.0,<=1h,85,87.5,85-90,45,38,0.8444444444444444,0.872,-0.027555555555555555,0.712158094887512,0.9225467468867133
Weather,1d,24.0,<=1h,90,92.5,90-95,48,45,0.9375,0.9204166666666667,0.01708333333333334,0.8316430233725778,0.9785171568687727
Weather,1d,24.0,<=1h,95,97.5,95-100,53,51,0.9622641509433962,0.9771698113207548,-0.01490566037735852,0.8724547684904087,0.9895899311661807
Weather,1d,24.0,<=6h,0,2.5,0-5,4446,83,0.01866846603688709,0.022485380116959063,-0.0038169140800719745,0.0150854426010812,0.023082567693936937
Weather,1d,24.0,<=6h,5,7.5,5-10,3234,170,0.05256648113790971,0.06758503401360544,-0.015018552875695729,0.0453920344224051,0.06080266021614671
Weather,1d,24.0,<=6h,10,12.5,10-15,2466,245,0.09935117599351176,0.11869829683698298,-0.01934712084347122,0.08816051373047623,0.11178817933550822
Weather,1d,24.0,<=6h,15,17.5,15-20,2171,337,0.15522800552740673,0.16910179640718564,-0.013873790879778913,0.14060544176084808,0.17106856704972465
Weather,1d,24.0,<=6h,20,22.5,20-25,1924,394,0.2047817047817048,0.21952182952182953,-0.014740124740124733,0.1873464231833001,0.22339354632456818
Weather,1d,24.0,<=6h,25,27.5,25-30,1863,426,0.2286634460547504,0.26872249060654857,-0.04005904455179818,0.21016240942878286,0.24828119928445766
Weather,1d,24.0,<=6h,30,32.5,30-35,2074,650,0.313404050144648,0.320053037608486,-0.006648987463838019,0.29380019291725773,0.3336978800831096
Weather,1d,24.0,<=6h,35,37.5,35-40,2053,740,0.3604481246955675,0.3693180711154408,-0.00886994641987332,0.33995728323154756,0.38146025324768357
Weather,1d,24.0,<=6h,40,42.5,40-45,1591,681,0.42803268384663734,0.4193966059082338,0.008636077938403541,0.4039213536741377,0.4524907188476726
Weather,1d,24.0,<=6h,45,47.5,45-50,1147,529,0.46120313862249346,0.467951176983435,-0.006748038360941566,0.4325313953001473,0.49013389590934675
Weather,1d,24.0,<=6h,50,52.5,50-55,839,420,0.5005959475566151,0.5174255065554231,-0.016829558998808003,0.46683709067428597,0.534349371882854
Weather,1d,24.0,<=6h,55,57.5,55-60,499,289,0.5791583166332666,0.5684769539078156,0.010681362725450949,0.5353975688147585,0.6217095599510398
Weather,1d,24.0,<=6h,60,62.5,60-65,325,203,0.6246153846153846,0.6162153846153846,0.008399999999999963,0.5708025449181651,0.6755166555722838
Weather,1d,24.0,<=6h,65,67.5,65-70,233,155,0.6652360515021459,0.6705150214592274,-0.005278969957081436,0.6023948118615613,0.7227169928213998
Weather,1d,24.0,<=6h,70,72.5,70-75,125,89,0.712,0.71648,-0.0044800000000000395,0.6272314795312537,0.7841263427870038
Weather,1d,24.0,<=6h,75,77.5,75-80,127,90,0.7086614173228346,0.7703149606299213,-0.06165354330708672,0.6244366123001341,0.7806333348726304
Weather,1d,24.0,<=6h,80,82.5,80-85,91,81,0.8901098901098901,0.8167032967032967,0.07340659340659339,0.8094107161611684,0.9392059246378058
Weather,1d,24.0,<=6h,85,87.5,85-90,98,87,0.8877551020408163,0.8693877551020408,0.01836734693877551,0.8100989745372887,0.9361579577968459
Weather,1d,24.0,<=6h,90,92.5,90-95,82,73,0.8902439024390244,0.9203658536585365,-0.03012195121951211,0.8043857417083992,0.94117352093349
Weather,1d,24.0,<=6h,95,97.5,95-100,134,128,0.9552238805970149,0.9776119402985074,-0.02238805970149249,0.9057540887888655,0.9793197931161617
Weather,1d,24.0,<=24h,0,2.5,0-5,5155,95,0.01842870999030068,0.02217070805043647,-0.0037419980601357886,0.015099652063983138,0.022474984846752796
Weather,1d,24.0,<=24h,5,7.5,5-10,3800,184,0.04842105263157895,0.06738157894736842,-0.01896052631578947,0.042040315236714976,0.05571391301506082
Weather,1d,24.0,<=24h,10,12.5,10-15,2787,271,0.09723717258701112,0.11864729099390026,-0.02141011840688914,0.08678523126840655,0.10879792185644295
Weather,1d,24.0,<=24h,15,17.5,15-20,2374,359,0.15122156697556866,0.1689090143218197,-0.01768744734625105,0.13737382308260646,0.16619627174625004
Weather,1d,24.0,<=24h,20,22.5,20-25,2096,419,0.19990458015267176,0.2193416030534351,-0.01943702290076335,0.18333892190088424,0.21756827033685405
Weather,1d,24.0,<=24h,25,27.5,25-30,1998,462,0.23123123123123124,0.2687487487487487,-0.037517517517517474,0.21327000138306146,0.2502240133281924
Weather,1d,24.0,<=24h,30,32.5,30-35,2234,702,0.3142345568487019,0.3197851387645479,-0.005550581915846009,0.2953174036628783,0.33378950006078123
Weather,1d,24.0,<=24h,35,37.5,35-40,2158,773,0.35820203892493047,0.3693651529193698,-0.011163113994439311,0.33824053500901846,0.3786674937753291
Weather,1d,24.0,<=24h,40,42.5,40-45,1657,707,0.4266747133373567,0.4192576946288473,0.00741701870850936,0.40305664251602924,0.4506319934140919
Weather,1d,24.0,<=24h,45,47.5,45-50,1194,552,0.4623115577889447,0.4680820770519263,-0.005770519262981555,0.4341970846083458,0.49066777231430575
Weather,1d,24.0,<=24h,50,52.5,50-55,891,440,0.49382716049382713,0.5176543209876543,-0.02382716049382716,0.4610954603761981,0.5266118612324532
Weather,1d,24.0,<=24h,55,57.5,55-60,514,300,0.5836575875486382,0.5684630350194553,0.015194552529182892,0.540574198445249,0.6254997515811684
Weather,1d,24.0,<=24h,60,62.5,60-65,342,214,0.6257309941520468,0.6164035087719298,0.009327485380116962,0.5733113788058976,0.6753573759072428
Weather,1d,24.0,<=24h,65,67.5,65-70,246,165,0.6707317073170732,0.6703658536585365,0.0003658536585366967,0.6097736467622762,0.7264393778100929
Weather,1d,24.0,<=24h,70,72.5,70-75,130,92,0.7076923076923077,0.7163846153846154,-0.008692307692307666,0.6244453872876856,0.7790166155574687
Weather,1d,24.0,<=24h,75,77.5,75-80,133,95,0.7142857142857143,0.7707518796992481,-0.056466165413533775,0.6323395003303363,0.7842004992019698
Weather,1d,24.0,<=24h,80,82.5,80-85,102,90,0.8823529411764706,0.8168627450980392,0.06549019607843132,0.8055441009473682,0.9314062097055321
Weather,1d,24.0,<=24h,85,87.5,85-90,108,96,0.8888888888888888,0.8700925925925925,0.01879629629629631,0.8157742465799382,0.9352879699834871
Weather,1d,24.0,<=24h,90,92.5,90-95,92,82,0.8913043478260869,0.9195652173913044,-0.02826086956521745,0.8113604211480862,0.9398791241015757
Weather,1d,24.0,<=24h,95,97.5,95-100,214,207,0.9672897196261683,0.979766355140187,-0.012476635514018675,0.9340315746253155,0.9840667133049973
Weather,6h,6.0,all,0,2.5,0-5,19789,54,0.0027287887210066196,0.012943049168730103,-0.010214260447723483,0.0020921592566005417,0.003558449294725408
Weather,6h,6.0,all,5,7.5,5-10,1556,57,0.036632390745501286,0.06519280205655527,-0.028560411311053982,0.028381233634322916,0.04716592448737354
Weather,6h,6.0,all,10,12.5,10-15,687,51,0.07423580786026202,0.11483260553129548,-0.04059679767103347,0.05691156802494105,0.09629518732968728
Weather,6h,6.0,all,15,17.5,15-20,484,56,0.11570247933884298,0.16481404958677687,-0.04911157024793389,0.09018295080375488,0.14727445340285647
Weather,6h,6.0,all,20,22.5,20-25,361,60,0.16620498614958448,0.2162049861495845,-0.05000000000000002,0.13135901516687543,0.20808034701112177
Weather,6h,6.0,all,25,27.5,25-30,259,63,0.24324324324324326,0.26613899613899616,-0.022895752895752908,0.19499137259474217,0.2990004460519257
Weather,6h,6.0,all,30,32.5,30-35,256,87,0.33984375,0.318671875,0.021171875000000007,0.28457056639746137,0.399852559075904
Weather,6h,6.0,all,35,37.5,35-40,210,80,0.38095238095238093,0.3686666666666667,0.012285714285714233,0.31796694732111846,0.4482151238942111
Weather,6h,6.0,all,40,42.5,40-45,188,84,0.44680851063829785,0.4175,0.02930851063829787,0.37751251550919307,0.5182348093671633
Weather,6h,6.0,all,45,47.5,45-50,185,97,0.5243243243243243,0.47005405405405404,0.05427027027027026,0.45259781480851113,0.5950611755834364
Weather,6h,6.0,all,50,52.5,50-55,287,178,0.6202090592334495,0.5120557491289198,0.10815331010452967,0.5628198764501818,0.6744226638191607
Weather,6h,6.0,all,55,57.5,55-60,165,90,0.5454545454545454,0.5702424242424242,-0.024787878787878803,0.4693055432797876,0.6195351215800574
Weather,6h,6.0,all,60,62.5,60-65,134,83,0.6194029850746269,0.6154477611940298,0.003955223880597103,0.534950966709163,0.6971995596921556
Weather,6h,6.0,all,65,67.5,65-70,145,106,0.7310344827586207,0.6696551724137931,0.061379310344827576,0.6535844482693316,0.7965585225130303
Weather,6h,6.0,all,70,72.5,70-75,102,73,0.7156862745098039,0.7170588235294117,-0.001372549019607816,0.6215633803531885,0.7941521795022938
Weather,6h,6.0,all,75,77.5,75-80,132,107,0.8106060606060606,0.7646212121212121,0.045984848484848406,0.7353479749669571,0.868296269506017
Weather,6h,6.0,all,80,82.5,80-85,138,107,0.7753623188405797,0.8163043478260871,-0.04094202898550736,0.6988179784559733,0.8369909802698167
Weather,6h,6.0,all,85,87.5,85-90,191,162,0.8481675392670157,0.8707329842931937,-0.022565445026177966,0.7904481346345557,0.8921576333328599
Weather,6h,6.0,all,90,92.5,90-95,299,282,0.9431438127090301,0.9207692307692308,0.022374581939799354,0.9108424209243308,0.9642024870407574
Weather,6h,6.0,all,95,97.5,95-100,4882,4829,0.9891437935272429,0.9852662843097092,0.0038775092175337145,0.9858281221048699,0.9916902649013726
Weather,6h,6.0,<=1h,0,2.5,0-5,5224,20,0.0038284839203675345,0.01274502297090352,-0.008916539050535986,0.0024797670585367934,0.005906408987807073
Weather,6h,6.0,<=1h,5,7.5,5-10,322,23,0.07142857142857142,0.06580745341614906,0.005621118012422363,0.04806469293065581,0.10489797359197357
Weather,6h,6.0,<=1h,10,12.5,10-15,174,15,0.08620689655172414,0.11683908045977011,-0.030632183908045965,0.052937053496014394,0.13735363214783947
Weather,6h,6.0,<=1h,15,17.5,15-20,109,17,0.1559633027522936,0.16440366972477066,-0.008440366972477076,0.09971462165945087,0.23563687991443671
Weather,6h,6.0,<=1h,20,22.5,20-25,87,15,0.1724137931034483,0.2174712643678161,-0.04505747126436782,0.10736198165891472,0.26517218770842366
Weather,6h,6.0,<=1h,25,27.5,25-30,63,20,0.31746031746031744,0.26571428571428574,0.051746031746031707,0.21586527168091207,0.44003763908124804
Weather,6h,6.0,<=1h,30,32.5,30-35,55,15,0.2727272727272727,0.3170909090909091,-0.04436363636363638,0.17280602508013648,0.40232449482414895
Weather,6h,6.0,<=1h,35,37.5,35-40,52,19,0.36538461538461536,0.36596153846153845,-0.000576923076923086,0.2480051371130184,0.5012857141519882
Weather,6h,6.0,<=1h,40,42.5,40-45,32,19,0.59375,0.4190625,0.1746875,0.4225972657298823,0.744805975196862
Weather,6h,6.0,<=1h,45,47.5,45-50,41,23,0.5609756097560976,0.47024390243902436,0.09073170731707325,0.41040265151757305,0.7011009522789017
Weather,6h,6.0,<=1h,50,52.5,50-55,75,46,0.6133333333333333,0.5089333333333333,0.10439999999999994,0.5001726873212743,0.7154495222736602
Weather,6h,6.0,<=1h,55,57.5,55-60,34,16,0.47058823529411764,0.5697058823529412,-0.09911764705882353,0.31451251633111366,0.6326355957994516
Weather,6h,6.0,<=1h,60,62.5,60-65,32,22,0.6875,0.6146875,0.07281249999999995,0.514330003019676,0.8204764788338126
Weather,6h,6.0,<=1h,65,67.5,65-70,51,35,0.6862745098039216,0.6711764705882354,0.015098039215686199,0.5497274248374967,0.7967249033221485
Weather,6h,6.0,<=1h,70,72.5,70-75,52,31,0.5961538461538461,0.7188461538461539,-0.12269230769230777,0.4606733176249609,0.7184046457571771
Weather,6h,6.0,<=1h,75,77.5,75-80,62,49,0.7903225806451613,0.7662903225806451,0.024032258064516143,0.6736054886034556,0.8731612971368666
Weather,6h,6.0,<=1h,80,82.5,80-85,73,58,0.7945205479452054,0.8172602739726027,-0.022739726027397267,0.6882613165474036,0.871331404062266
Weather,6h,6.0,<=1h,85,87.5,85-90,98,82,0.8367346938775511,0.8704081632653061,-0.03367346938775506,0.751132386961264,0.8969328437499582
Weather,6h,6.0,<=1h,90,92.5,90-95,197,186,0.9441624365482234,0.9219289340101523,0.022233502538071104,0.902794620963685,0.9685388079673731
Weather,6h,6.0,<=1h,95,97.5,95-100,2981,2958,0.9922844682992285,0.9853069439785307,0.006977524320697759,0.9884485392182876,0.9948532212503416
Weather,6h,6.0,<=6h,0,2.5,0-5,16108,49,0.00304196672460889,0.012485100571144775,-0.009443133846535884,0.0023018894523944154,0.004019026711528148
Weather,6h,6.0,<=6h,5,7.5,5-10,953,48,0.05036726128016789,0.06484784889821615,-0.014480587618048262,0.03819779207448643,0.0661471695158123
Weather,6h,6.0,<=6h,10,12.5,10-15,410,40,0.0975609756097561,0.11407317073170732,-0.01651219512195122,0.07246553015370547,0.13012792589324584
Weather,6h,6.0,<=6h,15,17.5,15-20,288,37,0.1284722222222222,0.1643402777777778,-0.035868055555555584,0.09466166340469323,0.1720638479685997
Weather,6h,6.0,<=6h,20,22.5,20-25,249,39,0.1566265060240964,0.2153413654618474,-0.05871485943775101,0.11674123740344727,0.20694600393658535
Weather,6h,6.0,<=6h,25,27.5,25-30,159,43,0.27044025157232704,0.2645911949685535,0.00584905660377355,0.20741683639366337,0.3442947655557157
Weather,6h,6.0,<=6h,30,32.5,30-35,167,59,0.3532934131736527,0.3179640718562874,0.035329341317365315,0.2848392908040316,0.4283453199699251
Weather,6h,6.0,<=6h,35,37.5,35-40,124,48,0.3870967741935484,0.3675806451612903,0.01951612903225808,0.3059857259817207,0.4749932354830919
Weather,6h,6.0,<=6h,40,42.5,40-45,116,54,0.46551724137931033,0.41775862068965514,0.047758620689655196,0.37730845831344373,0.5559367587063557
Weather,6h,6.0,<=6h,45,47.5,45-50,124,68,0.5483870967741935,0.47,0.07838709677419353,0.4606534174133777,0.6332127419588452
Weather,6h,6.0,<=6h,50,52.5,50-55,210,139,0.6619047619047619,0.5090476190476191,0.1528571428571428,0.5955239679595139,0.7224684151876379
Weather,6h,6.0,<=6h,55,57.5,55-60,100,53,0.53,0.5710000000000001,-0.041000000000000036,0.4328868313724773,0.6248934801789626
Weather,6h,6.0,<=6h,60,62.5,60-65,84,50,0.5952380952380952,0.6144047619047619,-0.019166666666666665,0.4883404055387379,0.6938056391599015
Weather,6h,6.0,<=6h,65,67.5,65-70,118,91,0.7711864406779662,0.6697457627118644,0.10144067796610179,0.6875579079746161,0.837714248661541
Weather,6h,6.0,<=6h,70,72.5,70-75,89,61,0.6853932584269663,0.7162921348314607,-0.030898876404494402,0.5829530796367399,0.7724910316237295
Weather,6h,6.0,<=6h,75,77.5,75-80,118,97,0.8220338983050848,0.7646610169491526,0.057372881355932215,0.7432095996681496,0.880551086337287
Weather,6h,6.0,<=6h,80,82.5,80-85,127,99,0.7795275590551181,0.8165354330708661,-0.03700787401574801,0.6998123036792052,0.8428285689484605
Weather,6h,6.0,<=6h,85,87.5,85-90,178,150,0.8426966292134831,0.870505617977528,-0.027808988764044917,0.7820445515306904,0.8888690347993902
Weather,6h,6.0,<=6h,90,92.5,90-95,281,265,0.9430604982206405,0.9204982206405694,0.02256227758007112,0.9095185329758799,0.9646515320707987
Weather,6h,6.0,<=6h,95,97.5,95-100,4478,4430,0.9892809289861545,0.9852456453774007,0.004035283608753826,0.9858176595806466,0.9919054263936548
Weather,6h,6.0,<=24h,0,2.5,0-5,19400,54,0.002783505154639175,0.01289381443298969,-0.010110309278350514,0.002134122135907147,0.0036297674229521654
Weather,6h,6.0,<=24h,5,7.5,5-10,1426,56,0.03927068723702665,0.06505610098176719,-0.02578541374474054,0.030364647093857652,0.050652438994559415
Weather,6h,6.0,<=24h,10,12.5,10-15,634,50,0.07886435331230283,0.1147634069400631,-0.03589905362776026,0.06033043475467613,0.10247111346670044
Weather,6h,6.0,<=24h,15,17.5,15-20,458,55,0.12008733624454149,0.16465065502183407,-0.04456331877729258,0.09343269745180091,0.1530622046964681
Weather,6h,6.0,<=24h,20,22.5,20-25,348,57,0.16379310344827586,0.21617816091954023,-0.052385057471264374,0.12861899853055755,0.20630899179236042
Weather,6h,6.0,<=24h,25,27.5,25-30,249,63,0.25301204819277107,0.2660240963855422,-0.01301204819277113,0.2030465014510806,0.3104829177584165
Weather,6h,6.0,<=24h,30,32.5,30-35,247,84,0.340080971659919,0.31858299595141704,0.021497975708501982,0.2838526322514805,0.40120758104647325
Weather,6h,6.0,<=24h,35,37.5,35-40,204,78,0.38235294117647056,0.3685294117647059,0.013823529411764679,0.318423508480034,0.4506313871712696
Weather,6h,6.0,<=24h,40,42.5,40-45,184,83,0.45108695652173914,0.4177173913043478,0.03336956521739132,0.38091925177759234,0.5232553293588545
Weather,6h,6.0,<=24h,45,47.5,45-50,181,95,0.5248618784530387,0.4697790055248619,0.05508287292817676,0.45235058104835835,0.5963397570573494
Weather,6h,6.0,<=24h,50,52.5,50-55,279,175,0.6272401433691757,0.5120071684587814,0.1152329749103943,0.5691325994422507,0.6818912952040814
Weather,6h,6.0,<=24h,55,57.5,55-60,163,89,0.5460122699386503,0.5701840490797546,-0.024171779141104355,0.46939666121906576,0.6205089738263904
Weather,6h,6.0,<=24h,60,62.5,60-65,132,82,0.6212121212121212,0.6156060606060606,0.005606060606060614,0.536137141742131,0.699431343905859
Weather,6h,6.0,<=24h,65,67.5,65-70,145,106,0.7310344827586207,0.6696551724137931,0.061379310344827576,0.6535844482693316,0.7965585225130303
Weather,6h,6.0,<=24h,70,72.5,70-75,101,72,0.7128712871287128,0.7168316831683168,-0.003960396039603964,0.6181176819094275,0.792024856930117
Weather,6h,6.0,<=24h,75,77.5,75-80,132,107,0.8106060606060606,0.7646212121212121,0.045984848484848406,0.7353479749669571,0.868296269506017
Weather,6h,6.0,<=24h,80,82.5,80-85,138,107,0.7753623188405797,0.8163043478260871,-0.04094202898550736,0.6988179784559733,0.8369909802698167
Weather,6h,6.0,<=24h,85,87.5,85-90,190,161,0.8473684210526315,0.8706315789473684,-0.023263157894736874,0.7893902685667747,0.8915781097379852
Weather,6h,6.0,<=24h,90,92.5,90-95,294,278,0.9455782312925171,0.9207482993197279,0.024829931972789154,0.9134347452327347,0.9662274644787363
Weather,6h,6.0,<=24h,95,97.5,95-100,4707,4655,0.9889526237518589,0.9852517527087317,0.0037008710431272185,0.9855425167765347,0.991565267955603
Weather,1h,1.0,all,0,2.5,0-5,20976,33,0.0015732265446224256,0.012400362318840579,-0.010827135774218153,0.001120481562521486,0.002208504486639152
Weather,1h,1.0,all,5,7.5,5-10,1172,22,0.01877133105802048,0.06496587030716723,-0.04619453924914675,0.012428467873880824,0.02825864508419108
Weather,1h,1.0,all,10,12.5,10-15,493,31,0.06288032454361055,0.11440162271805274,-0.05152129817444219,0.0446489388903223,0.08787136536761424
Weather,1h,1.0,all,15,17.5,15-20,362,39,0.10773480662983426,0.1653038674033149,-0.057569060773480646,0.07981670653854464,0.14389104020212126
Weather,1h,1.0,all,20,22.5,20-25,250,39,0.156,0.21748,-0.06148000000000001,0.11626512943648533,0.20614695747125555
Weather,1h,1.0,all,25,27.5,25-30,171,35,0.2046783625730994,0.2657894736842105,-0.061111111111111116,0.15101066718447043,0.2713236056659267
Weather,1h,1.0,all,30,32.5,30-35,179,66,0.3687150837988827,0.31837988826815644,0.05033519553072624,0.3014869468885105,0.4414599535980308
Weather,1h,1.0,all,35,37.5,35-40,132,45,0.3409090909090909,0.36962121212121213,-0.028712121212121244,0.26556786183987086,0.4252485007471421
Weather,1h,1.0,all,40,42.5,40-45,132,54,0.4090909090909091,0.4178030303030303,-0.008712121212121171,0.32894005673952187,0.4943835790244856
Weather,1h,1.0,all,45,47.5,45-50,125,61,0.488,0.47048,0.01751999999999998,0.4020447124457442,0.5746708825173733
Weather,1h,1.0,all,50,52.5,50-55,205,130,0.6341463414634146,0.5124878048780488,0.12165853658536585,0.5663046627118604,0.6970528292820719
Weather,1h,1.0,all,55,57.5,55-60,105,56,0.5333333333333333,0.57,-0.036666666666666625,0.43842316135757814,0.625890483425299
Weather,1h,1.0,all,60,62.5,60-65,85,53,0.6235294117647059,0.618,0.005529411764705894,0.5172971118468916,0.7190786400531193
Weather,1h,1.0,all,65,67.5,65-70,93,73,0.7849462365591398,0.6701075268817205,0.11483870967741927,0.6910345980717026,0.8562508660263709
Weather,1h,1.0,all,70,72.5,70-75,44,34,0.7727272727272727,0.7147727272727273,0.05795454545454537,0.6300735713298432,0.8715818916981491
Weather,1h,1.0,all,75,77.5,75-80,72,55,0.7638888888888888,0.765,-0.0011111111111111738,0.6540101280256627,0.8470341537405446
Weather,1h,1.0,all,80,82.5,80-85,63,51,0.8095238095238095,0.8150793650793651,-0.005555555555555536,0.6959297958482789,0.8875391815550149
Weather,1h,1.0,all,85,87.5,85-90,78,69,0.8846153846153846,0.867051282051282,0.01756410256410257,0.7950279031382532,0.9380955939585778
Weather,1h,1.0,all,90,92.5,90-95,163,158,0.9693251533742331,0.9193251533742332,0.04999999999999993,0.9302094732086588,0.9868280042549953
Weather,1h,1.0,all,95,97.5,95-100,5650,5612,0.9932743362831858,0.9868230088495575,0.006451327433628307,0.9907824464781118,0.9950958986102968
Weather,1h,1.0,<=1h,0,2.5,0-5,2025,6,0.002962962962962963,0.011748148148148148,-0.008785185185185186,0.0013586197108105304,0.0064495798056031705
Weather,1h,1.0,<=1h,5,7.5,5-10,87,5,0.05747126436781609,0.06563218390804598,-0.008160919540229891,0.024795272156794536,0.1275754478657502
Weather,1h,1.0,<=1h,10,12.5,10-15,47,5,0.10638297872340426,0.1148936170212766,-0.008510638297872339,0.046304099555199416,0.22594539692012788
Weather,1h,1.0,<=1h,15,17.5,15-20,37,8,0.21621621621621623,0.1681081081081081,0.048108108108108116,0.11386376851955585,0.37195461273876906
Weather,1h,1.0,<=1h,20,22.5,20-25,18,4,0.2222222222222222,0.22444444444444442,-0.0022222222222222088,0.09000781913382,0.4521502645230549
Weather,1h,1.0,<=1h,25,27.5,25-30,9,1,0.1111111111111111,0.2633333333333333,-0.1522222222222222,0.019890371327130535,0.4350062147680601
Weather,1h,1.0,<=1h,30,32.5,30-35,13,5,0.38461538461538464,0.32,0.06461538461538463,0.17709446581236818,0.6447751902773146
Weather,1h,1.0,<=1h,35,37.5,35-40,6,3,0.5,0.37,0.13,0.18761280689940868,0.8123871931005913
Weather,1h,1.0,<=1h,40,42.5,40-45,9,5,0.5555555555555556,0.4277777777777778,0.12777777777777777,0.2666473457440297,0.811224570528086
Weather,1h,1.0,<=1h,45,47.5,45-50,5,0,0.0,0.47200000000000003,-0.47200000000000003,0.0,0.43449149475208104
Weather,1h,1.0,<=1h,50,52.5,50-55,10,6,0.6,0.511,0.08899999999999997,0.3126695474501864,0.8318224187964902
Weather,1h,1.0,<=1h,55,57.5,55-60,2,1,0.5,0.575,-0.07499999999999996,0.09452865480086614,0.9054713451991339
Weather,1h,1.0,<=1h,60,62.5,60-65,8,3,0.375,0.62375,-0.24875000000000003,0.13684175946152105,0.6942621454161981
Weather,1h,1.0,<=1h,65,67.5,65-70,9,7,0.7777777777777778,0.6811111111111111,0.09666666666666668,0.4525833436728054,0.9367762376877727
Weather,1h,1.0,<=1h,70,72.5,70-75,6,5,0.8333333333333334,0.72,0.1133333333333334,0.43649056343635395,0.9699474141282697
Weather,1h,1.0,<=1h,75,77.5,75-80,5,3,0.6,0.772,-0.17200000000000004,0.23071993220883708,0.8823817688407467
Weather,1h,1.0,<=1h,80,82.5,80-85,10,7,0.7,0.815,-0.11499999999999999,0.39677321997956516,0.892210712513788
Weather,1h,1.0,<=1h,85,87.5,85-90,22,17,0.7727272727272727,0.8681818181818182,-0.09545454545454546,0.5655964393704065,0.8987710920517964
Weather,1h,1.0,<=1h,90,92.5,90-95,44,43,0.9772727272727273,0.9181818181818181,0.059090909090909194,0.8819202086846235,0.9959768516143629
Weather,1h,1.0,<=1h,95,97.5,95-100,1438,1432,0.9958275382475661,0.9879276773296245,0.007899860917941592,0.9909265511593923,0.9980863889583018
Weather,1h,1.0,<=6h,0,2.5,0-5,10329,17,0.0016458514861070772,0.011622615935714977,-0.0099767644496079,0.0010278730097685671,0.002634391589351969
Weather,1h,1.0,<=6h,5,7.5,5-10,278,7,0.025179856115107913,0.06510791366906475,-0.03992805755395684,0.012249382617960818,0.05105426027932616
Weather,1h,1.0,<=6h,10,12.5,10-15,119,14,0.11764705882352941,0.11420168067226891,0.003445378151260503,0.07138672488935097,0.18782188196695834
Weather,1h,1.0,<=6h,15,17.5,15-20,84,15,0.17857142857142858,0.16666666666666669,0.01190476190476189,0.1113109090339025,0.2739461901081896
Weather,1h,1.0,<=6h,20,22.5,20-25,53,10,0.18867924528301888,0.22075471698113208,-0.0320754716981132,0.10585211943149554,0.31358716447325025
Weather,1h,1.0,<=6h,25,27.5,25-30,32,5,0.15625,0.2621875,-0.10593750000000002,0.06864319106627216,0.31754492553566527
Weather,1h,1.0,<=6h,30,32.5,30-35,39,16,0.41025641025641024,0.31641025641025644,0.0938461538461538,0.27079089435400483,0.5658165152665509
Weather,1h,1.0,<=6h,35,37.5,35-40,18,8,0.4444444444444444,0.36833333333333335,0.07611111111111107,0.24559231101389126,0.6628393057174837
Weather,1h,1.0,<=6h,40,42.5,40-45,24,10,0.4166666666666667,0.41833333333333333,-0.0016666666666666496,0.24467347246538232,0.6116566235061137
Weather,1h,1.0,<=6h,45,47.5,45-50,25,6,0.24,0.47240000000000004,-0.23240000000000005,0.11496157730326725,0.43430059955238565
Weather,1h,1.0,<=6h,50,52.5,50-55,50,39,0.78,0.5075999999999999,0.2724000000000001,0.6475818431054045,0.8724621377569771
Weather,1h,1.0,<=6h,55,57.5,55-60,17,8,0.47058823529411764,0.5688235294117647,-0.09823529411764709,0.26164801196088106,0.6903710268845051
Weather,1h,1.0,<=6h,60,62.5,60-65,26,19,0.7307692307692307,0.6192307692307693,0.11153846153846148,0.5391659658023868,0.8629572447493261
Weather,1h,1.0,<=6h,65,67.5,65-70,32,25,0.78125,0.673125,0.10812500000000003,0.6124466920955516,0.8897630306846815
Weather,1h,1.0,<=6h,70,72.5,70-75,21,14,0.6666666666666666,0.7147619047619048,-0.04809523809523819,0.45373075657210293,0.8280546356731631
Weather,1h,1.0,<=6h,75,77.5,75-80,37,27,0.7297297297297297,0.7656756756756756,-0.03594594594594591,0.5702152452607867,0.8460270175300932
Weather,1h,1.0,<=6h,80,82.5,80-85,35,30,0.8571428571428571,0.8142857142857143,0.042857142857142816,0.7062411969132573,0.9373986119514649
Weather,1h,1.0,<=6h,85,87.5,85-90,46,38,0.8260869565217391,0.866304347826087,-0.04021739130434787,0.6927636765607748,0.9091431643111074
Weather,1h,1.0,<=6h,90,92.5,90-95,112,108,0.9642857142857143,0.9191071428571429,0.0451785714285714,0.9117520412990205,0.9860256137057446
Weather,1h,1.0,<=6h,95,97.5,95-100,4537,4516,0.9953713907868635,0.9871456909852325,0.008225699801631015,0.9929340438542124,0.9969705588520349
Weather,1h,1.0,<=24h,0,2.5,0-5,20403,31,0.0015193844042542762,0.012306523550458266,-0.01078713914620399,0.001070640741691193,0.002155806608201502
Weather,1h,1.0,<=24h,5,7.5,5-10,987,20,0.020263424518743668,0.06467071935157041,-0.044407294832826745,0.013155077051273886,0.031091753118149764
Weather,1h,1.0,<=24h,10,12.5,10-15,408,30,0.07352941176470588,0.11399509803921569,-0.040465686274509804,0.05198757276815934,0.10302736501374517
Weather,1h,1.0,<=24h,15,17.5,15-20,312,36,0.11538461538461539,0.16477564102564102,-0.04939102564102563,0.084518653901997,0.1556067760603639
Weather,1h,1.0,<=24h,20,22.5,20-25,222,36,0.16216216216216217,0.2172972972972973,-0.05513513513513513,0.11949273548961543,0.21632493494842608
Weather,1h,1.0,<=24h,25,27.5,25-30,147,32,0.21768707482993196,0.2659183673469388,-0.048231292517006835,0.15862862420913557,0.2911252898304928
Weather,1h,1.0,<=24h,30,32.5,30-35,168,63,0.375,0.31839285714285714,0.056607142857142856,0.3053556839150858,0.45023318397255035
Weather,1h,1.0,<=24h,35,37.5,35-40,114,40,0.3508771929824561,0.36929824561403507,-0.01842105263157895,0.26943318141852846,0.44204392004648896
Weather,1h,1.0,<=24h,40,42.5,40-45,123,49,0.3983739837398374,0.41731707317073174,-0.018943089430894344,0.3161974081257675,0.4867063710760086
Weather,1h,1.0,<=24h,45,47.5,45-50,115,58,0.5043478260869565,0.47043478260869565,0.03391304347826085,0.4143142670969196,0.5941002948073295
Weather,1h,1.0,<=24h,50,52.5,50-55,190,124,0.6526315789473685,0.5117894736842105,0.140842105263158,0.5825096170085168,0.7167037613375143
Weather,1h,1.0,<=24h,55,57.5,55-60,99,53,0.5353535353535354,0.5697979797979797,-0.03444444444444439,0.43762913941060466,0.6304367016498222
Weather,1h,1.0,<=24h,60,62.5,60-65,82,52,0.6341463414634146,0.6185365853658537,0.01560975609756099,0.5260706597602314,0.7302153367729181
Weather,1h,1.0,<=24h,65,67.5,65-70,90,72,0.8,0.6697777777777777,0.13022222222222235,0.7058607285729566,0.8695770303740351
Weather,1h,1.0,<=24h,70,72.5,70-75,43,33,0.7674418604651163,0.714186046511628,0.05325581395348833,0.622551917005606,0.8684646153075517
Weather,1h,1.0,<=24h,75,77.5,75-80,70,53,0.7571428571428571,0.7654285714285715,-0.00828571428571434,0.6450473904731996,0.8424826738807688
Weather,1h,1.0,<=24h,80,82.5,80-85,62,50,0.8064516129032258,0.8153225806451613,-0.00887096774193552,0.6914796824829172,0.885663035798534
Weather,1h,1.0,<=24h,85,87.5,85-90,77,68,0.8831168831168831,0.8667532467532467,0.016363636363636358,0.7925471803683823,0.9372750893541368
Weather,1h,1.0,<=24h,90,92.5,90-95,159,154,0.9685534591194969,0.919119496855346,0.049433962264150866,0.9285047939596817,0.9864948130203531
Weather,1h,1.0,<=24h,95,97.5,95-100,5466,5430,0.9934138309549945,0.9868679107208196,0.0065459202341748846,0.9908958330442751,0.9952387563010544
Crypto,30d,720.0,all,0,2.5,0-5,23,0,0.0,0.02260869565217391,-0.02260869565217391,0.0,0.14312112541726274
Crypto,30d,720.0,all,5,7.5,5-10,11,0,0.0,0.06818181818181818,-0.06818181818181818,2.7755575615628914e-17,0.2588400172488141
Crypto,30d,720.0,all,10,12.5,10-15,10,4,0.4,0.11699999999999999,0.28300000000000003,0.16817758120350967,0.6873304525498135
Crypto,30d,720.0,all,15,17.5,15-20,4,0,0.0,0.16,-0.16,0.0,0.48990002040399916
Crypto,30d,720.0,all,20,22.5,20-25,7,3,0.42857142857142855,0.22428571428571428,0.20428571428571426,0.15821692226262685,0.7495457695909742
Crypto,30d,720.0,all,25,27.5,25-30,4,3,0.75,0.2625,0.4875,0.3006360524426366,0.9544139373553637
Crypto,30d,720.0,all,30,32.5,30-35,5,2,0.4,0.32,0.08000000000000002,0.1176182311592533,0.769280067791163
Crypto,30d,720.0,all,35,37.5,35-40,4,3,0.75,0.3625,0.3875,0.3006360524426366,0.9544139373553637
Crypto,30d,720.0,all,40,42.5,40-45,1,1,1.0,0.44,0.56,0.20654329147389294,1.0
Crypto,30d,720.0,all,45,47.5,45-50,2,2,1.0,0.49,0.51,0.34237195288961925,1.0
Crypto,30d,720.0,all,50,52.5,50-55,3,3,1.0,0.5133333333333333,0.4866666666666667,0.43849391955098227,1.0
Crypto,30d,720.0,all,60,62.5,60-65,4,3,0.75,0.6125,0.13749999999999996,0.3006360524426366,0.9544139373553637
Crypto,30d,720.0,all,65,67.5,65-70,3,3,1.0,0.6733333333333333,0.32666666666666666,0.43849391955098227,1.0
Crypto,30d,720.0,all,70,72.5,70-75,3,3,1.0,0.71,0.29000000000000004,0.43849391955098227,1.0
Crypto,30d,720.0,all,75,77.5,75-80,6,6,1.0,0.7716666666666667,0.22833333333333328,0.6096569663469354,0.9999999999999999
Crypto,30d,720.0,all,80,82.5,80-85,8,8,1.0,0.8175,0.1825,0.6755843804891231,1.0
Crypto,30d,720.0,all,85,87.5,85-90,2,2,1.0,0.88,0.12,0.34237195288961925,1.0
Crypto,30d,720.0,all,90,92.5,90-95,2,2,1.0,0.935,0.06499999999999995,0.34237195288961925,1.0
Crypto,30d,720.0,all,95,97.5,95-100,1,1,1.0,0.97,0.030000000000000027,0.20654329147389294,1.0
Crypto,30d,720.0,<=1h,0,2.5,0-5,2,0,0.0,0.04,-0.04,0.0,0.6576280471103807
Crypto,30d,720.0,<=1h,5,7.5,5-10,2,0,0.0,0.065,-0.065,0.0,0.6576280471103807
Crypto,30d,720.0,<=1h,10,12.5,10-15,2,1,0.5,0.12,0.38,0.09452865480086614,0.9054713451991339
Crypto,30d,720.0,<=1h,20,22.5,20-25,2,1,0.5,0.225,0.275,0.09452865480086614,0.9054713451991339
Crypto,30d,720.0,<=1h,25,27.5,25-30,1,1,1.0,0.26,0.74,0.20654329147389294,1.0
Crypto,30d,720.0,<=1h,30,32.5,30-35,2,2,1.0,0.32,0.6799999999999999,0.34237195288961925,1.0
Crypto,30d,720.0,<=1h,35,37.5,35-40,3,3,1.0,0.36,0.64,0.43849391955098227,1.0
Crypto,30d,720.0,<=1h,40,42.5,40-45,1,1,1.0,0.44,0.56,0.20654329147389294,1.0
Crypto,30d,720.0,<=1h,45,47.5,45-50,1,1,1.0,0.49,0.51,0.20654329147389294,1.0
Crypto,30d,720.0,<=1h,50,52.5,50-55,1,1,1.0,0.5,0.5,0.20654329147389294,1.0
Crypto,30d,720.0,<=1h,60,62.5,60-65,1,1,1.0,0.61,0.39,0.20654329147389294,1.0
Crypto,30d,720.0,<=1h,65,67.5,65-70,1,1,1.0,0.66,0.33999999999999997,0.20654329147389294,1.0
Crypto,30d,720.0,<=1h,70,72.5,70-75,1,1,1.0,0.71,0.29000000000000004,0.20654329147389294,1.0
Crypto,30d,720.0,<=1h,75,77.5,75-80,1,1,1.0,0.76,0.24,0.20654329147389294,1.0
Crypto,30d,720.0,<=1h,80,82.5,80-85,1,1,1.0,0.81,0.18999999999999995,0.20654329147389294,1.0
Crypto,30d,720.0,<=1h,85,87.5,85-90,1,1,1.0,0.88,0.12,0.20654329147389294,1.0
Crypto,30d,720.0,<=6h,0,2.5,0-5,7,0,0.0,0.02857142857142857,-0.02857142857142857,0.0,0.35433884297520657
Crypto,30d,720.0,<=6h,5,7.5,5-10,4,0,0.0,0.0725,-0.0725,0.0,0.48990002040399916
Crypto,30d,720.0,<=6h,10,12.5,10-15,4,1,0.25,0.125,0.125,0.045586062644636216,0.6993639475573634
Crypto,30d,720.0,<=6h,20,22.5,20-25,3,1,0.3333333333333333,0.23,0.1033333333333333,0.0614903152761605,0.7923450448735121
Crypto,30d,720.0,<=6h,25,27.5,25-30,1,1,1.0,0.26,0.74,0.20654329147389294,1.0
Crypto,30d,720.0,<=6h,30,32.5,30-35,4,2,0.5,0.3225,0.1775,0.15003570882017148,0.8499642911798285
Crypto,30d,720.0,<=6h,35,37.5,35-40,3,3,1.0,0.36,0.64,0.43849391955098227,1.0
Crypto,30d,720.0,<=6h,40,42.5,40-45,1,1,1.0,0.44,0.56,0.20654329147389294,1.0
Crypto,30d,720.0,<=6h,45,47.5,45-50,1,1,1.0,0.49,0.51,0.20654329147389294,1.0
Crypto,30d,720.0,<=6h,50,52.5,50-55,1,1,1.0,0.5,0.5,0.20654329147389294,1.0
Crypto,30d,720.0,<=6h,60,62.5,60-65,1,1,1.0,0.61,0.39,0.20654329147389294,1.0
Crypto,30d,720.0,<=6h,65,67.5,65-70,2,2,1.0,0.665,0.33499999999999996,0.34237195288961925,1.0
Crypto,30d,720.0,<=6h,70,72.5,70-75,2,2,1.0,0.715,0.28500000000000003,0.34237195288961925,1.0
Crypto,30d,720.0,<=6h,75,77.5,75-80,2,2,1.0,0.755,0.245,0.34237195288961925,1.0
Crypto,30d,720.0,<=6h,80,82.5,80-85,7,7,1.0,0.8142857142857143,0.18571428571428572,0.6456611570247934,1.0
Crypto,30d,720.0,<=6h,85,87.5,85-90,1,1,1.0,0.88,0.12,0.20654329147389294,1.0
Crypto,30d,720.0,<=24h,0,2.5,0-5,15,0,0.0,0.021333333333333333,-0.021333333333333333,0.0,0.20388926630434784
Crypto,30d,720.0,<=24h,5,7.5,5-10,9,0,0.0,0.07,-0.07,0.0,0.2991527535509594
Crypto,30d,720.0,<=24h,10,12.5,10-15,5,2,0.4,0.124,0.276,0.1176182311592533,0.769280067791163
Crypto,30d,720.0,<=24h,15,17.5,15-20,1,0,0.0,0.16,-0.16,0.0,0.7934567085261071
Crypto,30d,720.0,<=24h,20,22.5,20-25,7,3,0.42857142857142855,0.22428571428571428,0.20428571428571426,0.15821692226262685,0.7495457695909742
Crypto,30d,720.0,<=24h,25,27.5,25-30,4,3,0.75,0.2625,0.4875,0.3006360524426366,0.9544139373553637
Crypto,30d,720.0,<=24h,30,32.5,30-35,5,2,0.4,0.32,0.08000000000000002,0.1176182311592533,0.769280067791163
Crypto,30d,720.0,<=24h,35,37.5,35-40,3,3,1.0,0.36,0.64,0.43849391955098227,1.0
Crypto,30d,720.0,<=24h,40,42.5,40-45,1,1,1.0,0.44,0.56,0.20654329147389294,1.0
Crypto,30d,720.0,<=24h,45,47.5,45-50,1,1,1.0,0.49,0.51,0.20654329147389294,1.0
Crypto,30d,720.0,<=24h,50,52.5,50-55,3,3,1.0,0.5133333333333333,0.4866666666666667,0.43849391955098227,1.0
Crypto,30d,720.0,<=24h,60,62.5,60-65,3,2,0.6666666666666666,0.6166666666666667,0.04999999999999993,0.2076549551264879,0.9385096847238394
Crypto,30d,720.0,<=24h,65,67.5,65-70,2,2,1.0,0.665,0.33499999999999996,0.34237195288961925,1.0
Crypto,30d,720.0,<=24h,70,72.5,70-75,3,3,1.0,0.71,0.29000000000000004,0.43849391955098227,1.0
Crypto,30d,720.0,<=24h,75,77.5,75-80,3,3,1.0,0.7533333333333333,0.2466666666666667,0.43849391955098227,1.0
Crypto,30d,720.0,<=24h,80,82.5,80-85,8,8,1.0,0.8175,0.1825,0.6755843804891231,1.0
Crypto,30d,720.0,<=24h,85,87.5,85-90,2,2,1.0,0.88,0.12,0.34237195288961925,1.0
Crypto,7d,168.0,all,0,2.5,0-5,75,1,0.013333333333333334,0.022533333333333336,-0.009200000000000002,0.002357490433136912,0.07173537424743781
Crypto,7d,168.0,all,5,7.5,5-10,20,2,0.1,0.064,0.036000000000000004,0.027865893984153206,0.30103820641179335
Crypto,7d,168.0,all,10,12.5,10-15,12,2,0.16666666666666666,0.11416666666666667,0.05249999999999999,0.04696414761482223,0.44803635738467273
Crypto,7d,168.0,all,15,17.5,15-20,8,3,0.375,0.17375,0.20125,0.13684175946152105,0.6942621454161981
Crypto,7d,168.0,all,20,22.5,20-25,7,3,0.42857142857142855,0.21428571428571427,0.21428571428571427,0.15821692226262685,0.7495457695909742
Crypto,7d,168.0,all,25,27.5,25-30,1,0,0.0,0.27,-0.27,0.0,0.7934567085261071
Crypto,7d,168.0,all,30,32.5,30-35,4,2,0.5,0.3175,0.1825,0.15003570882017148,0.8499642911798285
Crypto,7d,168.0,all,35,37.5,35-40,6,6,1.0,0.36833333333333335,0.6316666666666666,0.6096569663469354,0.9999999999999999
Crypto,7d,168.0,all,40,42.5,40-45,10,5,0.5,0.42100000000000004,0.07899999999999996,0.23658959361548731,0.7634104063845126
Crypto,7d,168.0,all,45,47.5,45-50,14,11,0.7857142857142857,0.47357142857142853,0.31214285714285717,0.5241027622679172,0.9242875166308363
Crypto,7d,168.0,all,50,52.5,50-55,18,13,0.7222222222222222,0.5133333333333333,0.2088888888888889,0.49126922453805477,0.8750043085364452
Crypto,7d,168.0,all,55,57.5,55-60,7,7,1.0,0.5742857142857143,0.4257142857142857,0.6456611570247934,1.0
Crypto,7d,168.0,all,60,62.5,60-65,7,5,0.7142857142857143,0.6171428571428571,0.0971428571428572,0.35892909014821267,0.9177828342909844
Crypto,7d,168.0,all,65,67.5,65-70,8,7,0.875,0.66875,0.20625000000000004,0.5291051942301386,0.9775830911367038
Crypto,7d,168.0,all,70,72.5,70-75,10,9,0.9,0.72,0.18000000000000005,0.5958436145024278,0.9821242504842788
Crypto,7d,168.0,all,75,77.5,75-80,10,10,1.0,0.768,0.23199999999999998,0.7224598312333834,1.0
Crypto,7d,168.0,all,80,82.5,80-85,7,7,1.0,0.807142857142857,0.19285714285714295,0.6456611570247934,1.0
Crypto,7d,168.0,all,85,87.5,85-90,7,5,0.7142857142857143,0.8657142857142857,-0.15142857142857136,0.35892909014821267,0.9177828342909844
Crypto,7d,168.0,all,90,92.5,90-95,8,6,0.75,0.91625,-0.16625,0.40926987910258916,0.9285223111419724
Crypto,7d,168.0,all,95,97.5,95-100,8,8,1.0,0.9775,0.022499999999999964,0.6755843804891231,1.0
Crypto,7d,168.0,<=1h,0,2.5,0-5,14,0,0.0,0.027857142857142855,-0.027857142857142855,0.0,0.21531701192718142
Crypto,7d,168.0,<=1h,5,7.5,5-10,8,1,0.125,0.06,0.065,0.02241690886329617,0.4708948057698615
Crypto,7d,168.0,<=1h,10,12.5,10-15,4,0,0.0,0.11,-0.11,0.0,0.48990002040399916
Crypto,7d,168.0,<=1h,15,17.5,15-20,4,2,0.5,0.18,0.32,0.15003570882017148,0.8499642911798285
Crypto,7d,168.0,<=1h,20,22.5,20-25,5,3,0.6,0.21600000000000003,0.38399999999999995,0.23071993220883708,0.8823817688407467
Crypto,7d,168.0,<=1h,25,27.5,25-30,1,0,0.0,0.27,-0.27,0.0,0.7934567085261071
Crypto,7d,168.0,<=1h,30,32.5,30-35,1,1,1.0,0.31,0.69,0.20654329147389294,1.0
Crypto,7d,168.0,<=1h,35,37.5,35-40,3,3,1.0,0.37,0.63,0.43849391955098227,1.0
Crypto,7d,168.0,<=1h,40,42.5,40-45,5,2,0.4,0.41600000000000004,-0.016000000000000014,0.1176182311592533,0.769280067791163
Crypto,7d,168.0,<=1h,45,47.5,45-50,10,7,0.7,0.47700000000000004,0.22299999999999992,0.39677321997956516,0.892210712513788
Crypto,7d,168.0,<=1h,50,52.5,50-55,10,8,0.8,0.516,0.28400000000000003,0.49015684672072335,0.9433190520193067
Crypto,7d,168.0,<=1h,55,57.5,55-60,4,4,1.0,0.57,0.43000000000000005,0.5100999795960008,1.0
Crypto,7d,168.0,<=1h,60,62.5,60-65,6,4,0.6666666666666666,0.6166666666666667,0.04999999999999993,0.29998832134152864,0.9032306674407831
Crypto,7d,168.0,<=1h,65,67.5,65-70,2,2,1.0,0.66,0.33999999999999997,0.34237195288961925,1.0
Crypto,7d,168.0,<=1h,70,72.5,70-75,5,4,0.8,0.716,0.08400000000000007,0.3755282641185388,0.9637768390302125
Crypto,7d,168.0,<=1h,75,77.5,75-80,3,3,1.0,0.7566666666666667,0.2433333333333333,0.43849391955098227,1.0
Crypto,7d,168.0,<=1h,80,82.5,80-85,2,2,1.0,0.815,0.18500000000000005,0.34237195288961925,1.0
Crypto,7d,168.0,<=1h,85,87.5,85-90,3,1,0.3333333333333333,0.85,-0.5166666666666666,0.0614903152761605,0.7923450448735121
Crypto,7d,168.0,<=1h,90,92.5,90-95,5,3,0.6,0.9179999999999999,-0.31799999999999995,0.23071993220883708,0.8823817688407467
Crypto,7d,168.0,<=1h,95,97.5,95-100,4,4,1.0,0.9775,0.022499999999999964,0.5100999795960008,1.0
Crypto,7d,168.0,<=6h,0,2.5,0-5,26,0,0.0,0.02653846153846154,-0.02653846153846154,0.0,0.12873304380462175
Crypto,7d,168.0,<=6h,5,7.5,5-10,15,2,0.13333333333333333,0.062,0.07133333333333333,0.0373604698913593,0.3788249920651624
Crypto,7d,168.0,<=6h,10,12.5,10-15,5,0,0.0,0.11,-0.11,0.0,0.43449149475208104
Crypto,7d,168.0,<=6h,15,17.5,15-20,7,3,0.42857142857142855,0.17428571428571427,0.2542857142857143,0.15821692226262685,0.7495457695909742
Crypto,7d,168.0,<=6h,20,22.5,20-25,6,3,0.5,0.21666666666666667,0.2833333333333333,0.18761280689940868,0.8123871931005913
Crypto,7d,168.0,<=6h,25,27.5,25-30,1,0,0.0,0.27,-0.27,0.0,0.7934567085261071
Crypto,7d,168.0,<=6h,30,32.5,30-35,2,1,0.5,0.325,0.175,0.09452865480086614,0.9054713451991339
Crypto,7d,168.0,<=6h,35,37.5,35-40,3,3,1.0,0.37,0.63,0.43849391955098227,1.0
Crypto,7d,168.0,<=6h,40,42.5,40-45,8,4,0.5,0.41625,0.08374999999999999,0.21521252682444186,0.7847874731755582
Crypto,7d,168.0,<=6h,45,47.5,45-50,13,10,0.7692307692307693,0.47384615384615386,0.2953846153846154,0.49743126004873084,0.918206209075343
Crypto,7d,168.0,<=6h,50,52.5,50-55,14,10,0.7142857142857143,0.515,0.1992857142857143,0.4535045882751561,0.882788120898909
Crypto,7d,168.0,<=6h,55,57.5,55-60,6,6,1.0,0.5716666666666667,0.42833333333333334,0.6096569663469354,0.9999999999999999
Crypto,7d,168.0,<=6h,60,62.5,60-65,7,5,0.7142857142857143,0.6171428571428571,0.0971428571428572,0.35892909014821267,0.9177828342909844
Crypto,7d,168.0,<=6h,65,67.5,65-70,5,5,1.0,0.662,0.33799999999999997,0.5655085052479191,1.0
Crypto,7d,168.0,<=6h,70,72.5,70-75,9,8,0.8888888888888888,0.72,0.16888888888888887,0.5649937852319399,0.9801096286728695
Crypto,7d,168.0,<=6h,75,77.5,75-80,5,5,1.0,0.758,0.242,0.5655085052479191,1.0
Crypto,7d,168.0,<=6h,80,82.5,80-85,5,5,1.0,0.8079999999999999,0.19200000000000006,0.5655085052479191,1.0
Crypto,7d,168.0,<=6h,85,87.5,85-90,4,2,0.5,0.85,-0.35,0.15003570882017148,0.8499642911798285
Crypto,7d,168.0,<=6h,90,92.5,90-95,5,3,0.6,0.9179999999999999,-0.31799999999999995,0.23071993220883708,0.8823817688407467
Crypto,7d,168.0,<=6h,95,97.5,95-100,5,5,1.0,0.972,0.028000000000000025,0.5655085052479191,1.0
Crypto,7d,168.0,<=24h,0,2.5,0-5,46,0,0.0,0.025434782608695652,-0.025434782608695652,0.0,0.07707617732978073
Crypto,7d,168.0,<=24h,5,7.5,5-10,15,2,0.13333333333333333,0.062,0.07133333333333333,0.0373604698913593,0.3788249920651624
Crypto,7d,168.0,<=24h,10,12.5,10-15,6,1,0.16666666666666666,0.11333333333333334,0.053333333333333316,0.03005258587173032,0.563509436563646
Crypto,7d,168.0,<=24h,15,17.5,15-20,7,3,0.42857142857142855,0.17428571428571427,0.2542857142857143,0.15821692226262685,0.7495457695909742
Crypto,7d,168.0,<=24h,20,22.5,20-25,7,3,0.42857142857142855,0.21428571428571427,0.21428571428571427,0.15821692226262685,0.7495457695909742
Crypto,7d,168.0,<=24h,25,27.5,25-30,1,0,0.0,0.27,-0.27,0.0,0.7934567085261071
Crypto,7d,168.0,<=24h,30,32.5,30-35,3,1,0.3333333333333333,0.31666666666666665,0.016666666666666663,0.0614903152761605,0.7923450448735121
Crypto,7d,168.0,<=24h,35,37.5,35-40,6,6,1.0,0.36833333333333335,0.6316666666666666,0.6096569663469354,0.9999999999999999
Crypto,7d,168.0,<=24h,40,42.5,40-45,8,4,0.5,0.41625,0.08374999999999999,0.21521252682444186,0.7847874731755582
Crypto,7d,168.0,<=24h,45,47.5,45-50,14,11,0.7857142857142857,0.47357142857142853,0.31214285714285717,0.5241027622679172,0.9242875166308363
Crypto,7d,168.0,<=24h,50,52.5,50-55,15,10,0.6666666666666666,0.514,0.15266666666666662,0.41713125151212976,0.8482389930530876
Crypto,7d,168.0,<=24h,55,57.5,55-60,7,7,1.0,0.5742857142857143,0.4257142857142857,0.6456611570247934,1.0
Crypto,7d,168.0,<=24h,60,62.5,60-65,7,5,0.7142857142857143,0.6171428571428571,0.0971428571428572,0.35892909014821267,0.9177828342909844
Crypto,7d,168.0,<=24h,65,67.5,65-70,6,6,1.0,0.665,0.33499999999999996,0.6096569663469354,0.9999999999999999
Crypto,7d,168.0,<=24h,70,72.5,70-75,9,8,0.8888888888888888,0.72,0.16888888888888887,0.5649937852319399,0.9801096286728695
Crypto,7d,168.0,<=24h,75,77.5,75-80,7,7,1.0,0.7642857142857143,0.23571428571428565,0.6456611570247934,1.0
Crypto,7d,168.0,<=24h,80,82.5,80-85,5,5,1.0,0.8079999999999999,0.19200000000000006,0.5655085052479191,1.0
Crypto,7d,168.0,<=24h,85,87.5,85-90,5,3,0.6,0.858,-0.258,0.23071993220883708,0.8823817688407467
Crypto,7d,168.0,<=24h,90,92.5,90-95,5,3,0.6,0.9179999999999999,-0.31799999999999995,0.23071993220883708,0.8823817688407467
Crypto,7d,168.0,<=24h,95,97.5,95-100,5,5,1.0,0.972,0.028000000000000025,0.5655085052479191,1.0
Crypto,3d,72.0,all,0,2.5,0-5,130,4,0.03076923076923077,0.021769230769230766,0.009000000000000005,0.01202908970364043,0.07644564460915917
Crypto,3d,72.0,all,5,7.5,5-10,99,7,0.0707070707070707,0.06373737373737373,0.006969696969696973,0.034669789128209616,0.13881642656660648
Crypto,3d,72.0,all,10,12.5,10-15,58,8,0.13793103448275862,0.11637931034482758,0.021551724137931036,0.07158401626482185,0.24926149872832187
Crypto,3d,72.0,all,15,17.5,15-20,38,6,0.15789473684210525,0.1668421052631579,-0.008947368421052648,0.07443762223722684,0.3041712263727689
Crypto,3d,72.0,all,20,22.5,20-25,59,16,0.2711864406779661,0.22118644067796608,0.05000000000000002,0.17436824992508337,0.39598005438289097
Crypto,3d,72.0,all,25,27.5,25-30,46,13,0.2826086956521739,0.266304347826087,0.016304347826086918,0.1732404154491407,0.42548835730293777
Crypto,3d,72.0,all,30,32.5,30-35,49,21,0.42857142857142855,0.31489795918367347,0.11367346938775508,0.3002310889895705,0.5672975248298444
Crypto,3d,72.0,all,35,37.5,35-40,52,22,0.4230769230769231,0.3717307692307692,0.051346153846153875,0.29867847908860445,0.558059150205685
Crypto,3d,72.0,all,40,42.5,40-45,56,26,0.4642857142857143,0.4217857142857143,0.04249999999999998,0.34019643403583766,0.5929604334275992
Crypto,3d,72.0,all,45,47.5,45-50,81,42,0.5185185185185185,0.4728395061728395,0.045679012345679004,0.4113545922111773,0.6240054198583734
Crypto,3d,72.0,all,50,52.5,50-55,111,55,0.4954954954954955,0.5167567567567568,-0.02126126126126132,0.40420129093119117,0.5870910630590006
Crypto,3d,72.0,all,55,57.5,55-60,61,42,0.6885245901639344,0.5680327868852459,0.12049180327868847,0.5640832930215206,0.7906272631646315
Crypto,3d,72.0,all,60,62.5,60-65,72,42,0.5833333333333334,0.6170833333333333,-0.03374999999999995,0.4680748922563983,0.6901496177750356
Crypto,3d,72.0,all,65,67.5,65-70,61,47,0.7704918032786885,0.6673770491803279,0.10311475409836057,0.6508635609254849,0.858068976211168
Crypto,3d,72.0,all,70,72.5,70-75,45,33,0.7333333333333333,0.7206666666666667,0.012666666666666604,0.5896088330282471,0.8403525113994538
Crypto,3d,72.0,all,75,77.5,75-80,59,45,0.7627118644067796,0.7720338983050847,-0.009322033898305104,0.6402486613269721,0.8530551374305387
Crypto,3d,72.0,all,80,82.5,80-85,58,46,0.7931034482758621,0.8194827586206896,-0.026379310344827545,0.6723053695067633,0.8774863564511679
Crypto,3d,72.0,all,85,87.5,85-90,67,58,0.8656716417910447,0.8680597014925372,-0.002388059701492473,0.7639940822527299,0.92768990004016
Crypto,3d,72.0,all,90,92.5,90-95,76,67,0.881578947368421,0.9181578947368421,-0.036578947368421044,0.7900058191184284,0.9364325288104708
Crypto,3d,72.0,all,95,97.5,95-100,47,41,0.8723404255319149,0.9697872340425532,-0.09744680851063825,0.7482578662713097,0.9401547721979753
Crypto,3d,72.0,<=1h,0,2.5,0-5,8,0,0.0,0.0275,-0.0275,0.0,0.3244156195108769
Crypto,3d,72.0,<=1h,5,7.5,5-10,15,0,0.0,0.062,-0.062,0.0,0.20388926630434784
Crypto,3d,72.0,<=1h,10,12.5,10-15,4,1,0.25,0.1125,0.1375,0.045586062644636216,0.6993639475573634
Crypto,3d,72.0,<=1h,15,17.5,15-20,11,2,0.18181818181818182,0.17181818181818184,0.009999999999999981,0.05136660067100063,0.4769861375782448
Crypto,3d,72.0,<=1h,20,22.5,20-25,10,3,0.3,0.22399999999999998,0.07600000000000001,0.10778928748621183,0.6032267800204347
Crypto,3d,72.0,<=1h,25,27.5,25-30,10,5,0.5,0.266,0.23399999999999999,0.23658959361548731,0.7634104063845126
Crypto,3d,72.0,<=1h,30,32.5,30-35,11,1,0.09090909090909091,0.3090909090909091,-0.21818181818181817,0.01623175226282597,0.3773646254862038
Crypto,3d,72.0,<=1h,35,37.5,35-40,20,11,0.55,0.3685,0.18150000000000005,0.3420820083075997,0.7418049791429071
Crypto,3d,72.0,<=1h,40,42.5,40-45,18,8,0.4444444444444444,0.4244444444444444,0.020000000000000018,0.24559231101389126,0.6628393057174837
Crypto,3d,72.0,<=1h,45,47.5,45-50,20,7,0.35,0.46649999999999997,-0.11649999999999999,0.18118954786794464,0.5671494897805354
Crypto,3d,72.0,<=1h,50,52.5,50-55,19,9,0.47368421052631576,0.5178947368421053,-0.04421052631578953,0.27329505487448547,0.6829251748817489
Crypto,3d,72.0,<=1h,55,57.5,55-60,18,13,0.7222222222222222,0.5711111111111111,0.15111111111111108,0.49126922453805477,0.8750043085364452
Crypto,3d,72.0,<=1h,60,62.5,60-65,21,15,0.7142857142857143,0.6166666666666667,0.0976190476190476,0.500432261771624,0.8618632425437179
Crypto,3d,72.0,<=1h,65,67.5,65-70,14,14,1.0,0.67,0.32999999999999996,0.7846829880728186,1.0
Crypto,3d,72.0,<=1h,70,72.5,70-75,13,11,0.8461538461538461,0.7215384615384616,0.12461538461538457,0.5776482949136899,0.9567427368172621
Crypto,3d,72.0,<=1h,75,77.5,75-80,15,13,0.8666666666666667,0.7733333333333333,0.09333333333333338,0.6211750079348376,0.9626395301086407
Crypto,3d,72.0,<=1h,80,82.5,80-85,15,14,0.9333333333333333,0.8206666666666667,0.11266666666666669,0.7018292244757601,0.9881334113938051
Crypto,3d,72.0,<=1h,85,87.5,85-90,15,13,0.8666666666666667,0.8673333333333333,-0.0006666666666665932,0.6211750079348376,0.9626395301086407
Crypto,3d,72.0,<=1h,90,92.5,90-95,12,10,0.8333333333333334,0.9158333333333333,-0.0824999999999999,0.5519636426153274,0.9530358523851776
Crypto,3d,72.0,<=1h,95,97.5,95-100,5,5,1.0,0.9540000000000001,0.04599999999999993,0.5655085052479191,1.0
Crypto,3d,72.0,<=6h,0,2.5,0-5,27,0,0.0,0.028888888888888888,-0.028888888888888888,6.938893903907228e-18,0.12455903714463581
Crypto,3d,72.0,<=6h,5,7.5,5-10,40,2,0.05,0.06525,-0.01525,0.013820377146101098,0.165041708179252
Crypto,3d,72.0,<=6h,10,12.5,10-15,28,3,0.10714285714285714,0.1175,-0.010357142857142856,0.03711769205479949,0.2719622536765708
Crypto,3d,72.0,<=6h,15,17.5,15-20,25,5,0.2,0.1664,0.03360000000000002,0.08860454100652487,0.3913133553653824
Crypto,3d,72.0,<=6h,20,22.5,20-25,26,10,0.38461538461538464,0.22346153846153846,0.16115384615384618,0.22428359511834428,0.5746547996057992
Crypto,3d,72.0,<=6h,25,27.5,25-30,25,6,0.24,0.264,-0.02400000000000002,0.11496157730326725,0.43430059955238565
Crypto,3d,72.0,<=6h,30,32.5,30-35,29,12,0.41379310344827586,0.3124137931034483,0.10137931034482756,0.2551293527964552,0.5926247152148476
Crypto,3d,72.0,<=6h,35,37.5,35-40,35,17,0.4857142857142857,0.37028571428571433,0.11542857142857138,0.32993980391252736,0.6443146037328837
Crypto,3d,72.0,<=6h,40,42.5,40-45,35,17,0.4857142857142857,0.4225714285714286,0.06314285714285711,0.32993980391252736,0.6443146037328837
Crypto,3d,72.0,<=6h,45,47.5,45-50,43,22,0.5116279069767442,0.47093023255813954,0.04069767441860467,0.36752063766074083,0.6538279072224399
Crypto,3d,72.0,<=6h,50,52.5,50-55,44,22,0.5,0.519090909090909,-0.019090909090909047,0.35831521095931473,0.6416847890406853
Crypto,3d,72.0,<=6h,55,57.5,55-60,36,26,0.7222222222222222,0.5680555555555555,0.15416666666666667,0.5600719978365485,0.841518299741862
Crypto,3d,72.0,<=6h,60,62.5,60-65,47,28,0.5957446808510638,0.6170212765957447,-0.021276595744680882,0.45341868236312644,0.7236017103861182
Crypto,3d,72.0,<=6h,65,67.5,65-70,31,25,0.8064516129032258,0.6674193548387096,0.13903225806451613,0.6371939644454013,0.9081311641365236
Crypto,3d,72.0,<=6h,70,72.5,70-75,29,22,0.7586206896551724,0.7217241379310344,0.03689655172413797,0.578920477816713,0.8778173181493787
Crypto,3d,72.0,<=6h,75,77.5,75-80,37,29,0.7837837837837838,0.7751351351351352,0.00864864864864856,0.628045387261231,0.8861362314804442
Crypto,3d,72.0,<=6h,80,82.5,80-85,32,28,0.875,0.82125,0.053749999999999964,0.7193135021517204,0.950299461555257
Crypto,3d,72.0,<=6h,85,87.5,85-90,39,33,0.8461538461538461,0.8674358974358973,-0.021282051282051184,0.7027023013426569,0.9275262615494854
Crypto,3d,72.0,<=6h,90,92.5,90-95,35,32,0.9142857142857143,0.9182857142857143,-0.0040000000000000036,0.7762040092883747,0.970418168994703
Crypto,3d,72.0,<=6h,95,97.5,95-100,13,12,0.9230769230769231,0.96,-0.036923076923076836,0.6668546607175265,0.9862899336203037
Crypto,3d,72.0,<=24h,0,2.5,0-5,66,0,0.0,0.024242424242424242,-0.024242424242424242,0.0,0.05500446725160935
Crypto,3d,72.0,<=24h,5,7.5,5-10,56,3,0.05357142857142857,0.06446428571428571,-0.010892857142857142,0.01838544792866792,0.14607539536429218
Crypto,3d,72.0,<=24h,10,12.5,10-15,39,5,0.1282051282051282,0.11794871794871796,0.010256410256410234,0.05602734948028318,0.26706049037630475
Crypto,3d,72.0,<=24h,15,17.5,15-20,31,5,0.16129032258064516,0.16677419354838707,-0.005483870967741916,0.07092519905439934,0.3263470272497887
Crypto,3d,72.0,<=24h,20,22.5,20-25,37,11,0.2972972972972973,0.2227027027027027,0.07459459459459461,0.17489302346408198,0.45783439172043583
Crypto,3d,72.0,<=24h,25,27.5,25-30,35,8,0.22857142857142856,0.26542857142857146,-0.036857142857142894,0.12065736746179101,0.39017637780102
Crypto,3d,72.0,<=24h,30,32.5,30-35,41,18,0.43902439024390244,0.3126829268292683,0.12634146341463415,0.2988990477210983,0.5895973484824271
Crypto,3d,72.0,<=24h,35,37.5,35-40,44,20,0.45454545454545453,0.3720454545454545,0.08250000000000002,0.3170500778685361,0.599340678293465
Crypto,3d,72.0,<=24h,40,42.5,40-45,46,21,0.45652173913043476,0.42173913043478256,0.034782608695652195,0.32154510421121985,0.5982006503391957
Crypto,3d,72.0,<=24h,45,47.5,45-50,63,34,0.5396825396825397,0.47301587301587306,0.0666666666666666,0.41789036921596123,0.656913345835743
Crypto,3d,72.0,<=24h,50,52.5,50-55,78,40,0.5128205128205128,0.5188461538461538,-0.006025641025641071,0.40392509465379506,0.6205123552494326
Crypto,3d,72.0,<=24h,55,57.5,55-60,46,32,0.6956521739130435,0.5673913043478261,0.12826086956521732,0.5519408125976183,0.8092032919255109
Crypto,3d,72.0,<=24h,60,62.5,60-65,61,37,0.6065573770491803,0.6175409836065574,-0.010983606557377068,0.4811702438560874,0.7193183313795637
Crypto,3d,72.0,<=24h,65,67.5,65-70,46,34,0.7391304347826086,0.6658695652173913,0.07326086956521738,0.5974057019172069,0.8439926480555066
Crypto,3d,72.0,<=24h,70,72.5,70-75,36,27,0.75,0.7205555555555556,0.029444444444444384,0.5892923231679656,0.8624967616077461
Crypto,3d,72.0,<=24h,75,77.5,75-80,49,39,0.7959183673469388,0.7726530612244897,0.023265306122449037,0.6636272988905616,0.885182729571862
Crypto,3d,72.0,<=24h,80,82.5,80-85,46,38,0.8260869565217391,0.8215217391304348,0.004565217391304333,0.6927636765607748,0.9091431643111074
Crypto,3d,72.0,<=24h,85,87.5,85-90,51,44,0.8627450980392157,0.8672549019607843,-0.004509803921568523,0.7427804765736837,0.9318898466845728
Crypto,3d,72.0,<=24h,90,92.5,90-95,52,45,0.8653846153846154,0.9175,-0.05211538461538456,0.7472642307950509,0.9332320300570737
Crypto,3d,72.0,<=24h,95,97.5,95-100,33,29,0.8787878787878788,0.9666666666666667,-0.08787878787878789,0.7267415674973484,0.9518391673241576
Crypto,1d,24.0,all,0,2.5,0-5,463,11,0.023758099352051837,0.01831533477321814,0.0054427645788336955,0.013316802875325443,0.04203730438503868
Crypto,1d,24.0,all,5,7.5,5-10,334,27,0.08083832335329341,0.06874251497005987,0.012095808383233542,0.05614917036869482,0.11506005904532643
Crypto,1d,24.0,all,10,12.5,10-15,397,71,0.17884130982367757,0.12103274559193954,0.05780856423173804,0.14427713876542825,0.21956134506459335
Crypto,1d,24.0,all,15,17.5,15-20,237,35,0.14767932489451477,0.16860759493670888,-0.020928270042194108,0.10814045697244351,0.19845773868810684
Crypto,1d,24.0,all,20,22.5,20-25,191,31,0.16230366492146597,0.21722513089005235,-0.05492146596858638,0.11676019553416514,0.22116353327939417
Crypto,1d,24.0,all,25,27.5,25-30,133,36,0.2706766917293233,0.2669924812030075,0.00368421052631579,0.20239223469569154,0.3518368886118405
Crypto,1d,24.0,all,30,32.5,30-35,101,32,0.31683168316831684,0.3188118811881188,-0.001980198019801982,0.23423391085400685,0.4128527417724314
Crypto,1d,24.0,all,35,37.5,35-40,103,34,0.3300970873786408,0.3709708737864078,-0.04087378640776701,0.24682835312636037,0.425583890793611
Crypto,1d,24.0,all,40,42.5,40-45,102,38,0.37254901960784315,0.42127450980392156,-0.048725490196078414,0.28494828732820177,0.4694016091208316
Crypto,1d,24.0,all,45,47.5,45-50,143,64,0.44755244755244755,0.4700699300699301,-0.022517482517482534,0.36848638099977826,0.5293627298788828
Crypto,1d,24.0,all,50,52.5,50-55,165,82,0.49696969696969695,0.5171515151515151,-0.02018181818181819,0.42162002971187185,0.5724572592974718
Crypto,1d,24.0,all,55,57.5,55-60,119,65,0.5462184873949579,0.5689075630252101,-0.02268907563025213,0.45671923523240976,0.6328269771256186
Crypto,1d,24.0,all,60,62.5,60-65,103,65,0.6310679611650486,0.6180582524271845,0.013009708737864112,0.5347390366684422,0.7179715180218659
Crypto,1d,24.0,all,65,67.5,65-70,108,76,0.7037037037037037,0.6703703703703704,0.033333333333333326,0.6117903377430295,0.7816232042663839
Crypto,1d,24.0,all,70,72.5,70-75,86,61,0.7093023255813954,0.721046511627907,-0.011744186046511618,0.6060296195175814,0.7946756217069737
Crypto,1d,24.0,all,75,77.5,75-80,142,113,0.795774647887324,0.7709154929577464,0.024859154929577576,0.722093207001562,0.8538741438777482
Crypto,1d,24.0,all,80,82.5,80-85,166,133,0.8012048192771084,0.8196987951807229,-0.018493975903614457,0.7339847740483268,0.8547991281287605
Crypto,1d,24.0,all,85,87.5,85-90,164,145,0.8841463414634146,0.871951219512195,0.012195121951219634,0.8261422557480823,0.9245655544729833
Crypto,1d,24.0,all,90,92.5,90-95,221,204,0.9230769230769231,0.9199095022624434,0.0031674208144797378,0.8802752029008033,0.951421422634685
Crypto,1d,24.0,all,95,97.5,95-100,195,182,0.9333333333333333,0.9698974358974358,-0.036564102564102474,0.8892932276193855,0.9606295249635752
Crypto,1d,24.0,<=1h,0,2.5,0-5,271,7,0.025830258302583026,0.017306273062730627,0.0085239852398524,0.01256718423457746,0.05234875279969975
Crypto,1d,24.0,<=1h,5,7.5,5-10,228,24,0.10526315789473684,0.07052631578947369,0.03473684210526315,0.07176163385250992,0.1518462087434694
Crypto,1d,24.0,<=1h,10,12.5,10-15,334,67,0.20059880239520958,0.12179640718562874,0.07880239520958084,0.16116600646913112,0.24684058596945554
Crypto,1d,24.0,<=1h,15,17.5,15-20,191,31,0.16230366492146597,0.16785340314136124,-0.005549738219895267,0.11676019553416514,0.22116353327939417
Crypto,1d,24.0,<=1h,20,22.5,20-25,147,27,0.1836734693877551,0.21646258503401358,-0.03278911564625847,0.12941205654415947,0.2540471483436169
Crypto,1d,24.0,<=1h,25,27.5,25-30,97,29,0.29896907216494845,0.26670103092783504,0.03226804123711341,0.21694502760133394,0.396309819604581
Crypto,1d,24.0,<=1h,30,32.5,30-35,70,21,0.3,0.31885714285714284,-0.01885714285714285,0.2053645673851015,0.4154453825618119
Crypto,1d,24.0,<=1h,35,37.5,35-40,72,29,0.4027777777777778,0.37125,0.031527777777777766,0.2972093520095331,0.5181953862871275
Crypto,1d,24.0,<=1h,40,42.5,40-45,80,30,0.375,0.42174999999999996,-0.04674999999999996,0.2769401625800477,0.484514771486096
Crypto,1d,24.0,<=1h,45,47.5,45-50,92,44,0.4782608695652174,0.47,0.008260869565217432,0.3791196487621324,0.5791448209462197
Crypto,1d,24.0,<=1h,50,52.5,50-55,101,46,0.45544554455445546,0.5197029702970297,-0.06425742574257426,0.36173444762795837,0.5524217651730671
Crypto,1d,24.0,<=1h,55,57.5,55-60,86,43,0.5,0.5680232558139535,-0.06802325581395352,0.39660790465524204,0.603392095344758
Crypto,1d,24.0,<=1h,60,62.5,60-65,66,39,0.5909090909090909,0.619090909090909,-0.028181818181818086,0.4704897153828895,0.7013276542077269
Crypto,1d,24.0,<=1h,65,67.5,65-70,69,45,0.6521739130434783,0.6705797101449275,-0.018405797101449184,0.5344765769169533,0.7538202205174798
Crypto,1d,24.0,<=1h,70,72.5,70-75,57,41,0.7192982456140351,0.7201754385964912,-0.0008771929824561431,0.5916955491727645,0.8192075171502777
Crypto,1d,24.0,<=1h,75,77.5,75-80,87,66,0.7586206896551724,0.7725287356321838,-0.013908045977011452,0.6590081932657771,0.8363595677600085
Crypto,1d,24.0,<=1h,80,82.5,80-85,99,78,0.7878787878787878,0.8212121212121213,-0.03333333333333344,0.6973847192254089,0.8568657008380672
Crypto,1d,24.0,<=1h,85,87.5,85-90,87,75,0.8620689655172413,0.8714942528735632,-0.009425287356321865,0.7742118537134604,0.9193030117226393
Crypto,1d,24.0,<=1h,90,92.5,90-95,111,101,0.9099099099099099,0.9190990990990991,-0.009189189189189206,0.8420670224942228,0.9503287643983318
Crypto,1d,24.0,<=1h,95,97.5,95-100,84,77,0.9166666666666666,0.9691666666666667,-0.0525000000000001,0.8378409753848757,0.9590479701716714
Crypto,1d,24.0,<=6h,0,2.5,0-5,316,7,0.022151898734177215,0.017626582278481014,0.004525316455696201,0.010770786513426323,0.045011825879708284
Crypto,1d,24.0,<=6h,5,7.5,5-10,256,25,0.09765625,0.069921875,0.027734375000000006,0.06702355783594618,0.14018575737763012
Crypto,1d,24.0,<=6h,10,12.5,10-15,358,69,0.19273743016759776,0.12170391061452515,0.0710335195530726,0.15522572968953888,0.23677342132018467
Crypto,1d,24.0,<=6h,15,17.5,15-20,206,32,0.1553398058252427,0.16796116504854366,-0.01262135922330096,0.11223415573675005,0.21106494224954053
Crypto,1d,24.0,<=6h,20,22.5,20-25,162,29,0.17901234567901234,0.21716049382716052,-0.03814814814814818,0.12762885071134883,0.2452667315792224
Crypto,1d,24.0,<=6h,25,27.5,25-30,109,31,0.28440366972477066,0.266605504587156,0.017798165137614674,0.2081822107099771,0.3753047302763258
Crypto,1d,24.0,<=6h,30,32.5,30-35,82,25,0.3048780487804878,0.3182926829268293,-0.013414634146341475,0.21583254094468948,0.4113878277343659
Crypto,1d,24.0,<=6h,35,37.5,35-40,84,33,0.39285714285714285,0.3713095238095238,0.021547619047619038,0.2953018006281275,0.49978389908590315
Crypto,1d,24.0,<=6h,40,42.5,40-45,93,36,0.3870967741935484,0.4210752688172043,-0.03397849462365593,0.29445899414987403,0.48869204837730434
Crypto,1d,24.0,<=6h,45,47.5,45-50,106,49,0.46226415094339623,0.469245283018868,-0.006981132075471741,0.37033458798877916,0.5568332609864725
Crypto,1d,24.0,<=6h,50,52.5,50-55,120,60,0.5,0.5181666666666667,-0.018166666666666664,0.411937137430229,0.588062862569771
Crypto,1d,24.0,<=6h,55,57.5,55-60,94,48,0.5106382978723404,0.5678723404255319,-0.05723404255319153,0.41116709806344404,0.6092741048604655
Crypto,1d,24.0,<=6h,60,62.5,60-65,79,49,0.620253164556962,0.6183544303797468,0.0018987341772152,0.5100166778257305,0.7193366905302645
Crypto,1d,24.0,<=6h,65,67.5,65-70,85,58,0.6823529411764706,0.6702352941176472,0.012117647058823455,0.5773362018838148,0.7715994318733441
Crypto,1d,24.0,<=6h,70,72.5,70-75,67,49,0.7313432835820896,0.7204477611940299,0.010895522388059686,0.6148166405872441,0.8227793482102986
Crypto,1d,24.0,<=6h,75,77.5,75-80,109,84,0.7706422018348624,0.7721100917431193,-0.0014678899082568586,0.683311199585335,0.8395456191765401
Crypto,1d,24.0,<=6h,80,82.5,80-85,124,98,0.7903225806451613,0.8212096774193549,-0.030887096774193656,0.7104948380776402,0.8527021181556983
Crypto,1d,24.0,<=6h,85,87.5,85-90,110,96,0.8727272727272727,0.8722727272727273,0.0004545454545453742,0.7976481880956428,0.9226508941379168
Crypto,1d,24.0,<=6h,90,92.5,90-95,145,135,0.9310344827586207,0.9195172413793103,0.011517241379310317,0.8777075189555318,0.9621114563846956
Crypto,1d,24.0,<=6h,95,97.5,95-100,124,116,0.9354838709677419,0.9683064516129032,-0.0328225806451613,0.8778459480394979,0.96694948631051
Crypto,1d,24.0,<=24h,0,2.5,0-5,367,7,0.01907356948228883,0.018065395095367847,0.001008174386920982,0.009269165504932012,0.0388419417710586
Crypto,1d,24.0,<=24h,5,7.5,5-10,272,26,0.09558823529411764,0.07025735294117647,0.025330882352941175,0.06606771784461304,0.1363731032643132
Crypto,1d,24.0,<=24h,10,12.5,10-15,368,69,0.1875,0.12160326086956522,0.06589673913043478,0.15092488922661945,0.23053216130242304
Crypto,1d,24.0,<=24h,15,17.5,15-20,215,32,0.14883720930232558,0.16813953488372094,-0.019302325581395358,0.10744265007546998,0.2025605668631742
Crypto,1d,24.0,<=24h,20,22.5,20-25,171,29,0.1695906432748538,0.21754385964912282,-0.047953216374269025,0.12075225984934392,0.2329484612605064
Crypto,1d,24.0,<=24h,25,27.5,25-30,117,31,0.26495726495726496,0.26675213675213677,-0.0017948717948718107,0.1933903571557129,0.35146836699226264
Crypto,1d,24.0,<=24h,30,32.5,30-35,88,28,0.3181818181818182,0.3190909090909091,-0.0009090909090909149,0.23022439863763888,0.4213496157523544
Crypto,1d,24.0,<=24h,35,37.5,35-40,90,34,0.37777777777777777,0.3706666666666667,0.007111111111111068,0.2845581232563842,0.4810042712466932
Crypto,1d,24.0,<=24h,40,42.5,40-45,95,37,0.3894736842105263,0.4209473684210526,-0.03147368421052632,0.29753940072627755,0.4899994493125726
Crypto,1d,24.0,<=24h,45,47.5,45-50,128,57,0.4453125,0.4696875,-0.02437499999999998,0.36205379206482013,0.5317581762365354
Crypto,1d,24.0,<=24h,50,52.5,50-55,140,72,0.5142857142857142,0.5179285714285714,-0.00364285714285717,0.4322250304707133,0.5955833365107439
Crypto,1d,24.0,<=24h,55,57.5,55-60,101,53,0.5247524752475248,0.5678217821782178,-0.043069306930693,0.42824811910483207,0.6194428737834871
Crypto,1d,24.0,<=24h,60,62.5,60-65,88,55,0.625,0.6181818181818182,0.006818181818181834,0.5206205279693488,0.7189223371375308
Crypto,1d,24.0,<=24h,65,67.5,65-70,93,64,0.6881720430107527,0.6706451612903226,0.017526881720430154,0.5881422410187721,0.7732726881025974
Crypto,1d,24.0,<=24h,70,72.5,70-75,73,53,0.726027397260274,0.7205479452054795,0.005479452054794498,0.6143679489221651,0.815086929685256
Crypto,1d,24.0,<=24h,75,77.5,75-80,119,91,0.7647058823529411,0.7715966386554622,-0.006890756302521117,0.6809594823373151,0.8318960975313938
Crypto,1d,24.0,<=24h,80,82.5,80-85,140,110,0.7857142857142857,0.8197142857142857,-0.03400000000000003,0.7105941206983544,0.8455732189307932
Crypto,1d,24.0,<=24h,85,87.5,85-90,129,114,0.8837209302325582,0.8723255813953489,0.011395348837209274,0.816993611926602,0.9282548644542908
Crypto,1d,24.0,<=24h,90,92.5,90-95,163,152,0.9325153374233128,0.9189570552147239,0.013558282208588901,0.883209561914879,0.96190340751241
Crypto,1d,24.0,<=24h,95,97.5,95-100,159,148,0.9308176100628931,0.969496855345912,-0.038679245283018915,0.8803743204112809,0.9609340430535832
Crypto,6h,6.0,all,0,2.5,0-5,2481,51,0.020556227327690448,0.018863361547762997,0.0016928657799274507,0.015669279304720375,0.026925628958244963
Crypto,6h,6.0,all,5,7.5,5-10,2500,165,0.066,0.07075999999999999,-0.0047599999999999865,0.056917919985929495,0.07641383710285758
Crypto,6h,6.0,all,10,12.5,10-15,2470,248,0.10040485829959514,0.11827125506072875,-0.017866396761133607,0.08916588593568814,0.11288488400851521
Crypto,6h,6.0,all,15,17.5,15-20,1683,220,0.13071895424836602,0.1686868686868687,-0.03796791443850267,0.1154512340089789,0.14766867007685824
Crypto,6h,6.0,all,20,22.5,20-25,1294,237,0.1831530139103555,0.2192967542503864,-0.0361437403400309,0.1630262646119761,0.20515549192903781
Crypto,6h,6.0,all,25,27.5,25-30,960,223,0.23229166666666667,0.26759374999999996,-0.03530208333333329,0.20667683964026826,0.26004051308656984
Crypto,6h,6.0,all,30,32.5,30-35,675,175,0.25925925925925924,0.31896296296296295,-0.0597037037037037,0.22762704147811166,0.29361620584202897
Crypto,6h,6.0,all,35,37.5,35-40,606,187,0.3085808580858086,0.3681353135313531,-0.059554455445544496,0.273105979960756,0.34646736498652225
Crypto,6h,6.0,all,40,42.5,40-45,494,177,0.3582995951417004,0.418582995951417,-0.060283400809716614,0.3172577290844211,0.4015283265605872
Crypto,6h,6.0,all,45,47.5,45-50,442,174,0.3936651583710407,0.4701809954751131,-0.07651583710407239,0.3492212792160103,0.43994150864407267
Crypto,6h,6.0,all,50,52.5,50-55,430,214,0.49767441860465117,0.5185581395348837,-0.020883720930232552,0.45064542345216585,0.5447445990814039
Crypto,6h,6.0,all,55,57.5,55-60,397,234,0.5894206549118388,0.5693702770780856,0.020050377833753186,0.5403966559542231,0.6367306681558492
Crypto,6h,6.0,all,60,62.5,60-65,371,226,0.6091644204851752,0.6186522911051213,-0.00948787061994616,0.5586364348608159,0.6574548420945701
Crypto,6h,6.0,all,65,67.5,65-70,405,277,0.6839506172839506,0.67,0.013950617283950528,0.6371210189354625,0.7273233037557704
Crypto,6h,6.0,all,70,72.5,70-75,491,360,0.7331975560081466,0.7191242362525457,0.014073319755600888,0.6923753284896808,0.7703990219287158
Crypto,6h,6.0,all,75,77.5,75-80,500,389,0.778,0.77032,0.00768000000000002,0.7395294756647782,0.8122312364320395
Crypto,6h,6.0,all,80,82.5,80-85,613,520,0.8482871125611745,0.8210277324632953,0.027259380097879204,0.8177242732484413,0.8745117886514049
Crypto,6h,6.0,all,85,87.5,85-90,744,675,0.907258064516129,0.8710887096774194,0.036169354838709644,0.884271006935385,0.9260610205955788
Crypto,6h,6.0,all,90,92.5,90-95,1074,1007,0.9376163873370578,0.9196275605214153,0.01798882681564251,0.9215340060672017,0.9505792988933788
Crypto,6h,6.0,all,95,97.5,95-100,1103,1056,0.957388939256573,0.9708250226654579,-0.013436083408884913,0.9437967904060556,0.9678060983903178
Crypto,6h,6.0,<=1h,0,2.5,0-5,789,13,0.016476552598225603,0.021102661596958176,-0.004626108998732573,0.009653792847298042,0.02798499906271273
Crypto,6h,6.0,<=1h,5,7.5,5-10,1044,60,0.05747126436781609,0.07010536398467433,-0.012634099616858241,0.044908311815416685,0.07327901726180261
Crypto,6h,6.0,<=1h,10,12.5,10-15,1117,106,0.09489704565801253,0.11842435094001791,-0.023527305282005376,0.07907170909359068,0.11349930183248486
Crypto,6h,6.0,<=1h,15,17.5,15-20,754,104,0.13793103448275862,0.1686206896551724,-0.030689655172413788,0.11514692045356689,0.16438590012529808
Crypto,6h,6.0,<=1h,20,22.5,20-25,631,117,0.18541996830427893,0.22003169572107764,-0.034611727416798715,0.15703159172308911,0.21761556435489948
Crypto,6h,6.0,<=1h,25,27.5,25-30,528,136,0.25757575757575757,0.26803030303030306,-0.010454545454545494,0.22211980876653833,0.2965338655605545
Crypto,6h,6.0,<=1h,30,32.5,30-35,376,97,0.2579787234042553,0.31885638297872343,-0.06087765957446811,0.21635819211193189,0.30449471078232726
Crypto,6h,6.0,<=1h,35,37.5,35-40,345,112,0.32463768115942027,0.36915942028985504,-0.04452173913043478,0.27739378220325933,0.3757439169702336
Crypto,6h,6.0,<=1h,40,42.5,40-45,293,112,0.3822525597269625,0.4185665529010239,-0.03631399317406142,0.328474593113911,0.4390782027206353
Crypto,6h,6.0,<=1h,45,47.5,45-50,258,110,0.4263565891472868,0.4706201550387597,-0.0442635658914729,0.36752489989636206,0.48734919192098103
Crypto,6h,6.0,<=1h,50,52.5,50-55,275,130,0.4727272727272727,0.5182545454545455,-0.045527272727272805,0.41450144610652706,0.5317045719338227
Crypto,6h,6.0,<=1h,55,57.5,55-60,258,148,0.5736434108527132,0.5684496124031008,0.00519379844961243,0.5126508080790192,0.632475100103638
Crypto,6h,6.0,<=1h,60,62.5,60-65,237,138,0.5822784810126582,0.6188607594936709,-0.0365822784810127,0.5186650104043266,0.6432671474953054
Crypto,6h,6.0,<=1h,65,67.5,65-70,237,157,0.6624472573839663,0.6708438818565401,-0.008396624472573833,0.6000775833718862,0.7196346258145666
Crypto,6h,6.0,<=1h,70,72.5,70-75,302,222,0.7350993377483444,0.7193708609271523,0.01572847682119205,0.6826018493630528,0.7816907779315991
Crypto,6h,6.0,<=1h,75,77.5,75-80,251,190,0.7569721115537849,0.7706772908366534,-0.013705179282868518,0.7002951367968513,0.8059016536800567
Crypto,6h,6.0,<=1h,80,82.5,80-85,307,248,0.8078175895765473,0.8192182410423453,-0.01140065146579805,0.7600458669704955,0.8479808578951598
Crypto,6h,6.0,<=1h,85,87.5,85-90,357,317,0.8879551820728291,0.8713725490196079,0.016582633053221163,0.8510185233167709,0.9166313263679662
Crypto,6h,6.0,<=1h,90,92.5,90-95,452,418,0.9247787610619469,0.9202876106194691,0.0044911504424778315,0.896723311225782,0.9456745743555253
Crypto,6h,6.0,<=1h,95,97.5,95-100,365,350,0.958904109589041,0.9679178082191782,-0.009013698630137124,0.9333090726163995,0.9749398884552365
Crypto,6h,6.0,<=6h,0,2.5,0-5,1610,24,0.014906832298136646,0.019453416149068325,-0.004546583850931679,0.010037537329374704,0.022085565706263983
Crypto,6h,6.0,<=6h,5,7.5,5-10,1869,115,0.061530230069555915,0.07048689138576779,-0.008956661316211874,0.05150924185606892,0.07335000945488017
Crypto,6h,6.0,<=6h,10,12.5,10-15,1888,194,0.1027542372881356,0.11796080508474577,-0.015206567796610171,0.0898545128412275,0.11726726733318035
Crypto,6h,6.0,<=6h,15,17.5,15-20,1263,163,0.1290577988915281,0.16848772763262077,-0.03942992874109266,0.11168629119946341,0.14867901413942028
Crypto,6h,6.0,<=6h,20,22.5,20-25,1022,192,0.18786692759295498,0.219853228962818,-0.031986301369863024,0.1651041244524673,0.21296749986068197
Crypto,6h,6.0,<=6h,25,27.5,25-30,784,199,0.2538265306122449,0.2678188775510204,-0.01399234693877549,0.22461359827483907,0.2854401993413316
Crypto,6h,6.0,<=6h,30,32.5,30-35,545,155,0.28440366972477066,0.3189908256880734,-0.03458715596330275,0.24813976527625875,0.32368569401837205
Crypto,6h,6.0,<=6h,35,37.5,35-40,497,156,0.31388329979879276,0.3685311871227364,-0.054647887323943656,0.2746425042148212,0.3559792332766332
Crypto,6h,6.0,<=6h,40,42.5,40-45,399,151,0.37844611528822053,0.41842105263157897,-0.03997493734335844,0.33222906833246685,0.4269814997915799
Crypto,6h,6.0,<=6h,45,47.5,45-50,352,150,0.42613636363636365,0.47017045454545453,-0.044034090909090884,0.37554614352953075,0.4783214200155972
Crypto,6h,6.0,<=6h,50,52.5,50-55,348,170,0.4885057471264368,0.5185632183908045,-0.030057471264367752,0.4363989718251294,0.5408635235705259
Crypto,6h,6.0,<=6h,55,57.5,55-60,332,192,0.5783132530120482,0.5692771084337349,0.009036144578313254,0.5245938690165345,0.6302410293403099
Crypto,6h,6.0,<=6h,60,62.5,60-65,302,179,0.5927152317880795,0.6187748344370861,-0.02605960264900664,0.5364728032311804,0.6466285145751612
Crypto,6h,6.0,<=6h,65,67.5,65-70,328,216,0.6585365853658537,0.6702439024390244,-0.011707317073170742,0.6056468320470645,0.7077557069956595
Crypto,6h,6.0,<=6h,70,72.5,70-75,416,310,0.7451923076923077,0.7192307692307692,0.02596153846153848,0.7012059316759672,0.7846916068242672
Crypto,6h,6.0,<=6h,75,77.5,75-80,383,292,0.762402088772846,0.7700261096605745,-0.007624020887728511,0.7173029082530494,0.8022896071330933
Crypto,6h,6.0,<=6h,80,82.5,80-85,464,382,0.8232758620689655,0.8203448275862069,0.0029310344827586654,0.7859552937591476,0.855287383249481
Crypto,6h,6.0,<=6h,85,87.5,85-90,547,488,0.8921389396709324,0.8708226691042047,0.02131627056672769,0.8633547273402172,0.9154535543872341
Crypto,6h,6.0,<=6h,90,92.5,90-95,765,712,0.930718954248366,0.9203398692810458,0.010379084967320207,0.9104886883171216,0.9466449527345594
Crypto,6h,6.0,<=6h,95,97.5,95-100,750,721,0.9613333333333334,0.9695066666666666,-0.008173333333333255,0.9450197556102599,0.9729449733195313
Crypto,6h,6.0,<=24h,0,2.5,0-5,2383,48,0.020142677297524128,0.018808224926563154,0.0013344523709609736,0.015226160733220992,0.02660384591657093
Crypto,6h,6.0,<=24h,5,7.5,5-10,2438,165,0.06767842493847416,0.07095570139458572,-0.003277276456111561,0.05837203367931669,0.07834510636776908
Crypto,6h,6.0,<=24h,10,12.5,10-15,2442,248,0.10155610155610155,0.11829238329238329,-0.016736281736281736,0.09019430211055361,0.1141695454910245
Crypto,6h,6.0,<=24h,15,17.5,15-20,1671,219,0.1310592459605027,0.16864153201675644,-0.037582286056253744,0.1157212373180946,0.14808974038869271
Crypto,6h,6.0,<=24h,20,22.5,20-25,1284,236,0.1838006230529595,0.2193380062305296,-0.0355373831775701,0.16356862748791004,0.20591904863623442
Crypto,6h,6.0,<=24h,25,27.5,25-30,952,223,0.2342436974789916,0.26760504201680674,-0.03336134453781514,0.2084406757603717,0.26218290873312594
Crypto,6h,6.0,<=24h,30,32.5,30-35,668,173,0.25898203592814373,0.31889221556886227,-0.05991017964071854,0.22720531034502,0.29351504993037825
Crypto,6h,6.0,<=24h,35,37.5,35-40,601,187,0.31114808652246256,0.36815307820299503,-0.05700499168053247,0.27543186229509076,0.34926326449513
Crypto,6h,6.0,<=24h,40,42.5,40-45,491,177,0.3604887983706721,0.4185132382892057,-0.05802443991853362,0.31925288254586215,0.40389084667981334
Crypto,6h,6.0,<=24h,45,47.5,45-50,437,173,0.39588100686498856,0.470137299771167,-0.07425629290617847,0.35112746122752647,0.44244918852603576
Crypto,6h,6.0,<=24h,50,52.5,50-55,422,210,0.4976303317535545,0.5185545023696683,-0.02092417061611379,0.45016225243765123,0.5451411655468762
Crypto,6h,6.0,<=24h,55,57.5,55-60,390,227,0.5820512820512821,0.5692820512820513,0.012769230769230755,0.5325322035038642,0.6299696754241109
Crypto,6h,6.0,<=24h,60,62.5,60-65,366,223,0.6092896174863388,0.6186612021857923,-0.009371584699453539,0.5584149921842382,0.6578938275915794
Crypto,6h,6.0,<=24h,65,67.5,65-70,396,269,0.6792929292929293,0.670050505050505,0.009242424242424274,0.6317874989015885,0.7233531367901455
Crypto,6h,6.0,<=24h,70,72.5,70-75,486,356,0.7325102880658436,0.7191152263374485,0.013395061728395108,0.6914441971767833,0.7699294387087765
Crypto,6h,6.0,<=24h,75,77.5,75-80,489,378,0.7730061349693251,0.7702249488752557,0.00278118609406941,0.733834037534566,0.8079221778498495
Crypto,6h,6.0,<=24h,80,82.5,80-85,596,503,0.8439597315436241,0.8211073825503356,0.022852348993288585,0.812632103034437,0.8708816779370727
Crypto,6h,6.0,<=24h,85,87.5,85-90,716,648,0.9050279329608939,0.8710335195530726,0.03399441340782128,0.8813402204402954,0.9243925963349509
Crypto,6h,6.0,<=24h,90,92.5,90-95,1035,971,0.9381642512077295,0.9195265700483091,0.01863768115942044,0.9218078533275512,0.9512800168540049
Crypto,6h,6.0,<=24h,95,97.5,95-100,1074,1029,0.9581005586592178,0.9709310986964619,-0.012830540037244043,0.9443953230680591,0.9685403068055696
Crypto,1h,1.0,all,0,2.5,0-5,4460,37,0.008295964125560539,0.01827578475336323,-0.00997982062780269,0.006024803461659798,0.011413449723668282
Crypto,1h,1.0,all,5,7.5,5-10,2956,59,0.019959404600811907,0.06823748308525034,-0.04827807848443843,0.015505387855452458,0.02565951772598136
Crypto,1h,1.0,all,10,12.5,10-15,2135,109,0.05105386416861827,0.11728337236533959,-0.06622950819672133,0.04249714914947446,0.061223294664597624
Crypto,1h,1.0,all,15,17.5,15-20,1463,115,0.0786056049213944,0.16778537252221462,-0.08917976760082022,0.0658925349447523,0.09352590532855332
Crypto,1h,1.0,all,20,22.5,20-25,1149,153,0.13315926892950392,0.21818973020017407,-0.08503046127067015,0.11473141510734343,0.1540319605376715
Crypto,1h,1.0,all,25,27.5,25-30,817,135,0.16523867809057527,0.26760097919216647,-0.1023623011015912,0.1413495417772011,0.19226123038639292
Crypto,1h,1.0,all,30,32.5,30-35,735,161,0.21904761904761905,0.318530612244898,-0.09948299319727893,0.19064894434805496,0.2503679123097185
Crypto,1h,1.0,all,35,37.5,35-40,578,170,0.29411764705882354,0.3684256055363322,-0.07430795847750865,0.258428287507634,0.33252567659531085
Crypto,1h,1.0,all,40,42.5,40-45,480,181,0.3770833333333333,0.41975,-0.042666666666666686,0.334862723765844,0.42125580758821896
Crypto,1h,1.0,all,45,47.5,45-50,426,188,0.4413145539906103,0.46845070422535207,-0.02713615023474175,0.39489431949152065,0.48878376099208065
Crypto,1h,1.0,all,50,52.5,50-55,398,204,0.5125628140703518,0.5165829145728643,-0.004020100502512558,0.46357040990869575,0.5613150175831317
Crypto,1h,1.0,all,55,57.5,55-60,318,195,0.6132075471698113,0.5677987421383648,0.04540880503144651,0.5586310146829273,0.6650815196818037
Crypto,1h,1.0,all,60,62.5,60-65,339,230,0.6784660766961652,0.618141592920354,0.06032448377581123,0.6269849604215523,0.7259477058593191
Crypto,1h,1.0,all,65,67.5,65-70,386,276,0.7150259067357513,0.6683937823834196,0.04663212435233166,0.6680468518203555,0.7577671198029909
Crypto,1h,1.0,all,70,72.5,70-75,350,282,0.8057142857142857,0.7187714285714286,0.0869428571428571,0.7610366168629162,0.8437537752221297
Crypto,1h,1.0,all,75,77.5,75-80,459,405,0.8823529411764706,0.7716993464052289,0.1106535947712417,0.8496554032114974,0.9087033959975626
Crypto,1h,1.0,all,80,82.5,80-85,569,525,0.9226713532513181,0.8205623901581722,0.10210896309314588,0.8977797217240145,0.9418939332619364
Crypto,1h,1.0,all,85,87.5,85-90,840,793,0.944047619047619,0.8713809523809524,0.07266666666666666,0.9263877318320103,0.9576644409928422
Crypto,1h,1.0,all,90,92.5,90-95,1431,1397,0.976240391334731,0.9208595387840671,0.05538085255066383,0.9669823625169025,0.9829482779105845
Crypto,1h,1.0,all,95,97.5,95-100,2192,2154,0.9826642335766423,0.9720529197080292,0.010611313868613137,0.976295689717628,0.9873439462196818
Crypto,1h,1.0,<=1h,0,2.5,0-5,1455,11,0.007560137457044674,0.018810996563573882,-0.011250859106529208,0.004226627171372158,0.01348715340631359
Crypto,1h,1.0,<=1h,5,7.5,5-10,941,23,0.024442082890541977,0.06729011689691818,-0.0428480340063762,0.016341303193104426,0.03640997278797008
Crypto,1h,1.0,<=1h,10,12.5,10-15,687,39,0.056768558951965066,0.11768558951965065,-0.06091703056768558,0.041802532491712924,0.07666398718515656
Crypto,1h,1.0,<=1h,15,17.5,15-20,581,69,0.11876075731497418,0.1676592082616179,-0.04889845094664372,0.09492639933855587,0.14760354381186294
Crypto,1h,1.0,<=1h,20,22.5,20-25,512,91,0.177734375,0.2187890625,-0.04105468749999999,0.14705662601934963,0.21321210763842438
Crypto,1h,1.0,<=1h,25,27.5,25-30,411,98,0.2384428223844282,0.26824817518248173,-0.02980535279805352,0.19978644753986669,0.2819434464726914
Crypto,1h,1.0,<=1h,30,32.5,30-35,391,101,0.25831202046035806,0.3183375959079284,-0.06002557544757031,0.21742500410839885,0.30390202931462446
Crypto,1h,1.0,<=1h,35,37.5,35-40,331,120,0.36253776435045315,0.36957703927492447,-0.007039274924471317,0.3125986524415807,0.41563105378369125
Crypto,1h,1.0,<=1h,40,42.5,40-45,299,124,0.41471571906354515,0.4194983277591973,-0.0047826086956521685,0.3602980093505765,0.47129712156935005
Crypto,1h,1.0,<=1h,45,47.5,45-50,272,139,0.5110294117647058,0.46816176470588233,0.04286764705882351,0.4518839620669434,0.5698676519028131
Crypto,1h,1.0,<=1h,50,52.5,50-55,274,142,0.5182481751824818,0.5164598540145985,0.0017883211678833,0.45924124616758494,0.5767504843724063
Crypto,1h,1.0,<=1h,55,57.5,55-60,220,130,0.5909090909090909,0.568,0.02290909090909099,0.5249196146269258,0.6537781788127209
Crypto,1h,1.0,<=1h,60,62.5,60-65,218,143,0.6559633027522935,0.6175229357798165,0.03844036697247699,0.590690273719434,0.7158347423280522
Crypto,1h,1.0,<=1h,65,67.5,65-70,233,156,0.6695278969957081,0.6681115879828325,0.001416309012875594,0.6068078871047244,0.7267483800375343
Crypto,1h,1.0,<=1h,70,72.5,70-75,204,163,0.7990196078431373,0.7183823529411765,0.08063725490196083,0.7387320746699634,0.8482533988829731
Crypto,1h,1.0,<=1h,75,77.5,75-80,223,186,0.8340807174887892,0.7720179372197309,0.062062780269058315,0.7796821754591453,0.8771638351491381
Crypto,1h,1.0,<=1h,80,82.5,80-85,250,217,0.868,0.81828,0.049719999999999986,0.8204189328669529,0.9044425555573243
Crypto,1h,1.0,<=1h,85,87.5,85-90,326,290,0.8895705521472392,0.8703680981595092,0.019202453987730017,0.8509054852517624,0.919161116414007
Crypto,1h,1.0,<=1h,90,92.5,90-95,447,426,0.9530201342281879,0.921185682326622,0.03183445190156586,0.9292499881692219,0.9690699539124316
Crypto,1h,1.0,<=1h,95,97.5,95-100,806,785,0.9739454094292804,0.9726674937965261,0.0012779156327543673,0.9604977151716634,0.9828966473802234
Crypto,1h,1.0,<=6h,0,2.5,0-5,3302,24,0.0072683222289521504,0.01863113264688068,-0.01136281041792853,0.0048891761685485756,0.01079263992330531
Crypto,1h,1.0,<=6h,5,7.5,5-10,2215,40,0.01805869074492099,0.0676117381489842,-0.049553047404063216,0.01328974528574044,0.02449645810976107
Crypto,1h,1.0,<=6h,10,12.5,10-15,1539,85,0.05523066926575698,0.11741390513320338,-0.062183235867446396,0.044885931120159324,0.06779031509980257
Crypto,1h,1.0,<=6h,15,17.5,15-20,1104,95,0.08605072463768115,0.1676177536231884,-0.08156702898550725,0.07090976170751069,0.1040625448027341
Crypto,1h,1.0,<=6h,20,22.5,20-25,924,124,0.1341991341991342,0.218517316017316,-0.08431818181818179,0.11372820124037385,0.15769916308560591
Crypto,1h,1.0,<=6h,25,27.5,25-30,676,127,0.1878698224852071,0.26782544378698225,-0.07995562130177516,0.16021812515390377,0.21904904531639402
Crypto,1h,1.0,<=6h,30,32.5,30-35,624,149,0.2387820512820513,0.31838141025641026,-0.07959935897435896,0.20699282340537403,0.27376792898822344
Crypto,1h,1.0,<=6h,35,37.5,35-40,502,159,0.31673306772908366,0.3687649402390438,-0.052031872509960164,0.27756034916449523,0.35868941756089856
Crypto,1h,1.0,<=6h,40,42.5,40-45,420,164,0.3904761904761905,0.4197142857142857,-0.02923809523809523,0.3450124329137257,0.43792534384060894
Crypto,1h,1.0,<=6h,45,47.5,45-50,371,179,0.48247978436657685,0.4686522911051213,0.013827493261455548,0.4320724338706633,0.5332462500747688
Crypto,1h,1.0,<=6h,50,52.5,50-55,348,174,0.5,0.5166379310344827,-0.016637931034482745,0.4477540678353656,0.5522459321646344
Crypto,1h,1.0,<=6h,55,57.5,55-60,290,174,0.6,0.5677241379310345,0.03227586206896549,0.5426622824453702,0.6547229754622916
Crypto,1h,1.0,<=6h,60,62.5,60-65,298,198,0.6644295302013423,0.6179530201342281,0.046476510067114174,0.6090256915041312,0.7156479121343335
Crypto,1h,1.0,<=6h,65,67.5,65-70,324,224,0.691358024691358,0.6683333333333333,0.02302469135802465,0.6390616655190481,0.739169773078128
Crypto,1h,1.0,<=6h,70,72.5,70-75,286,232,0.8111888111888111,0.7187412587412588,0.09244755244755232,0.7618200959823705,0.8523084487123868
Crypto,1h,1.0,<=6h,75,77.5,75-80,357,311,0.8711484593837535,0.7719327731092437,0.09921568627450983,0.832402893115824,0.9019913674128957
Crypto,1h,1.0,<=6h,80,82.5,80-85,420,378,0.9,0.8192619047619047,0.08073809523809528,0.8675841663997415,0.9251648228452973
Crypto,1h,1.0,<=6h,85,87.5,85-90,632,589,0.9319620253164557,0.8712341772151899,0.06072784810126575,0.9096060347566478,0.949098397290579
Crypto,1h,1.0,<=6h,90,92.5,90-95,1072,1041,0.9710820895522388,0.9216791044776119,0.049402985074626926,0.9592459824220845,0.979553930130098
Crypto,1h,1.0,<=6h,95,97.5,95-100,1763,1733,0.9829835507657402,0.9717583664208734,0.011225184344866745,0.9758120020191138,0.9880548211301713
Crypto,1h,1.0,<=24h,0,2.5,0-5,4353,34,0.00781070526073972,0.01821042958878934,-0.010399724328049621,0.0055948659642921636,0.01089451019296818
Crypto,1h,1.0,<=24h,5,7.5,5-10,2890,59,0.02041522491349481,0.06836332179930796,-0.04794809688581315,0.015860208078818164,0.026243547703806564
Crypto,1h,1.0,<=24h,10,12.5,10-15,2108,109,0.051707779886148005,0.11730550284629981,-0.06559772296015182,0.04304371508878439,0.062002799763465885
Crypto,1h,1.0,<=24h,15,17.5,15-20,1451,115,0.07925568573397657,0.16773259820813233,-0.08847691247415576,0.06644090872723245,0.09429246595768172
Crypto,1h,1.0,<=24h,20,22.5,20-25,1139,152,0.1334503950834065,0.21822651448639158,-0.08477611940298507,0.11492802824806368,0.15443703511679807
Crypto,1h,1.0,<=24h,25,27.5,25-30,808,135,0.1670792079207921,0.2675990099009901,-0.10051980198019803,0.14294467955415913,0.1943644704080995
Crypto,1h,1.0,<=24h,30,32.5,30-35,731,160,0.2188782489740082,0.31848153214774283,-0.09960328317373462,0.1904153275681071,0.25028046319822944
Crypto,1h,1.0,<=24h,35,37.5,35-40,573,170,0.29668411867364747,0.36846422338568935,-0.07178010471204188,0.2607357724377086,0.3353405160962667
Crypto,1h,1.0,<=24h,40,42.5,40-45,478,181,0.3786610878661088,0.41968619246861927,-0.041025104602510465,0.3363071549459268,0.4229498290919812
Crypto,1h,1.0,<=24h,45,47.5,45-50,424,188,0.44339622641509435,0.4684198113207547,-0.025023584905660368,0.3968274548855618,0.490981491229075
Crypto,1h,1.0,<=24h,50,52.5,50-55,392,201,0.5127551020408163,0.5165051020408163,-0.003750000000000031,0.46339048429765545,0.5618721460069915
Crypto,1h,1.0,<=24h,55,57.5,55-60,312,189,0.6057692307692307,0.5676602564102564,0.03810897435897431,0.5505721789258307,0.65839332783452
Crypto,1h,1.0,<=24h,60,62.5,60-65,335,228,0.6805970149253732,0.6181492537313433,0.06244776119402984,0.6288626772704651,0.7282363330045425
Crypto,1h,1.0,<=24h,65,67.5,65-70,378,269,0.7116402116402116,0.6684656084656084,0.0431746031746032,0.664023846904966,0.7549980721316187
Crypto,1h,1.0,<=24h,70,72.5,70-75,346,278,0.8034682080924855,0.7187572254335259,0.0847109826589596,0.7583617115457596,0.8419099542595648
Crypto,1h,1.0,<=24h,75,77.5,75-80,448,394,0.8794642857142857,0.7716071428571429,0.10785714285714276,0.8460438572461558,0.9064322317195347
Crypto,1h,1.0,<=24h,80,82.5,80-85,554,510,0.9205776173285198,0.8205595667870036,0.10001805054151625,0.8950562035975593,0.9403063796160267
Crypto,1h,1.0,<=24h,85,87.5,85-90,818,771,0.9425427872860636,0.8713936430317848,0.07114914425427876,0.9244297254143163,0.9565186227831952
Crypto,1h,1.0,<=24h,90,92.5,90-95,1391,1357,0.9755571531272466,0.9208698777857656,0.05468727534148099,0.9660383059897435,0.9824564908387996
Crypto,1h,1.0,<=24h,95,97.5,95-100,2157,2120,0.9828465461288827,0.9721279554937413,0.010718590635141356,0.9764465026014861,0.987529755537935
Entertainment,30d,720.0,all,0,2.5,0-5,626,7,0.011182108626198083,0.019313099041533544,-0.008130990415335462,0.005426881803602469,0.022900240444276992
Entertainment,30d,720.0,all,5,7.5,5-10,178,5,0.028089887640449437,0.06623595505617978,-0.038146067415730345,0.012056556667503493,0.06406243920582802
Entertainment,30d,720.0,all,10,12.5,10-15,113,9,0.07964601769911504,0.11769911504424778,-0.038053097345132736,0.04246569596832783,0.14446772500502414
Entertainment,30d,720.0,all,15,17.5,15-20,80,11,0.1375,0.16787500000000002,-0.030375000000000013,0.07854633679551142,0.22967297199630554
Entertainment,30d,720.0,all,20,22.5,20-25,55,10,0.18181818181818182,0.2178181818181818,-0.035999999999999976,0.10187561448030712,0.3033071133856924
Entertainment,30d,720.0,all,25,27.5,25-30,62,12,0.1935483870967742,0.2701612903225806,-0.07661290322580644,0.11433696420146605,0.3085203175170827
Entertainment,30d,720.0,all,30,32.5,30-35,33,8,0.24242424242424243,0.31727272727272726,-0.07484848484848483,0.12831561346647294,0.4102494868549029
Entertainment,30d,720.0,all,35,37.5,35-40,45,7,0.15555555555555556,0.3631111111111111,-0.20755555555555555,0.07745325311328677,0.28784190511248803
Entertainment,30d,720.0,all,40,42.5,40-45,37,14,0.3783783783783784,0.4191891891891892,-0.04081081081081078,0.2406378746389103,0.5389985744718004
Entertainment,30d,720.0,all,45,47.5,45-50,37,17,0.4594594594594595,0.47432432432432436,-0.01486486486486488,0.31038327828457724,0.6161622047523264
Entertainment,30d,720.0,all,50,52.5,50-55,37,11,0.2972972972972973,0.5235135135135135,-0.22621621621621618,0.17489302346408198,0.45783439172043583
Entertainment,30d,720.0,all,55,57.5,55-60,41,20,0.4878048780487805,0.5707317073170731,-0.08292682926829265,0.3425418723993569,0.6351574068413481
Entertainment,30d,720.0,all,60,62.5,60-65,42,25,0.5952380952380952,0.6173809523809524,-0.02214285714285713,0.44494045528177417,0.7295735232879093
Entertainment,30d,720.0,all,65,67.5,65-70,50,35,0.7,0.6738,0.0262,0.562493877226366,0.8089661091039063
Entertainment,30d,720.0,all,70,72.5,70-75,45,27,0.6,0.72,-0.12,0.4545159420914473,0.7297532055204246
Entertainment,30d,720.0,all,75,77.5,75-80,44,33,0.75,0.77,-0.020000000000000018,0.6055915019158504,0.8542593391931426
Entertainment,30d,720.0,all,80,82.5,80-85,41,31,0.7560975609756098,0.8182926829268292,-0.062195121951219456,0.606563693455418,0.8617514424897758
Entertainment,30d,720.0,all,85,87.5,85-90,58,48,0.8275862068965517,0.8715517241379311,-0.043965517241379426,0.7109149994332449,0.9035581060491489
Entertainment,30d,720.0,all,90,92.5,90-95,73,73,1.0,0.9217808219178082,0.07821917808219181,0.950006246616416,0.9999999999999999
Entertainment,30d,720.0,all,95,97.5,95-100,98,92,0.9387755102040817,0.9733673469387755,-0.03459183673469379,0.8728075711424848,0.9716410628145624
Entertainment,30d,720.0,<=1h,0,2.5,0-5,10,0,0.0,0.018000000000000002,-0.018000000000000002,0.0,0.2775401687666166
Entertainment,30d,720.0,<=1h,5,7.5,5-10,8,0,0.0,0.065,-0.065,0.0,0.3244156195108769
Entertainment,30d,720.0,<=1h,10,12.5,10-15,8,0,0.0,0.1125,-0.1125,0.0,0.3244156195108769
Entertainment,30d,720.0,<=1h,15,17.5,15-20,11,3,0.2727272727272727,0.16454545454545452,0.10818181818181818,0.09745880573921467,0.5656502930102463
Entertainment,30d,720.0,<=1h,20,22.5,20-25,2,0,0.0,0.22,-0.22,0.0,0.6576280471103807
Entertainment,30d,720.0,<=1h,25,27.5,25-30,7,3,0.42857142857142855,0.26571428571428574,0.1628571428571428,0.15821692226262685,0.7495457695909742
Entertainment,30d,720.0,<=1h,30,32.5,30-35,3,1,0.3333333333333333,0.32333333333333336,0.009999999999999953,0.0614903152761605,0.7923450448735121
Entertainment,30d,720.0,<=1h,35,37.5,35-40,3,1,0.3333333333333333,0.35666666666666663,-0.023333333333333317,0.0614903152761605,0.7923450448735121
Entertainment,30d,720.0,<=1h,40,42.5,40-45,4,0,0.0,0.4125,-0.4125,0.0,0.48990002040399916
Entertainment,30d,720.0,<=1h,45,47.5,45-50,5,4,0.8,0.47600000000000003,0.324,0.3755282641185388,0.9637768390302125
Entertainment,30d,720.0,<=1h,50,52.5,50-55,8,1,0.125,0.525,-0.4,0.02241690886329617,0.4708948057698615
Entertainment,30d,720.0,<=1h,55,57.5,55-60,4,1,0.25,0.565,-0.31499999999999995,0.045586062644636216,0.6993639475573634
Entertainment,30d,720.0,<=1h,60,62.5,60-65,3,1,0.3333333333333333,0.6133333333333334,-0.2800000000000001,0.0614903152761605,0.7923450448735121
Entertainment,30d,720.0,<=1h,65,67.5,65-70,6,5,0.8333333333333334,0.6683333333333333,0.16500000000000004,0.43649056343635395,0.9699474141282697
Entertainment,30d,720.0,<=1h,70,72.5,70-75,5,3,0.6,0.732,-0.132,0.23071993220883708,0.8823817688407467
Entertainment,30d,720.0,<=1h,75,77.5,75-80,5,4,0.8,0.774,0.026000000000000023,0.3755282641185388,0.9637768390302125
Entertainment,30d,720.0,<=1h,80,82.5,80-85,1,1,1.0,0.83,0.17000000000000004,0.20654329147389294,1.0
Entertainment,30d,720.0,<=1h,85,87.5,85-90,2,2,1.0,0.88,0.12,0.34237195288961925,1.0
Entertainment,30d,720.0,<=1h,90,92.5,90-95,3,3,1.0,0.92,0.07999999999999996,0.43849391955098227,1.0
Entertainment,30d,720.0,<=6h,0,2.5,0-5,39,0,0.0,0.020769230769230772,-0.020769230769230772,0.0,0.08966985360023902
Entertainment,30d,720.0,<=6h,5,7.5,5-10,23,1,0.043478260869565216,0.07,-0.02652173913043479,0.0077164669621267445,0.20991586494059142
Entertainment,30d,720.0,<=6h,10,12.5,10-15,24,2,0.08333333333333333,0.11958333333333333,-0.036250000000000004,0.023158327842973503,0.258492152014506
Entertainment,30d,720.0,<=6h,15,17.5,15-20,17,4,0.23529411764705882,0.1688235294117647,0.06647058823529411,0.0955488907167594,0.47262245889171595
Entertainment,30d,720.0,<=6h,20,22.5,20-25,14,2,0.14285714285714285,0.225,-0.08214285714285716,0.040093073737921175,0.39941907763863693
Entertainment,30d,720.0,<=6h,25,27.5,25-30,13,3,0.23076923076923078,0.2692307692307692,-0.038461538461538436,0.08179379092465713,0.5025687399512693
Entertainment,30d,720.0,<=6h,30,32.5,30-35,6,2,0.3333333333333333,0.325,0.008333333333333304,0.09676933255921683,0.7000116786584712
Entertainment,30d,720.0,<=6h,35,37.5,35-40,7,3,0.42857142857142855,0.35714285714285715,0.0714285714285714,0.15821692226262685,0.7495457695909742
Entertainment,30d,720.0,<=6h,40,42.5,40-45,7,1,0.14285714285714285,0.41,-0.2671428571428571,0.02567895594897479,0.51313450331903
Entertainment,30d,720.0,<=6h,45,47.5,45-50,12,7,0.5833333333333334,0.47833333333333333,0.10500000000000004,0.3195073356553728,0.8067425380947535
Entertainment,30d,720.0,<=6h,50,52.5,50-55,13,1,0.07692307692307693,0.5246153846153846,-0.44769230769230767,0.013710066379696323,0.3331453392824736
Entertainment,30d,720.0,<=6h,55,57.5,55-60,9,4,0.4444444444444444,0.5666666666666667,-0.12222222222222223,0.188775429471914,0.7333526542559703
Entertainment,30d,720.0,<=6h,60,62.5,60-65,12,7,0.5833333333333334,0.6141666666666666,-0.030833333333333268,0.3195073356553728,0.8067425380947535
Entertainment,30d,720.0,<=6h,65,67.5,65-70,15,12,0.8,0.6759999999999999,0.12400000000000011,0.5481406466534955,0.9295257935638959
Entertainment,30d,720.0,<=6h,70,72.5,70-75,11,6,0.5454545454545454,0.7236363636363636,-0.17818181818181822,0.28008775568998817,0.7872904245601196
Entertainment,30d,720.0,<=6h,75,77.5,75-80,9,8,0.8888888888888888,0.7711111111111112,0.11777777777777765,0.5649937852319399,0.9801096286728695
Entertainment,30d,720.0,<=6h,80,82.5,80-85,2,2,1.0,0.825,0.17500000000000004,0.34237195288961925,1.0
Entertainment,30d,720.0,<=6h,85,87.5,85-90,6,6,1.0,0.8783333333333333,0.1216666666666667,0.6096569663469354,0.9999999999999999
Entertainment,30d,720.0,<=6h,90,92.5,90-95,7,7,1.0,0.92,0.07999999999999996,0.6456611570247934,1.0
Entertainment,30d,720.0,<=6h,95,97.5,95-100,5,5,1.0,0.9740000000000001,0.025999999999999912,0.5655085052479191,1.0
Entertainment,30d,720.0,<=24h,0,2.5,0-5,141,1,0.0070921985815602835,0.02099290780141844,-0.013900709219858157,0.0012530139445820175,0.03907794069828302
Entertainment,30d,720.0,<=24h,5,7.5,5-10,61,1,0.01639344262295082,0.0681967213114754,-0.05180327868852458,0.002899656114363977,0.08719065627768062
Entertainment,30d,720.0,<=24h,10,12.5,10-15,46,6,0.13043478260869565,0.11934782608695653,0.01108695652173912,0.06117757137492025,0.2566613423036133
Entertainment,30d,720.0,<=24h,15,17.5,15-20,40,7,0.175,0.1675,0.007499999999999979,0.08745302996883066,0.3195029205439244
Entertainment,30d,720.0,<=24h,20,22.5,20-25,28,3,0.10714285714285714,0.22178571428571428,-0.11464285714285714,0.03711769205479949,0.2719622536765708
Entertainment,30d,720.0,<=24h,25,27.5,25-30,31,8,0.25806451612903225,0.2706451612903226,-0.012580645161290371,0.1370154373686976,0.432464724277151
Entertainment,30d,720.0,<=24h,30,32.5,30-35,20,5,0.25,0.32049999999999995,-0.07049999999999995,0.11186005278940309,0.4687050099580636
Entertainment,30d,720.0,<=24h,35,37.5,35-40,26,5,0.19230769230769232,0.3638461538461539,-0.17153846153846156,0.08506935771788268,0.3787663615465
Entertainment,30d,720.0,<=24h,40,42.5,40-45,21,8,0.38095238095238093,0.41666666666666663,-0.0357142857142857,0.20750767797982506,0.5912170418449848
Entertainment,30d,720.0,<=24h,45,47.5,45-50,25,14,0.56,0.4772,0.08280000000000004,0.37067017019564436,0.7333462505299744
Entertainment,30d,720.0,<=24h,50,52.5,50-55,25,6,0.24,0.5244,-0.2844,0.11496157730326725,0.43430059955238565
Entertainment,30d,720.0,<=24h,55,57.5,55-60,29,13,0.4482758620689655,0.5689655172413793,-0.12068965517241381,0.2841291114874579,0.6245233293193238
Entertainment,30d,720.0,<=24h,60,62.5,60-65,32,19,0.59375,0.6175,-0.02375000000000005,0.4225972657298823,0.744805975196862
Entertainment,30d,720.0,<=24h,65,67.5,65-70,35,24,0.6857142857142857,0.6748571428571428,0.010857142857142899,0.5201992812074803,0.8144934194021753
Entertainment,30d,720.0,<=24h,70,72.5,70-75,28,17,0.6071428571428571,0.7228571428571429,-0.11571428571428577,0.42408726034906297,0.7643454817241996
Entertainment,30d,720.0,<=24h,75,77.5,75-80,26,20,0.7692307692307693,0.7723076923076923,-0.003076923076922977,0.5794807424804321,0.8896630031632332
Entertainment,30d,720.0,<=24h,80,82.5,80-85,26,21,0.8076923076923077,0.82,-0.012307692307692242,0.6212336384535001,0.9149306422821174
Entertainment,30d,720.0,<=24h,85,87.5,85-90,24,20,0.8333333333333334,0.8733333333333333,-0.039999999999999925,0.6414652961213058,0.9332143199927109
Entertainment,30d,720.0,<=24h,90,92.5,90-95,23,23,1.0,0.92,0.07999999999999996,0.8568788745827374,1.0
Entertainment,30d,720.0,<=24h,95,97.5,95-100,26,22,0.8461538461538461,0.9726923076923077,-0.1265384615384616,0.6646841558168644,0.9385006600107053
Entertainment,7d,168.0,all,0,2.5,0-5,1196,9,0.007525083612040134,0.017826086956521738,-0.010301003344481604,0.003963928327258652,0.014239807899256583
Entertainment,7d,168.0,all,5,7.5,5-10,366,7,0.01912568306010929,0.06581967213114753,-0.04669398907103824,0.009294573550391903,0.038946619436010924
Entertainment,7d,168.0,all,10,12.5,10-15,221,12,0.05429864253393665,0.11705882352941176,-0.0627601809954751,0.03133028389474342,0.0924973351935392
Entertainment,7d,168.0,all,15,17.5,15-20,143,24,0.16783216783216784,0.1674125874125874,0.0004195804195804287,0.11545375287326685,0.23759061602492004
Entertainment,7d,168.0,all,20,22.5,20-25,127,16,0.12598425196850394,0.21535433070866142,-0.08937007874015748,0.07905567165747274,0.19487555510832655
Entertainment,7d,168.0,all,25,27.5,25-30,90,18,0.2,0.2697777777777778,-0.06977777777777777,0.130422969625965,0.29413927142704344
Entertainment,7d,168.0,all,30,32.5,30-35,100,26,0.26,0.3172,-0.05719999999999997,0.18404578126986462,0.35371172631861636
Entertainment,7d,168.0,all,35,37.5,35-40,86,23,0.26744186046511625,0.36825581395348833,-0.10081395348837208,0.1853195577468752,0.3694523964480633
Entertainment,7d,168.0,all,40,42.5,40-45,68,25,0.36764705882352944,0.4205882352941177,-0.05294117647058827,0.26300294660514806,0.48644584072698266
Entertainment,7d,168.0,all,45,47.5,45-50,73,30,0.410958904109589,0.46986301369863015,-0.05890410958904113,0.30531095731906,0.5255098480780166
Entertainment,7d,168.0,all,50,52.5,50-55,82,43,0.524390243902439,0.5182926829268293,0.0060975609756097615,0.4176454367591391,0.628952017155979
Entertainment,7d,168.0,all,55,57.5,55-60,84,43,0.5119047619047619,0.5684523809523809,-0.05654761904761907,0.40684997372055176,0.6159182818667781
Entertainment,7d,168.0,all,60,62.5,60-65,81,41,0.5061728395061729,0.6195061728395062,-0.11333333333333329,0.3995059708753621,0.6122806998144883
Entertainment,7d,168.0,all,65,67.5,65-70,72,36,0.5,0.67,-0.17000000000000004,0.38746896004724257,0.6125310399527575
Entertainment,7d,168.0,all,70,72.5,70-75,74,53,0.7162162162162162,0.719054054054054,-0.0028378378378377533,0.6048253064036953,0.8062659352974002
Entertainment,7d,168.0,all,75,77.5,75-80,79,60,0.759493670886076,0.7692405063291139,-0.009746835443037893,0.6546409953317426,0.8402794311206679
Entertainment,7d,168.0,all,80,82.5,80-85,106,85,0.8018867924528302,0.8189622641509433,-0.017075471698113076,0.7160451566780396,0.8666120515199475
Entertainment,7d,168.0,all,85,87.5,85-90,117,102,0.8717948717948718,0.8707692307692309,0.0010256410256409554,0.7992064199482437,0.9207443254904132
Entertainment,7d,168.0,all,90,92.5,90-95,182,172,0.945054945054945,0.9198351648351648,0.02521978021978022,0.9018253363390778,0.9698847651667206
Entertainment,7d,168.0,all,95,97.5,95-100,378,364,0.9629629629629629,0.975026455026455,-0.01206349206349211,0.9387984829092304,0.9778119649832988
Entertainment,7d,168.0,<=1h,0,2.5,0-5,84,0,0.0,0.018928571428571427,-0.018928571428571427,0.0,0.043733265332143306
Entertainment,7d,168.0,<=1h,5,7.5,5-10,38,1,0.02631578947368421,0.07,-0.0436842105263158,0.004660467553530057,0.13495178436800254
Entertainment,7d,168.0,<=1h,10,12.5,10-15,22,0,0.0,0.11272727272727273,-0.11272727272727273,1.3877787807814457e-17,0.14865952572596125
Entertainment,7d,168.0,<=1h,15,17.5,15-20,19,1,0.05263157894736842,0.16578947368421051,-0.1131578947368421,0.009351752490529969,0.2463921533654521
Entertainment,7d,168.0,<=1h,20,22.5,20-25,31,6,0.1935483870967742,0.21580645161290324,-0.02225806451612905,0.09186883586347633,0.36280603555459856
Entertainment,7d,168.0,<=1h,25,27.5,25-30,14,4,0.2857142857142857,0.2714285714285714,0.01428571428571429,0.11721187910109099,0.5464954117248438
Entertainment,7d,168.0,<=1h,30,32.5,30-35,23,5,0.21739130434782608,0.31782608695652176,-0.10043478260869568,0.09663835601719065,0.4190388018273492
Entertainment,7d,168.0,<=1h,35,37.5,35-40,13,4,0.3076923076923077,0.3692307692307692,-0.061538461538461486,0.12680497161618087,0.5763111218666236
Entertainment,7d,168.0,<=1h,40,42.5,40-45,15,6,0.4,0.4186666666666667,-0.018666666666666665,0.19824228082594664,0.642535572434923
Entertainment,7d,168.0,<=1h,45,47.5,45-50,22,5,0.22727272727272727,0.4722727272727273,-0.24500000000000002,0.10122890794820358,0.4344035606295935
Entertainment,7d,168.0,<=1h,50,52.5,50-55,25,13,0.52,0.518,0.0020000000000000018,0.334982179531473,0.6996899607103998
Entertainment,7d,168.0,<=1h,55,57.5,55-60,26,15,0.5769230769230769,0.5657692307692308,0.01115384615384607,0.3894829692111983,0.744558100972706
Entertainment,7d,168.0,<=1h,60,62.5,60-65,32,12,0.375,0.6203125,-0.24531250000000004,0.2293366846595921,0.5474589941047487
Entertainment,7d,168.0,<=1h,65,67.5,65-70,24,12,0.5,0.6716666666666667,-0.17166666666666675,0.31427131627763083,0.6857286837223692
Entertainment,7d,168.0,<=1h,70,72.5,70-75,16,10,0.625,0.719375,-0.09437499999999999,0.3864064709793481,0.815190174452472
Entertainment,7d,168.0,<=1h,75,77.5,75-80,19,14,0.7368421052631579,0.7678947368421052,-0.03105263157894733,0.5120803155892935,0.8819376166045982
Entertainment,7d,168.0,<=1h,80,82.5,80-85,16,14,0.875,0.814375,0.06062500000000004,0.6397666856325173,0.9650232506629428
Entertainment,7d,168.0,<=1h,85,87.5,85-90,23,21,0.9130434782608695,0.8682608695652173,0.044782608695652204,0.7320359570190598,0.9758205045927666
Entertainment,7d,168.0,<=1h,90,92.5,90-95,30,30,1.0,0.9209999999999999,0.07900000000000007,0.8864829086095221,1.0
Entertainment,7d,168.0,<=1h,95,97.5,95-100,27,27,1.0,0.9666666666666667,0.033333333333333326,0.8754409628553641,1.0
Entertainment,7d,168.0,<=6h,0,2.5,0-5,172,1,0.005813953488372093,0.019069767441860466,-0.013255813953488373,0.0010270174299284191,0.03219379038801682
Entertainment,7d,168.0,<=6h,5,7.5,5-10,77,2,0.025974025974025976,0.0664935064935065,-0.04051948051948052,0.0071520098481384214,0.08984755473247355
Entertainment,7d,168.0,<=6h,10,12.5,10-15,52,3,0.057692307692307696,0.115,-0.05730769230769231,0.019813812690573196,0.15642755575159178
Entertainment,7d,168.0,<=6h,15,17.5,15-20,44,7,0.1590909090909091,0.16613636363636364,-0.007045454545454549,0.07926576557718398,0.29366490563782555
Entertainment,7d,168.0,<=6h,20,22.5,20-25,51,10,0.19607843137254902,0.21803921568627452,-0.0219607843137255,0.11015224836299273,0.32458342674495444
Entertainment,7d,168.0,<=6h,25,27.5,25-30,36,11,0.3055555555555556,0.26916666666666667,0.036388888888888915,0.18004270282805354,0.46856578679083716
Entertainment,7d,168.0,<=6h,30,32.5,30-35,43,11,0.2558139534883721,0.31627906976744186,-0.06046511627906975,0.14929365877065542,0.40238689868254857
Entertainment,7d,168.0,<=6h,35,37.5,35-40,28,11,0.39285714285714285,0.3675,0.025357142857142856,0.23565451827580033,0.575912739650937
Entertainment,7d,168.0,<=6h,40,42.5,40-45,30,12,0.4,0.4193333333333333,-0.019333333333333258,0.24590394326083403,0.5767994750172616
Entertainment,7d,168.0,<=6h,45,47.5,45-50,39,13,0.3333333333333333,0.4715384615384615,-0.1382051282051282,0.20632766106915157,0.4902289567975947
Entertainment,7d,168.0,<=6h,50,52.5,50-55,44,25,0.5681818181818182,0.5181818181818182,0.050000000000000044,0.42223890740554393,0.7031749583514542
Entertainment,7d,168.0,<=6h,55,57.5,55-60,48,25,0.5208333333333334,0.566875,-0.04604166666666665,0.3832899563598438,0.6552890998421255
Entertainment,7d,168.0,<=6h,60,62.5,60-65,43,20,0.46511627906976744,0.6204651162790698,-0.15534883720930232,0.3251082626391856,0.6108461027112723
Entertainment,7d,168.0,<=6h,65,67.5,65-70,40,21,0.525,0.67,-0.14500000000000002,0.37497106853929735,0.6706477044981831
Entertainment,7d,168.0,<=6h,70,72.5,70-75,35,19,0.5428571428571428,0.7191428571428571,-0.17628571428571427,0.38189451340137515,0.6953422636623914
Entertainment,7d,168.0,<=6h,75,77.5,75-80,34,23,0.6764705882352942,0.7691176470588235,-0.0926470588235293,0.5084258404811939,0.8086854867354143
Entertainment,7d,168.0,<=6h,80,82.5,80-85,39,31,0.7948717948717948,0.8156410256410257,-0.020769230769230873,0.6446572703687138,0.8922040980208888
Entertainment,7d,168.0,<=6h,85,87.5,85-90,46,42,0.9130434782608695,0.8689130434782609,0.044130434782608585,0.796750643647758,0.9656646881232924
Entertainment,7d,168.0,<=6h,90,92.5,90-95,45,44,0.9777777777777777,0.9197777777777777,0.05800000000000005,0.8843305361128119,0.9960665024772425
Entertainment,7d,168.0,<=6h,95,97.5,95-100,57,57,1.0,0.9666666666666667,0.033333333333333326,0.936858991216536,0.9999999999999999
Entertainment,7d,168.0,<=24h,0,2.5,0-5,386,3,0.007772020725388601,0.020518134715025907,-0.012746113989637306,0.0026465904620726153,0.022598534737495624
Entertainment,7d,168.0,<=24h,5,7.5,5-10,166,5,0.030120481927710843,0.06542168674698795,-0.03530120481927711,0.012932695782301017,0.06856441682144268
Entertainment,7d,168.0,<=24h,10,12.5,10-15,107,7,0.06542056074766354,0.1174766355140187,-0.052056074766355154,0.032047896397421095,0.12891693990952502
Entertainment,7d,168.0,<=24h,15,17.5,15-20,94,15,0.1595744680851064,0.1682978723404255,-0.008723404255319117,0.09915526347591294,0.24672624295897774
Entertainment,7d,168.0,<=24h,20,22.5,20-25,83,12,0.14457831325301204,0.21698795180722893,-0.07240963855421689,0.08468215781561281,0.23591994992998375
Entertainment,7d,168.0,<=24h,25,27.5,25-30,63,14,0.2222222222222222,0.2688888888888889,-0.04666666666666669,0.1372488386182315,0.33912515601983817
Entertainment,7d,168.0,<=24h,30,32.5,30-35,74,20,0.2702702702702703,0.3167567567567568,-0.04648648648648651,0.18230091797074338,0.3809146377218426
Entertainment,7d,168.0,<=24h,35,37.5,35-40,57,19,0.3333333333333333,0.3694736842105263,-0.03614035087719297,0.2249363598222627,0.4627773097722252
Entertainment,7d,168.0,<=24h,40,42.5,40-45,55,23,0.41818181818181815,0.42109090909090907,-0.0029090909090909167,0.29737567047718927,0.5496713166883535
Entertainment,7d,168.0,<=24h,45,47.5,45-50,54,22,0.4074074074074074,0.4701851851851852,-0.06277777777777782,0.2867801518924045,0.5403338975114846
Entertainment,7d,168.0,<=24h,50,52.5,50-55,73,40,0.547945205479452,0.5182191780821918,0.02972602739726027,0.43424118746805285,0.6568553019335212
Entertainment,7d,168.0,<=24h,55,57.5,55-60,67,35,0.5223880597014925,0.5673134328358209,-0.04492537313432843,0.40484988526831645,0.6374981136475746
Entertainment,7d,168.0,<=24h,60,62.5,60-65,68,33,0.4852941176470588,0.6191176470588236,-0.13382352941176473,0.370506471844866,0.6016545045253707
Entertainment,7d,168.0,<=24h,65,67.5,65-70,62,32,0.5161290322580645,0.6703225806451613,-0.15419354838709676,0.39447247460618196,0.6359034579349471
Entertainment,7d,168.0,<=24h,70,72.5,70-75,62,42,0.6774193548387096,0.7185483870967743,-0.041129032258064635,0.5536785443578454,0.7804567135945737
Entertainment,7d,168.0,<=24h,75,77.5,75-80,65,49,0.7538461538461538,0.7686153846153846,-0.014769230769230757,0.6369398600835174,0.842421456329814
Entertainment,7d,168.0,<=24h,80,82.5,80-85,80,60,0.75,0.817625,-0.06762500000000005,0.6451511899886556,0.8319389418790569
Entertainment,7d,168.0,<=24h,85,87.5,85-90,84,71,0.8452380952380952,0.8694047619047619,-0.02416666666666667,0.753011640086769,0.9072677719457987
Entertainment,7d,168.0,<=24h,90,92.5,90-95,122,112,0.9180327868852459,0.9197540983606558,-0.0017213114754098813,0.8556731329950343,0.9548696445920276
Entertainment,7d,168.0,<=24h,95,97.5,95-100,185,178,0.9621621621621622,0.9718378378378378,-0.009675675675675621,0.9239680123391618,0.9815528051078415
Entertainment,3d,72.0,all,0,2.5,0-5,2219,12,0.005407841369986481,0.01665615141955836,-0.01124831004957188,0.003096207405456919,0.00942902156272507
Entertainment,3d,72.0,all,5,7.5,5-10,502,13,0.025896414342629483,0.0646812749003984,-0.03878486055776892,0.015195210273541768,0.04379875147258587
Entertainment,3d,72.0,all,10,12.5,10-15,280,22,0.07857142857142857,0.11596428571428571,-0.037392857142857144,0.05245711113401964,0.11609323525636149
Entertainment,3d,72.0,all,15,17.5,15-20,161,20,0.12422360248447205,0.16770186335403725,-0.0434782608695652,0.08187258391533551,0.1840894062619013
Entertainment,3d,72.0,all,20,22.5,20-25,166,26,0.1566265060240964,0.21789156626506023,-0.06126506024096384,0.10918327418489222,0.2196030773332282
Entertainment,3d,72.0,all,25,27.5,25-30,124,25,0.20161290322580644,0.26975806451612905,-0.06814516129032261,0.1404555297898297,0.28070315408146096
Entertainment,3d,72.0,all,30,32.5,30-35,124,32,0.25806451612903225,0.3170967741935484,-0.059032258064516174,0.18913496820248343,0.3415342349364009
Entertainment,3d,72.0,all,35,37.5,35-40,100,26,0.26,0.36560000000000004,-0.10560000000000003,0.18404578126986462,0.35371172631861636
Entertainment,3d,72.0,all,40,42.5,40-45,73,24,0.3287671232876712,0.417945205479452,-0.0891780821917808,0.23194330572835292,0.44271208926602507
Entertainment,3d,72.0,all,45,47.5,45-50,82,30,0.36585365853658536,0.46804878048780485,-0.10219512195121949,0.26978466322708194,0.4739293402397686
Entertainment,3d,72.0,all,50,52.5,50-55,78,32,0.41025641025641024,0.513974358974359,-0.1037179487179487,0.3078173313444522,0.5211205193329539
Entertainment,3d,72.0,all,55,57.5,55-60,83,48,0.5783132530120482,0.5656626506024096,0.012650602409638556,0.4709262842089882,0.6787715564572362
Entertainment,3d,72.0,all,60,62.5,60-65,84,53,0.6309523809523809,0.6183333333333334,0.01261904761904753,0.5241504160580661,0.7263003954025629
Entertainment,3d,72.0,all,65,67.5,65-70,84,59,0.7023809523809523,0.6728571428571429,0.029523809523809397,0.5975071368472344,0.7895532081373742
Entertainment,3d,72.0,all,70,72.5,70-75,72,55,0.7638888888888888,0.72,0.043888888888888866,0.6540101280256627,0.8470341537405446
Entertainment,3d,72.0,all,75,77.5,75-80,93,79,0.8494623655913979,0.7727956989247312,0.07666666666666666,0.7630400864073414,0.9081590676752016
Entertainment,3d,72.0,all,80,82.5,80-85,90,80,0.8888888888888888,0.8172222222222223,0.07166666666666655,0.8074203653741283,0.9385174702978976
Entertainment,3d,72.0,all,85,87.5,85-90,113,94,0.831858407079646,0.8700884955752213,-0.0382300884955753,0.7522611247713699,0.8896335428812471
Entertainment,3d,72.0,all,90,92.5,90-95,230,220,0.9565217391304348,0.92,0.03652173913043477,0.9218288416206981,0.9762149623902223
Entertainment,3d,72.0,all,95,97.5,95-100,868,856,0.9861751152073732,0.9801152073732718,0.006059907834101375,0.9759915071229239,0.9920742516112313
Entertainment,3d,72.0,<=1h,0,2.5,0-5,189,2,0.010582010582010581,0.018518518518518517,-0.007936507936507936,0.0029067212455334626,0.037756704073484845
Entertainment,3d,72.0,<=1h,5,7.5,5-10,56,4,0.07142857142857142,0.06803571428571428,0.003392857142857142,0.028125581246379636,0.16975682831486205
Entertainment,3d,72.0,<=1h,10,12.5,10-15,39,5,0.1282051282051282,0.11820512820512821,0.009999999999999981,0.05602734948028318,0.26706049037630475
Entertainment,3d,72.0,<=1h,15,17.5,15-20,34,4,0.11764705882352941,0.16323529411764706,-0.04558823529411765,0.04671370973436122,0.26621174796298774
Entertainment,3d,72.0,<=1h,20,22.5,20-25,30,6,0.2,0.21533333333333335,-0.015333333333333338,0.09504978102401235,0.37306047381027446
Entertainment,3d,72.0,<=1h,25,27.5,25-30,33,9,0.2727272727272727,0.2675757575757576,0.005151515151515129,0.15067272656322814,0.44217883254386814
Entertainment,3d,72.0,<=1h,30,32.5,30-35,29,10,0.3448275862068966,0.3179310344827586,0.026896551724137963,0.19940508749190483,0.5265522349284402
Entertainment,3d,72.0,<=1h,35,37.5,35-40,22,5,0.22727272727272727,0.3654545454545455,-0.1381818181818182,0.10122890794820358,0.4344035606295935
Entertainment,3d,72.0,<=1h,40,42.5,40-45,15,8,0.5333333333333333,0.41733333333333333,0.11599999999999999,0.3011663015105079,0.7519077474025355
Entertainment,3d,72.0,<=1h,45,47.5,45-50,23,8,0.34782608695652173,0.4678260869565217,-0.12,0.18811054636982238,0.5511002309310836
Entertainment,3d,72.0,<=1h,50,52.5,50-55,27,13,0.48148148148148145,0.5155555555555555,-0.03407407407407409,0.3074295064970908,0.6601467541378958
Entertainment,3d,72.0,<=1h,55,57.5,55-60,33,21,0.6363636363636364,0.5666666666666667,0.0696969696969697,0.46615872621534094,0.7781303383204013
Entertainment,3d,72.0,<=1h,60,62.5,60-65,26,17,0.6538461538461539,0.6196153846153846,0.03423076923076929,0.46220229009632996,0.8058798502714787
Entertainment,3d,72.0,<=1h,65,67.5,65-70,33,21,0.6363636363636364,0.6754545454545454,-0.039090909090909065,0.46615872621534094,0.7781303383204013
Entertainment,3d,72.0,<=1h,70,72.5,70-75,22,15,0.6818181818181818,0.715,-0.0331818181818182,0.47318222782839336,0.8363961264530752
Entertainment,3d,72.0,<=1h,75,77.5,75-80,31,27,0.8709677419354839,0.7741935483870968,0.09677419354838712,0.7114724304561464,0.9486579883535524
Entertainment,3d,72.0,<=1h,80,82.5,80-85,27,23,0.8518518518518519,0.8166666666666668,0.0351851851851851,0.6752093665317052,0.9408416814035512
Entertainment,3d,72.0,<=1h,85,87.5,85-90,29,25,0.8620689655172413,0.8689655172413794,-0.006896551724138056,0.6944064228730067,0.9450264914795217
Entertainment,3d,72.0,<=1h,90,92.5,90-95,65,61,0.9384615384615385,0.9184615384615384,0.020000000000000018,0.852176391786862,0.9758113365634377
Entertainment,3d,72.0,<=1h,95,97.5,95-100,112,111,0.9910714285714286,0.9742857142857143,0.016785714285714293,0.9511503338049636,0.9984221859116149
Entertainment,3d,72.0,<=6h,0,2.5,0-5,449,4,0.008908685968819599,0.017839643652561247,-0.008930957683741648,0.00346965654772724,0.02267988448383876
Entertainment,3d,72.0,<=6h,5,7.5,5-10,136,7,0.051470588235294115,0.06625,-0.014779411764705888,0.025152853298995935,0.10243149928278228
Entertainment,3d,72.0,<=6h,10,12.5,10-15,90,8,0.08888888888888889,0.11711111111111111,-0.028222222222222218,0.04572994532477847,0.16570719982193682
Entertainment,3d,72.0,<=6h,15,17.5,15-20,68,12,0.17647058823529413,0.16558823529411765,0.010882352941176482,0.10393485385088719,0.28360662629432115
Entertainment,3d,72.0,<=6h,20,22.5,20-25,69,12,0.17391304347826086,0.21710144927536232,-0.04318840579710145,0.10238268593034995,0.27983846242443633
Entertainment,3d,72.0,<=6h,25,27.5,25-30,60,14,0.23333333333333334,0.2693333333333333,-0.035999999999999976,0.1443943161843107,0.3543651134039202
Entertainment,3d,72.0,<=6h,30,32.5,30-35,60,16,0.26666666666666666,0.31733333333333336,-0.05066666666666669,0.17132496487078852,0.3900895360189135
Entertainment,3d,72.0,<=6h,35,37.5,35-40,41,13,0.3170731707317073,0.36609756097560975,-0.04902439024390243,0.19564433205311735,0.46984485655745856
Entertainment,3d,72.0,<=6h,40,42.5,40-45,36,15,0.4166666666666667,0.41888888888888887,-0.002222222222222181,0.2714033350508729,0.5780003033572231
Entertainment,3d,72.0,<=6h,45,47.5,45-50,46,15,0.32608695652173914,0.4667391304347826,-0.14065217391304347,0.20865764564493358,0.47032537255672924
Entertainment,3d,72.0,<=6h,50,52.5,50-55,39,21,0.5384615384615384,0.5138461538461538,0.024615384615384595,0.3856918682173881,0.6843335276595165
Entertainment,3d,72.0,<=6h,55,57.5,55-60,46,28,0.6086956521739131,0.5654347826086956,0.043260869565217464,0.4645658371764493,0.7360697764475116
Entertainment,3d,72.0,<=6h,60,62.5,60-65,46,28,0.6086956521739131,0.6184782608695653,-0.009782608695652173,0.4645658371764493,0.7360697764475116
Entertainment,3d,72.0,<=6h,65,67.5,65-70,58,40,0.6896551724137931,0.6732758620689655,0.016379310344827647,0.5619669315326005,0.7937806558519432
Entertainment,3d,72.0,<=6h,70,72.5,70-75,38,28,0.7368421052631579,0.7173684210526317,0.0194736842105262,0.5799084979362465,0.8502853761029869
Entertainment,3d,72.0,<=6h,75,77.5,75-80,55,45,0.8181818181818182,0.7738181818181817,0.044363636363636494,0.6966928866143076,0.898124385519693
Entertainment,3d,72.0,<=6h,80,82.5,80-85,47,39,0.8297872340425532,0.8165957446808512,0.013191489361702002,0.6985994892711489,0.9111374190873607
Entertainment,3d,72.0,<=6h,85,87.5,85-90,54,44,0.8148148148148148,0.8716666666666667,-0.05685185185185193,0.6916379770862061,0.8961742549405703
Entertainment,3d,72.0,<=6h,90,92.5,90-95,111,104,0.9369369369369369,0.9191891891891892,0.017747747747747677,0.8755219274661565,0.9691197354852479
Entertainment,3d,72.0,<=6h,95,97.5,95-100,216,212,0.9814814814814815,0.9754166666666667,0.006064814814814801,0.9533601149657861,0.9927756482382665
Entertainment,3d,72.0,<=24h,0,2.5,0-5,989,6,0.006066734074823054,0.017330637007077855,-0.0112639029322548,0.002783279026403086,0.013172539102087903
Entertainment,3d,72.0,<=24h,5,7.5,5-10,243,11,0.04526748971193416,0.0657201646090535,-0.02045267489711934,0.02546157016681291,0.07922742877015719
Entertainment,3d,72.0,<=24h,10,12.5,10-15,148,13,0.08783783783783784,0.11581081081081081,-0.027972972972972965,0.05205044562132614,0.14448067628466013
Entertainment,3d,72.0,<=24h,15,17.5,15-20,113,16,0.1415929203539823,0.1672566371681416,-0.0256637168141593,0.08907227229207428,0.2176814866430995
Entertainment,3d,72.0,<=24h,20,22.5,20-25,110,18,0.16363636363636364,0.2167272727272727,-0.05309090909090908,0.10608722310923731,0.24388677585072116
Entertainment,3d,72.0,<=24h,25,27.5,25-30,87,17,0.19540229885057472,0.2703448275862069,-0.0749425287356322,0.12573278124165055,0.29083407799464656
Entertainment,3d,72.0,<=24h,30,32.5,30-35,95,24,0.25263157894736843,0.31705263157894736,-0.06442105263157893,0.1760442180666685,0.3484474939250436
Entertainment,3d,72.0,<=24h,35,37.5,35-40,64,20,0.3125,0.36671875,-0.05421874999999998,0.21230909502265743,0.43392566359152623
Entertainment,3d,72.0,<=24h,40,42.5,40-45,60,24,0.4,0.41783333333333333,-0.017833333333333312,0.28569303003765506,0.5263417560579315
Entertainment,3d,72.0,<=24h,45,47.5,45-50,64,23,0.359375,0.46734375,-0.10796875,0.2528823053221461,0.48179376363849163
Entertainment,3d,72.0,<=24h,50,52.5,50-55,60,27,0.45,0.515,-0.065,0.33093453853760824,0.575082854510185
Entertainment,3d,72.0,<=24h,55,57.5,55-60,69,40,0.5797101449275363,0.5659420289855073,0.01376811594202898,0.46207193076612163,0.6889406774138196
Entertainment,3d,72.0,<=24h,60,62.5,60-65,69,43,0.6231884057971014,0.6186956521739131,0.00449275362318835,0.5052166912305035,0.7281664305021328
Entertainment,3d,72.0,<=24h,65,67.5,65-70,71,49,0.6901408450704225,0.6725352112676056,0.017605633802816878,0.5751576839846767,0.7856042452097819
Entertainment,3d,72.0,<=24h,70,72.5,70-75,57,42,0.7368421052631579,0.7194736842105263,0.01736842105263159,0.6102317358473626,0.8335435757815228
Entertainment,3d,72.0,<=24h,75,77.5,75-80,76,64,0.8421052631578947,0.7728947368421052,0.0692105263157895,0.7439836132582393,0.9073059400573255
Entertainment,3d,72.0,<=24h,80,82.5,80-85,70,61,0.8714285714285714,0.8158571428571428,0.055571428571428605,0.7733503128681549,0.9308597800875773
Entertainment,3d,72.0,<=24h,85,87.5,85-90,87,72,0.8275862068965517,0.8704597701149426,-0.042873563218390864,0.7348278122915763,0.8926380183410854
Entertainment,3d,72.0,<=24h,90,92.5,90-95,175,165,0.9428571428571428,0.9198285714285714,0.0230285714285714,0.8980200480918765,0.9686686865202048
Entertainment,3d,72.0,<=24h,95,97.5,95-100,494,488,0.9878542510121457,0.9790485829959514,0.008805668016194312,0.9737574306256315,0.9944220063679824
Entertainment,1d,24.0,all,0,2.5,0-5,3106,8,0.0025756600128783,0.016207340631036703,-0.013631680618158403,0.0013056935308910019,0.00507456712289921
Entertainment,1d,24.0,all,5,7.5,5-10,737,29,0.03934871099050204,0.06580732700135684,-0.026458616010854807,0.027534650742961145,0.055940143329078
Entertainment,1d,24.0,all,10,12.5,10-15,419,37,0.0883054892601432,0.11577565632458234,-0.027470167064439138,0.06474347399526595,0.11934815748091804
Entertainment,1d,24.0,all,15,17.5,15-20,270,36,0.13333333333333333,0.16848148148148148,-0.03514814814814815,0.09788729149770689,0.17906697695529664
Entertainment,1d,24.0,all,20,22.5,20-25,248,46,0.18548387096774194,0.21745967741935485,-0.03197580645161291,0.14203640099095005,0.23852661957435767
Entertainment,1d,24.0,all,25,27.5,25-30,178,33,0.1853932584269663,0.26870786516853934,-0.08331460674157304,0.1351653296223386,0.24891400095988245
Entertainment,1d,24.0,all,30,32.5,30-35,161,36,0.2236024844720497,0.3173913043478261,-0.09378881987577639,0.166111822046471,0.2939759227946371
Entertainment,1d,24.0,all,35,37.5,35-40,158,52,0.3291139240506329,0.3668987341772152,-0.0377848101265823,0.26066167404529694,0.4056787477004099
Entertainment,1d,24.0,all,40,42.5,40-45,104,33,0.3173076923076923,0.41865384615384615,-0.10134615384615386,0.23573019790441693,0.41190114287687707
Entertainment,1d,24.0,all,45,47.5,45-50,107,39,0.3644859813084112,0.47140186915887855,-0.10691588785046735,0.27945974844690114,0.4589056306165552
Entertainment,1d,24.0,all,50,52.5,50-55,93,34,0.3655913978494624,0.5164516129032258,-0.15086021505376346,0.27485550935138847,0.46699096984763344
Entertainment,1d,24.0,all,55,57.5,55-60,97,52,0.5360824742268041,0.5698969072164948,-0.03381443298969067,0.43736243792728813,0.6320533587280605
Entertainment,1d,24.0,all,60,62.5,60-65,130,72,0.5538461538461539,0.6173846153846153,-0.06353846153846143,0.4680699077833656,0.6365313522135263
Entertainment,1d,24.0,all,65,67.5,65-70,106,63,0.5943396226415094,0.6701886792452831,-0.07584905660377372,0.4991537444652249,0.6829266330966459
Entertainment,1d,24.0,all,70,72.5,70-75,94,67,0.7127659574468085,0.7205319148936171,-0.007765957446808636,0.6143663617863795,0.7944576966918138
Entertainment,1d,24.0,all,75,77.5,75-80,128,99,0.7734375,0.76875,0.004687499999999956,0.6935716289452745,0.8373685295479476
Entertainment,1d,24.0,all,80,82.5,80-85,148,118,0.7972972972972973,0.8185810810810811,-0.021283783783783816,0.7253906841490587,0.8541606377548201
Entertainment,1d,24.0,all,85,87.5,85-90,213,177,0.8309859154929577,0.8706103286384976,-0.03962441314553988,0.774896736757214,0.8753474968215827
Entertainment,1d,24.0,all,90,92.5,90-95,332,306,0.9216867469879518,0.9198493975903613,0.0018373493975905042,0.8877270034427222,0.9459993723249017
Entertainment,1d,24.0,all,95,97.5,95-100,1360,1338,0.9838235294117647,0.9797867647058824,0.004036764705882212,0.97562806056671,0.9892933789904936
Entertainment,1d,24.0,<=1h,0,2.5,0-5,350,1,0.002857142857142857,0.018857142857142857,-0.016,0.0005045210608510117,0.01600456096907424
Entertainment,1d,24.0,<=1h,5,7.5,5-10,142,12,0.08450704225352113,0.06640845070422535,0.018098591549295773,0.04900087007494773,0.14190213702316418
Entertainment,1d,24.0,<=1h,10,12.5,10-15,92,9,0.09782608695652174,0.11858695652173912,-0.020760869565217374,0.05232316443197395,0.17556952517254015
Entertainment,1d,24.0,<=1h,15,17.5,15-20,87,12,0.13793103448275862,0.16839080459770117,-0.030459770114942553,0.08069698827736069,0.22578814628653956
Entertainment,1d,24.0,<=1h,20,22.5,20-25,94,17,0.18085106382978725,0.21893617021276598,-0.03808510638297874,0.11609244873132439,0.2706714635513856
Entertainment,1d,24.0,<=1h,25,27.5,25-30,69,18,0.2608695652173913,0.2689855072463768,-0.008115942028985523,0.17185419574593983,0.3751079797142367
Entertainment,1d,24.0,<=1h,30,32.5,30-35,58,11,0.1896551724137931,0.31482758620689655,-0.12517241379310345,0.10934140042567436,0.3085261838541631
Entertainment,1d,24.0,<=1h,35,37.5,35-40,71,28,0.39436619718309857,0.3695774647887324,0.024788732394366186,0.28893226488668644,0.5106444411163921
Entertainment,1d,24.0,<=1h,40,42.5,40-45,42,19,0.4523809523809524,0.41904761904761906,0.033333333333333326,0.3122316381863852,0.6005113725287732
Entertainment,1d,24.0,<=1h,45,47.5,45-50,53,21,0.39622641509433965,0.47320754716981134,-0.07698113207547169,0.27589211919038936,0.5305876421111926
Entertainment,1d,24.0,<=1h,50,52.5,50-55,43,20,0.46511627906976744,0.5167441860465116,-0.05162790697674419,0.3251082626391856,0.6108461027112723
Entertainment,1d,24.0,<=1h,55,57.5,55-60,52,22,0.4230769230769231,0.5690384615384615,-0.14596153846153842,0.29867847908860445,0.558059150205685
Entertainment,1d,24.0,<=1h,60,62.5,60-65,75,44,0.5866666666666667,0.6177333333333334,-0.031066666666666687,0.47366310663468214,0.6912244654085031
Entertainment,1d,24.0,<=1h,65,67.5,65-70,61,34,0.5573770491803278,0.6691803278688525,-0.11180327868852469,0.4330314670045551,0.6749239196607956
Entertainment,1d,24.0,<=1h,70,72.5,70-75,45,33,0.7333333333333333,0.7193333333333334,0.013999999999999901,0.5896088330282471,0.8403525113994538
Entertainment,1d,24.0,<=1h,75,77.5,75-80,56,47,0.8392857142857143,0.7701785714285714,0.06910714285714292,0.7219354555032431,0.9130743035941074
Entertainment,1d,24.0,<=1h,80,82.5,80-85,70,57,0.8142857142857143,0.8195714285714285,-0.005285714285714227,0.7077420255730713,0.888128053081779
Entertainment,1d,24.0,<=1h,85,87.5,85-90,96,80,0.8333333333333334,0.8740625,-0.040729166666666594,0.7462882947885028,0.8947270735549533
Entertainment,1d,24.0,<=1h,90,92.5,90-95,104,95,0.9134615384615384,0.9204807692307692,-0.007019230769230722,0.8436613378211323,0.953804575147518
Entertainment,1d,24.0,<=1h,95,97.5,95-100,201,198,0.9850746268656716,0.9748756218905473,0.01019900497512427,0.9570437091797073,0.9949113624463686
Entertainment,1d,24.0,<=6h,0,2.5,0-5,856,3,0.0035046728971962616,0.017488317757009347,-0.013983644859813085,0.001192583921087273,0.010253245171154834
Entertainment,1d,24.0,<=6h,5,7.5,5-10,289,19,0.0657439446366782,0.06698961937716262,-0.001245674740484426,0.04248891591645314,0.10039242334682093
Entertainment,1d,24.0,<=6h,10,12.5,10-15,185,21,0.11351351351351352,0.11686486486486487,-0.003351351351351353,0.0754531197918648,0.16729847731385766
Entertainment,1d,24.0,<=6h,15,17.5,15-20,142,20,0.14084507042253522,0.16802816901408452,-0.0271830985915493,0.09306085211498924,0.20755022181727698
Entertainment,1d,24.0,<=6h,20,22.5,20-25,132,25,0.1893939393939394,0.21916666666666668,-0.029772727272727284,0.13170373049398293,0.26465202503304264
Entertainment,1d,24.0,<=6h,25,27.5,25-30,106,26,0.24528301886792453,0.2688679245283019,-0.023584905660377353,0.17323643086887058,0.3351465497140779
Entertainment,1d,24.0,<=6h,30,32.5,30-35,98,24,0.24489795918367346,0.31612244897959185,-0.07122448979591839,0.1704485358593521,0.3385929560260857
Entertainment,1d,24.0,<=6h,35,37.5,35-40,102,35,0.3431372549019608,0.3688235294117647,-0.02568627450980393,0.25820365661589834,0.43945775439829654
Entertainment,1d,24.0,<=6h,40,42.5,40-45,69,30,0.43478260869565216,0.41782608695652174,0.016956521739130426,0.32432616178765283,0.5521180678833044
Entertainment,1d,24.0,<=6h,45,47.5,45-50,75,28,0.37333333333333335,0.47240000000000004,-0.09906666666666669,0.2725580313531414,0.4864524402760493
Entertainment,1d,24.0,<=6h,50,52.5,50-55,64,29,0.453125,0.516875,-0.06374999999999997,0.3372925148603437,0.5742661747932022
Entertainment,1d,24.0,<=6h,55,57.5,55-60,75,36,0.48,0.5705333333333333,-0.09053333333333335,0.37068921756788065,0.5912598042683074
Entertainment,1d,24.0,<=6h,60,62.5,60-65,87,53,0.6091954022988506,0.617816091954023,-0.008620689655172376,0.5041319615871446,0.7050233152904094
Entertainment,1d,24.0,<=6h,65,67.5,65-70,80,46,0.575,0.66975,-0.09475,0.46569091970838705,0.6774361198519266
Entertainment,1d,24.0,<=6h,70,72.5,70-75,60,41,0.6833333333333333,0.72,-0.036666666666666625,0.5576599505698345,0.7869429415882567
Entertainment,1d,24.0,<=6h,75,77.5,75-80,87,70,0.8045977011494253,0.7695402298850574,0.03505747126436787,0.7091659220053534,0.8742672187583496
Entertainment,1d,24.0,<=6h,80,82.5,80-85,99,80,0.8080808080808081,0.8189898989898989,-0.010909090909090868,0.7195945946411957,0.8735505917425246
Entertainment,1d,24.0,<=6h,85,87.5,85-90,140,114,0.8142857142857143,0.8727142857142858,-0.058428571428571496,0.741788762240672,0.8699953113513903
Entertainment,1d,24.0,<=6h,90,92.5,90-95,193,174,0.9015544041450777,0.9190155440414507,-0.01746113989637299,0.8513671729785499,0.9360680033256459
Entertainment,1d,24.0,<=6h,95,97.5,95-100,421,412,0.9786223277909739,0.974893111638955,0.0037292161520189326,0.9598755276021871,0.9887133111555992
Entertainment,1d,24.0,<=24h,0,2.5,0-5,1641,5,0.0030469226081657527,0.016654478976234004,-0.013607556368068251,0.001302124698908052,0.0071130321161919545
Entertainment,1d,24.0,<=24h,5,7.5,5-10,495,24,0.048484848484848485,0.06658585858585858,-0.018101010101010097,0.032795064374613984,0.07112890668152888
Entertainment,1d,24.0,<=24h,10,12.5,10-15,289,31,0.10726643598615918,0.11608996539792388,-0.008823529411764702,0.076602794146607,0.14823411427077632
Entertainment,1d,24.0,<=24h,15,17.5,15-20,220,32,0.14545454545454545,0.1679090909090909,-0.02245454545454545,0.10495351916614619,0.198125086419232
Entertainment,1d,24.0,<=24h,20,22.5,20-25,187,33,0.17647058823529413,0.21818181818181817,-0.04171122994652404,0.12850519475405223,0.23746113543810712
Entertainment,1d,24.0,<=24h,25,27.5,25-30,151,30,0.1986754966887417,0.26880794701986754,-0.07013245033112583,0.1428606622546239,0.2694419747628184
Entertainment,1d,24.0,<=24h,30,32.5,30-35,138,30,0.21739130434782608,0.31731884057971016,-0.09992753623188408,0.15673432266168497,0.2933564828565833
Entertainment,1d,24.0,<=24h,35,37.5,35-40,137,47,0.34306569343065696,0.36810218978102194,-0.02503649635036498,0.26882511598985337,0.42586736123278557
Entertainment,1d,24.0,<=24h,40,42.5,40-45,93,32,0.34408602150537637,0.41763440860215056,-0.07354838709677419,0.25544922494036565,0.4450926909304998
Entertainment,1d,24.0,<=24h,45,47.5,45-50,95,34,0.35789473684210527,0.4716842105263158,-0.11378947368421055,0.2687489341134812,0.45808673022218316
Entertainment,1d,24.0,<=24h,50,52.5,50-55,82,32,0.3902439024390244,0.5169512195121951,-0.12670731707317073,0.2918451685297083,0.4984662888522603
Entertainment,1d,24.0,<=24h,55,57.5,55-60,89,46,0.5168539325842697,0.5703370786516854,-0.053483146067415666,0.4145040372503965,0.6178090637732825
Entertainment,1d,24.0,<=24h,60,62.5,60-65,109,64,0.5871559633027523,0.6188990825688073,-0.031743119266055,0.49329742159467677,0.6750801980066051
Entertainment,1d,24.0,<=24h,65,67.5,65-70,96,55,0.5729166666666666,0.6698958333333332,-0.09697916666666662,0.47304132562163337,0.6671807862034976
Entertainment,1d,24.0,<=24h,70,72.5,70-75,79,54,0.6835443037974683,0.720632911392405,-0.03708860759493671,0.5745170514704335,0.7755486160202957
Entertainment,1d,24.0,<=24h,75,77.5,75-80,116,90,0.7758620689655172,0.7688793103448276,0.006982758620689644,0.6918348361971409,0.8422034276444632
Entertainment,1d,24.0,<=24h,80,82.5,80-85,129,99,0.7674418604651163,0.8191472868217055,-0.051705426356589146,0.6874508458439789,0.8319647589063405
Entertainment,1d,24.0,<=24h,85,87.5,85-90,196,161,0.8214285714285714,0.8709183673469387,-0.04948979591836733,0.7617902355865095,0.8687091199030382
Entertainment,1d,24.0,<=24h,90,92.5,90-95,276,250,0.9057971014492754,0.9197463768115942,-0.013949275362318825,0.8655506995607656,0.9349021280388479
Entertainment,1d,24.0,<=24h,95,97.5,95-100,809,791,0.9777503090234858,0.9773053152039555,0.0004449938195303371,0.9651042504035193,0.9858805417134197
Entertainment,6h,6.0,all,0,2.5,0-5,4771,31,0.006497589603856634,0.015573255082791868,-0.009075665478935235,0.004581345712821464,0.0092079284695933
Entertainment,6h,6.0,all,5,7.5,5-10,918,24,0.026143790849673203,0.06553376906318083,-0.03938997821350762,0.01763038893073987,0.038606604496330466
Entertainment,6h,6.0,all,10,12.5,10-15,441,43,0.09750566893424037,0.11582766439909298,-0.01832199546485261,0.07319622545213932,0.12876690029868976
Entertainment,6h,6.0,all,15,17.5,15-20,200,18,0.09,0.16615,-0.07615,0.05768697871453362,0.13776674613848952
Entertainment,6h,6.0,all,20,22.5,20-25,200,33,0.165,0.21775,-0.05274999999999999,0.11996784122663977,0.22265898273863527
Entertainment,6h,6.0,all,25,27.5,25-30,138,29,0.21014492753623187,0.2659420289855073,-0.05579710144927541,0.15048902277634182,0.2855015469859846
Entertainment,6h,6.0,all,30,32.5,30-35,121,29,0.2396694214876033,0.31702479338842976,-0.07735537190082645,0.1723698646652917,0.322990656186732
Entertainment,6h,6.0,all,35,37.5,35-40,103,30,0.2912621359223301,0.3685436893203884,-0.07728155339805831,0.21228815534212062,0.3852468871881298
Entertainment,6h,6.0,all,40,42.5,40-45,77,18,0.23376623376623376,0.4176623376623377,-0.18389610389610392,0.1532949838383708,0.33954038804937015
Entertainment,6h,6.0,all,45,47.5,45-50,60,24,0.4,0.4765,-0.07649999999999996,0.28569303003765506,0.5263417560579315
Entertainment,6h,6.0,all,50,52.5,50-55,79,32,0.4050632911392405,0.5170886075949367,-0.11202531645569619,0.30366107968229633,0.5152704716156022
Entertainment,6h,6.0,all,55,57.5,55-60,53,26,0.49056603773584906,0.570754716981132,-0.08018867924528295,0.36124029356039444,0.6211669574670219
Entertainment,6h,6.0,all,60,62.5,60-65,92,45,0.4891304347826087,0.6184782608695653,-0.12934782608695655,0.38948537521624554,0.5896468596379305
Entertainment,6h,6.0,all,65,67.5,65-70,82,49,0.5975609756097561,0.6678048780487805,-0.07024390243902445,0.489362574712238,0.6970272409482342
Entertainment,6h,6.0,all,70,72.5,70-75,72,53,0.7361111111111112,0.7195833333333332,0.01652777777777792,0.6242391943879235,0.8240635840344728
Entertainment,6h,6.0,all,75,77.5,75-80,86,66,0.7674418604651163,0.7677906976744185,-0.00034883720930223294,0.6679021685151015,0.8441100841607191
Entertainment,6h,6.0,all,80,82.5,80-85,116,98,0.8448275862068966,0.8190517241379311,0.025775862068965427,0.7680131017143033,0.8995347280877022
Entertainment,6h,6.0,all,85,87.5,85-90,170,150,0.8823529411764706,0.8709411764705882,0.011411764705882343,0.8252689384712235,0.9225382607262067
Entertainment,6h,6.0,all,90,92.5,90-95,341,320,0.9384164222873901,0.9222287390029326,0.01618768328445752,0.9076933241390476,0.959371438349005
Entertainment,6h,6.0,all,95,97.5,95-100,2250,2211,0.9826666666666667,0.9819644444444444,0.0007022222222222707,0.9763933966579911,0.9872945572780797
Entertainment,6h,6.0,<=1h,0,2.5,0-5,588,8,0.013605442176870748,0.01835034013605442,-0.004744897959183673,0.006909776489754523,0.026615409979057404
Entertainment,6h,6.0,<=1h,5,7.5,5-10,202,9,0.04455445544554455,0.06757425742574258,-0.023019801980198026,0.023614342789242224,0.08249443211340136
Entertainment,6h,6.0,<=1h,10,12.5,10-15,108,19,0.17592592592592593,0.1175925925925926,0.058333333333333334,0.11561771988481864,0.25849709964566014
Entertainment,6h,6.0,<=1h,15,17.5,15-20,57,5,0.08771929824561403,0.16350877192982455,-0.07578947368421052,0.038051110766638294,0.18945112454604246
Entertainment,6h,6.0,<=1h,20,22.5,20-25,67,12,0.1791044776119403,0.22029850746268656,-0.04119402985074627,0.10553487941259442,0.28747713612629794
Entertainment,6h,6.0,<=1h,25,27.5,25-30,54,12,0.2222222222222222,0.2674074074074074,-0.04518518518518522,0.13195287989578958,0.34938926831587813
Entertainment,6h,6.0,<=1h,30,32.5,30-35,46,10,0.21739130434782608,0.32217391304347825,-0.10478260869565217,0.12260774618580751,0.35573965839189464
Entertainment,6h,6.0,<=1h,35,37.5,35-40,47,13,0.2765957446808511,0.37170212765957444,-0.09510638297872337,0.16936405991152936,0.41758835700689967
Entertainment,6h,6.0,<=1h,40,42.5,40-45,25,7,0.28,0.42,-0.13999999999999996,0.1428367383738157,0.47576971896558296
Entertainment,6h,6.0,<=1h,45,47.5,45-50,25,9,0.36,0.4736,-0.11360000000000003,0.20247656431735636,0.5548184539895337
Entertainment,6h,6.0,<=1h,50,52.5,50-55,37,15,0.40540540540540543,0.5213513513513514,-0.11594594594594593,0.26346295839940137,0.565143168686707
Entertainment,6h,6.0,<=1h,55,57.5,55-60,26,16,0.6153846153846154,0.5726923076923076,0.04269230769230781,0.42534520039420076,0.7757164048816557
Entertainment,6h,6.0,<=1h,60,62.5,60-65,33,18,0.5454545454545454,0.6163636363636363,-0.07090909090909092,0.3798565794374957,0.701573108741085
Entertainment,6h,6.0,<=1h,65,67.5,65-70,37,22,0.5945945945945946,0.6691891891891892,-0.07459459459459461,0.4348568313132931,0.7365370416005986
Entertainment,6h,6.0,<=1h,70,72.5,70-75,35,23,0.6571428571428571,0.7225714285714285,-0.06542857142857139,0.4915164687273671,0.7916850471731106
Entertainment,6h,6.0,<=1h,75,77.5,75-80,34,29,0.8529411764705882,0.7688235294117647,0.08411764705882352,0.6987161182594804,0.9355065361737359
Entertainment,6h,6.0,<=1h,80,82.5,80-85,55,45,0.8181818181818182,0.8187272727272727,-0.0005454545454545157,0.6966928866143076,0.898124385519693
Entertainment,6h,6.0,<=1h,85,87.5,85-90,70,58,0.8285714285714286,0.8724285714285714,-0.04385714285714282,0.7238313393501764,0.8991237428798945
Entertainment,6h,6.0,<=1h,90,92.5,90-95,92,83,0.9021739130434783,0.9241304347826087,-0.02195652173913043,0.8244304748274598,0.9476768355680261
Entertainment,6h,6.0,<=1h,95,97.5,95-100,340,333,0.9794117647058823,0.9778823529411764,0.0015294117647058902,0.958118818270348,0.9899921723718546
Entertainment,6h,6.0,<=6h,0,2.5,0-5,2076,26,0.012524084778420038,0.016233140655105973,-0.003709055876685935,0.00856096821988936,0.018287999509191542
Entertainment,6h,6.0,<=6h,5,7.5,5-10,492,19,0.03861788617886179,0.06571138211382115,-0.027093495934959355,0.024859853895524794,0.05952515938290928
Entertainment,6h,6.0,<=6h,10,12.5,10-15,241,34,0.14107883817427386,0.11672199170124481,0.024356846473029048,0.10274473207982793,0.19067599380989014
Entertainment,6h,6.0,<=6h,15,17.5,15-20,123,12,0.0975609756097561,0.16536585365853657,-0.06780487804878046,0.05669218194661626,0.16280678369241697
Entertainment,6h,6.0,<=6h,20,22.5,20-25,121,22,0.18181818181818182,0.21909090909090911,-0.03727272727272729,0.12324630475994337,0.2599721096147522
Entertainment,6h,6.0,<=6h,25,27.5,25-30,100,24,0.24,0.2656,-0.02560000000000001,0.16691211265459965,0.3323251872329213
Entertainment,6h,6.0,<=6h,30,32.5,30-35,87,20,0.22988505747126436,0.31873563218390805,-0.08885057471264368,0.15403115692511482,0.32858473711462033
Entertainment,6h,6.0,<=6h,35,37.5,35-40,72,22,0.3055555555555556,0.3719444444444444,-0.06638888888888883,0.21126482045921047,0.4195446561341104
Entertainment,6h,6.0,<=6h,40,42.5,40-45,56,15,0.26785714285714285,0.4182142857142857,-0.15035714285714286,0.1695715866189496,0.3959480518933896
Entertainment,6h,6.0,<=6h,45,47.5,45-50,48,19,0.3958333333333333,0.47520833333333334,-0.07937500000000003,0.2702062649595057,0.5368984540306487
Entertainment,6h,6.0,<=6h,50,52.5,50-55,63,27,0.42857142857142855,0.5177777777777778,-0.08920634920634923,0.3139672637328724,0.5513860491740598
Entertainment,6h,6.0,<=6h,55,57.5,55-60,47,22,0.46808510638297873,0.5706382978723404,-0.1025531914893617,0.33331462168462633,0.6076785807322921
Entertainment,6h,6.0,<=6h,60,62.5,60-65,59,32,0.5423728813559322,0.6176271186440678,-0.07525423728813563,0.4165761502342809,0.6629889785975757
Entertainment,6h,6.0,<=6h,65,67.5,65-70,62,34,0.5483870967741935,0.6667741935483871,-0.11838709677419357,0.42532294530598713,0.6658048523173997
Entertainment,6h,6.0,<=6h,70,72.5,70-75,55,37,0.6727272727272727,0.7196363636363636,-0.0469090909090909,0.5410297617609947,0.7818710431117484
Entertainment,6h,6.0,<=6h,75,77.5,75-80,67,51,0.7611940298507462,0.7685074626865672,-0.007313432835820977,0.6467400924582429,0.8473198948938214
Entertainment,6h,6.0,<=6h,80,82.5,80-85,90,74,0.8222222222222222,0.8190000000000001,0.0032222222222221264,0.7305591926397842,0.8875035854884658
Entertainment,6h,6.0,<=6h,85,87.5,85-90,139,120,0.8633093525179856,0.8710071942446044,-0.007697841726618804,0.7963620105629707,0.9107149194070099
Entertainment,6h,6.0,<=6h,90,92.5,90-95,243,227,0.934156378600823,0.9237448559670781,0.010411522633744896,0.8957308746661576,0.9590683163940201
Entertainment,6h,6.0,<=6h,95,97.5,95-100,1215,1184,0.974485596707819,0.9802962962962962,-0.005810699588477242,0.964012219836599,0.9819679633143534
Entertainment,6h,6.0,<=24h,0,2.5,0-5,3226,30,0.009299442033477991,0.01570675759454433,-0.006407315561066338,0.0065217444473207615,0.013244426128970038
Entertainment,6h,6.0,<=24h,5,7.5,5-10,690,22,0.03188405797101449,0.0657536231884058,-0.03386956521739131,0.021148399114055895,0.04780336163364212
Entertainment,6h,6.0,<=24h,10,12.5,10-15,330,41,0.12424242424242424,0.11627272727272726,0.007969696969696974,0.09291867626613907,0.16421404775627152
Entertainment,6h,6.0,<=24h,15,17.5,15-20,159,17,0.1069182389937107,0.16566037735849057,-0.05874213836477987,0.06783213976385669,0.1645507402864499
Entertainment,6h,6.0,<=24h,20,22.5,20-25,147,25,0.17006802721088435,0.21843537414965986,-0.04836734693877551,0.11792934662143165,0.23901197460560383
Entertainment,6h,6.0,<=24h,25,27.5,25-30,112,26,0.23214285714285715,0.26553571428571426,-0.03339285714285711,0.1636292344952321,0.3184221183866342
Entertainment,6h,6.0,<=24h,30,32.5,30-35,101,24,0.2376237623762376,0.31752475247524753,-0.07990099009900992,0.16519850461757263,0.3292769707662444
Entertainment,6h,6.0,<=24h,35,37.5,35-40,84,26,0.30952380952380953,0.36964285714285716,-0.06011904761904763,0.22081781137605916,0.4148900992266621
Entertainment,6h,6.0,<=24h,40,42.5,40-45,66,18,0.2727272727272727,0.41666666666666663,-0.14393939393939392,0.180032031620791,0.3904245444026678
Entertainment,6h,6.0,<=24h,45,47.5,45-50,52,20,0.38461538461538464,0.47615384615384615,-0.09153846153846151,0.26470271334885215,0.5204037305925822
Entertainment,6h,6.0,<=24h,50,52.5,50-55,71,31,0.43661971830985913,0.5169014084507042,-0.08028169014084507,0.32745937963101784,0.5522866439708294
Entertainment,6h,6.0,<=24h,55,57.5,55-60,48,22,0.4583333333333333,0.5710416666666667,-0.11270833333333335,0.3257502185455351,0.5970916690505266
Entertainment,6h,6.0,<=24h,60,62.5,60-65,71,36,0.5070422535211268,0.6195774647887324,-0.11253521126760568,0.3934110961033843,0.6199504568297438
Entertainment,6h,6.0,<=24h,65,67.5,65-70,73,41,0.5616438356164384,0.6665753424657533,-0.10493150684931496,0.44757571671811325,0.6695483410839106
Entertainment,6h,6.0,<=24h,70,72.5,70-75,61,42,0.6885245901639344,0.72,-0.03147540983606556,0.5640832930215206,0.7906272631646315
Entertainment,6h,6.0,<=24h,75,77.5,75-80,80,62,0.775,0.768,0.007000000000000006,0.6721300467523076,0.8526690983021762
Entertainment,6h,6.0,<=24h,80,82.5,80-85,101,83,0.8217821782178217,0.8194059405940594,0.0023762376237623783,0.7357926525531545,0.8841902549949942
Entertainment,6h,6.0,<=24h,85,87.5,85-90,159,139,0.8742138364779874,0.870880503144654,0.0033333333333334103,0.81369340406447,0.9170780941276383
Entertainment,6h,6.0,<=24h,90,92.5,90-95,282,261,0.925531914893617,0.9227659574468084,0.00276595744680852,0.8888452129281639,0.9507806497874101
Entertainment,6h,6.0,<=24h,95,97.5,95-100,1677,1639,0.977340488968396,0.9813476446034585,-0.004007155635062487,0.9690519120379882,0.9834471217793567
Entertainment,1h,1.0,all,0,2.5,0-5,5210,28,0.005374280230326296,0.015299424184261036,-0.009925143953934741,0.003720965525413341,0.007756483271650228
Entertainment,1h,1.0,all,5,7.5,5-10,917,31,0.03380588876772083,0.06539803707742639,-0.03159214830970556,0.023916608934025647,0.04758493921497196
Entertainment,1h,1.0,all,10,12.5,10-15,387,21,0.05426356589147287,0.11594315245478036,-0.06167958656330749,0.03576216633858012,0.08152729312530499
Entertainment,1h,1.0,all,15,17.5,15-20,189,19,0.10052910052910052,0.16693121693121693,-0.0664021164021164,0.06530542574635956,0.151668505189704
Entertainment,1h,1.0,all,20,22.5,20-25,158,22,0.13924050632911392,0.21702531645569623,-0.07778481012658231,0.09378299285618732,0.20182456416252728
Entertainment,1h,1.0,all,25,27.5,25-30,122,28,0.22950819672131148,0.26491803278688525,-0.03540983606557377,0.16383013773421828,0.3117010061800358
Entertainment,1h,1.0,all,30,32.5,30-35,88,27,0.3068181818181818,0.3176136363636364,-0.010795454545454553,0.22023391113033136,0.4095634791590365
Entertainment,1h,1.0,all,35,37.5,35-40,71,19,0.2676056338028169,0.36464788732394365,-0.09704225352112678,0.17852666541700807,0.38054208778976467
Entertainment,1h,1.0,all,40,42.5,40-45,58,14,0.2413793103448276,0.41586206896551725,-0.17448275862068965,0.14958739726966278,0.3653022562968685
Entertainment,1h,1.0,all,45,47.5,45-50,42,19,0.4523809523809524,0.47523809523809524,-0.022857142857142854,0.3122316381863852,0.6005113725287732
Entertainment,1h,1.0,all,50,52.5,50-55,58,19,0.3275862068965517,0.5137931034482759,-0.18620689655172418,0.22083123880342104,0.4557618635742664
Entertainment,1h,1.0,all,55,57.5,55-60,41,24,0.5853658536585366,0.5709756097560975,0.014390243902439037,0.433668353568366,0.7224366917466984
Entertainment,1h,1.0,all,60,62.5,60-65,71,36,0.5070422535211268,0.6183098591549296,-0.11126760563380289,0.3934110961033843,0.6199504568297438
Entertainment,1h,1.0,all,65,67.5,65-70,69,37,0.5362318840579711,0.6689855072463768,-0.13275362318840578,0.4197820076036184,0.6488600870236277
Entertainment,1h,1.0,all,70,72.5,70-75,68,49,0.7205882352941176,0.7201470588235295,0.0004411764705881671,0.6043634045165331,0.8132219499299158
Entertainment,1h,1.0,all,75,77.5,75-80,66,48,0.7272727272727273,0.7678787878787878,-0.040606060606060534,0.6095754555973323,0.8199679683792089
Entertainment,1h,1.0,all,80,82.5,80-85,92,84,0.9130434782608695,0.8218478260869566,0.0911956521739129,0.8376957293056827,0.9552793462356269
Entertainment,1h,1.0,all,85,87.5,85-90,126,111,0.8809523809523809,0.8731746031746032,0.007777777777777772,0.8128484274160289,0.9265139957210858
Entertainment,1h,1.0,all,90,92.5,90-95,330,311,0.9424242424242424,0.9218181818181819,0.020606060606060517,0.9118319416395545,0.9628343671727683
Entertainment,1h,1.0,all,95,97.5,95-100,2469,2428,0.9833940866747671,0.9826245443499393,0.0007695423248278432,0.9775506699732688,0.9877355820859008
Entertainment,1h,1.0,<=1h,0,2.5,0-5,1078,15,0.013914656771799629,0.016910946196660483,-0.002996289424860854,0.008450290935454472,0.02283118317313962
Entertainment,1h,1.0,<=1h,5,7.5,5-10,298,20,0.06711409395973154,0.0652013422818792,0.001912751677852348,0.043862411310802187,0.10138463217160715
Entertainment,1h,1.0,<=1h,10,12.5,10-15,115,14,0.12173913043478261,0.11556521739130435,0.006173913043478266,0.07391909135929693,0.1940140229710386
Entertainment,1h,1.0,<=1h,15,17.5,15-20,73,10,0.136986301369863,0.1678082191780822,-0.03082191780821919,0.07614307799620813,0.23412635939187332
Entertainment,1h,1.0,<=1h,20,22.5,20-25,52,6,0.11538461538461539,0.2175,-0.10211538461538461,0.05396895756082726,0.22971918891062054
Entertainment,1h,1.0,<=1h,25,27.5,25-30,52,16,0.3076923076923077,0.2678846153846154,0.03980769230769232,0.19914562391353519,0.4426984493221887
Entertainment,1h,1.0,<=1h,30,32.5,30-35,38,14,0.3684210526315789,0.32,0.04842105263157892,0.23384013155413794,0.5271632717573987
Entertainment,1h,1.0,<=1h,35,37.5,35-40,32,10,0.3125,0.3684375,-0.05593749999999997,0.17952352116618736,0.4856699969803239
Entertainment,1h,1.0,<=1h,40,42.5,40-45,23,9,0.391304347826087,0.41608695652173916,-0.024782608695652186,0.22157377982382145,0.5921482039625402
Entertainment,1h,1.0,<=1h,45,47.5,45-50,18,5,0.2777777777777778,0.4727777777777778,-0.195,0.12499569146355474,0.5087307754619452
Entertainment,1h,1.0,<=1h,50,52.5,50-55,28,10,0.35714285714285715,0.5157142857142857,-0.15857142857142853,0.20705611972458876,0.5417002241777278
Entertainment,1h,1.0,<=1h,55,57.5,55-60,22,14,0.6363636363636364,0.5709090909090909,0.06545454545454543,0.4295134934371804,0.802670272273921
Entertainment,1h,1.0,<=1h,60,62.5,60-65,31,17,0.5483870967741935,0.6170967741935484,-0.06870967741935485,0.37771879603669134,0.7083851716341388
Entertainment,1h,1.0,<=1h,65,67.5,65-70,45,21,0.4666666666666667,0.6695555555555555,-0.20288888888888879,0.3293490394201473,0.6092279113758954
Entertainment,1h,1.0,<=1h,70,72.5,70-75,43,29,0.6744186046511628,0.7202325581395348,-0.04581395348837203,0.5251593250655096,0.7950688481822019
Entertainment,1h,1.0,<=1h,75,77.5,75-80,42,32,0.7619047619047619,0.7697619047619049,-0.007857142857143007,0.6147216491768113,0.8651917918898182
Entertainment,1h,1.0,<=1h,80,82.5,80-85,54,47,0.8703703703703703,0.8231481481481481,0.047222222222222276,0.7557801946793228,0.9357636077051201
Entertainment,1h,1.0,<=1h,85,87.5,85-90,66,57,0.8636363636363636,0.8725757575757576,-0.008939393939393914,0.7607018517959349,0.9265676265665311
Entertainment,1h,1.0,<=1h,90,92.5,90-95,160,148,0.925,0.9236249999999999,0.0013750000000001261,0.8734905849508775,0.9565794338965946
Entertainment,1h,1.0,<=1h,95,97.5,95-100,758,739,0.974934036939314,0.9805936675461742,-0.005659630606860144,0.9611829983163807,0.9838953486785853
Entertainment,1h,1.0,<=6h,0,2.5,0-5,2038,22,0.010794896957801767,0.016045142296368987,-0.00525024533856722,0.007139517107062663,0.016291095727938836
Entertainment,1h,1.0,<=6h,5,7.5,5-10,478,28,0.058577405857740586,0.0650418410041841,-0.006464435146443515,0.040835251783232315,0.08335825911329467
Entertainment,1h,1.0,<=6h,10,12.5,10-15,181,19,0.10497237569060773,0.11558011049723756,-0.010607734806629826,0.0682373390901575,0.15812728878581844
Entertainment,1h,1.0,<=6h,15,17.5,15-20,113,15,0.13274336283185842,0.16761061946902653,-0.03486725663716811,0.08212152163950824,0.20751504615826244
Entertainment,1h,1.0,<=6h,20,22.5,20-25,77,10,0.12987012987012986,0.2174025974025974,-0.08753246753246754,0.07209751490940192,0.22281995332477456
Entertainment,1h,1.0,<=6h,25,27.5,25-30,77,20,0.2597402597402597,0.26454545454545453,-0.004805194805194812,0.17489066479540777,0.3674241830057244
Entertainment,1h,1.0,<=6h,30,32.5,30-35,50,18,0.36,0.3212,0.0388,0.24138562967182875,0.49859237989698046
Entertainment,1h,1.0,<=6h,35,37.5,35-40,45,13,0.28888888888888886,0.3668888888888889,-0.07800000000000001,0.1772991803190016,0.43368817472260224
Entertainment,1h,1.0,<=6h,40,42.5,40-45,30,13,0.43333333333333335,0.4156666666666667,0.017666666666666664,0.2737723743061511,0.6080299045459127
Entertainment,1h,1.0,<=6h,45,47.5,45-50,25,11,0.44,0.47240000000000004,-0.03240000000000004,0.2666537494700256,0.6293298298043557
Entertainment,1h,1.0,<=6h,50,52.5,50-55,36,13,0.3611111111111111,0.5130555555555556,-0.1519444444444445,0.2247538679218132,0.5242521960916802
Entertainment,1h,1.0,<=6h,55,57.5,55-60,30,18,0.6,0.57,0.030000000000000027,0.42320052498273836,0.7540960567391659
Entertainment,1h,1.0,<=6h,60,62.5,60-65,37,21,0.5675675675675675,0.6181081081081081,-0.05054054054054058,0.40913906334200717,0.713285131596487
Entertainment,1h,1.0,<=6h,65,67.5,65-70,49,24,0.4897959183673469,0.670204081632653,-0.18040816326530607,0.3557488315940086,0.6253266846659078
Entertainment,1h,1.0,<=6h,70,72.5,70-75,48,30,0.625,0.7202083333333333,-0.09520833333333334,0.48362506125249566,0.7478492759593187
Entertainment,1h,1.0,<=6h,75,77.5,75-80,49,36,0.7346938775510204,0.77,-0.03530612244897957,0.5973744384734165,0.8378886875485057
Entertainment,1h,1.0,<=6h,80,82.5,80-85,67,60,0.8955223880597015,0.8231343283582089,0.07238805970149265,0.7996850237616437,0.9484629570857679
Entertainment,1h,1.0,<=6h,85,87.5,85-90,88,76,0.8636363636363636,0.8735227272727273,-0.009886363636363638,0.7766106394938308,0.9202413317261828
Entertainment,1h,1.0,<=6h,90,92.5,90-95,222,206,0.9279279279279279,0.9224324324324324,0.005495495495495439,0.886143950516902,0.9551536669282452
Entertainment,1h,1.0,<=6h,95,97.5,95-100,1209,1180,0.9760132340777502,0.9808767576509512,-0.004863523573200967,0.9657632132139891,0.9832477705781235
Entertainment,1h,1.0,<=24h,0,2.5,0-5,3684,27,0.007328990228013029,0.01539359391965255,-0.008064603691639522,0.005041846411183798,0.010642558255220525
Entertainment,1h,1.0,<=24h,5,7.5,5-10,701,29,0.04136947218259629,0.06530670470756063,-0.02393723252496434,0.028956176861556607,0.058782117813445556
Entertainment,1h,1.0,<=24h,10,12.5,10-15,284,21,0.07394366197183098,0.11661971830985916,-0.04267605633802818,0.04886905995968731,0.11039075516085121
Entertainment,1h,1.0,<=24h,15,17.5,15-20,149,18,0.12080536912751678,0.1666442953020134,-0.04583892617449663,0.07779663227338414,0.18287585479819846
Entertainment,1h,1.0,<=24h,20,22.5,20-25,106,13,0.12264150943396226,0.21745283018867922,-0.09481132075471696,0.07309052037980972,0.19858796937270662
Entertainment,1h,1.0,<=24h,25,27.5,25-30,96,25,0.2604166666666667,0.264375,-0.0039583333333333415,0.18305777843717663,0.35621242556596444
Entertainment,1h,1.0,<=24h,30,32.5,30-35,69,23,0.3333333333333333,0.31869565217391305,0.014637681159420268,0.23350891006988278,0.4507374546447857
Entertainment,1h,1.0,<=24h,35,37.5,35-40,55,16,0.2909090909090909,0.36581818181818176,-0.07490909090909087,0.18771037010850328,0.4214097082034393
Entertainment,1h,1.0,<=24h,40,42.5,40-45,46,14,0.30434782608695654,0.41434782608695647,-0.10999999999999993,0.19079670807448904,0.4480591874023817
Entertainment,1h,1.0,<=24h,45,47.5,45-50,34,15,0.4411764705882353,0.4744117647058823,-0.03323529411764703,0.28883240215296746,0.6054638221081631
Entertainment,1h,1.0,<=24h,50,52.5,50-55,49,18,0.3673469387755102,0.5132653061224489,-0.1459183673469387,0.24664982524781226,0.5073318861311014
Entertainment,1h,1.0,<=24h,55,57.5,55-60,36,20,0.5555555555555556,0.5713888888888888,-0.015833333333333255,0.3958078731600341,0.7045897012345685
Entertainment,1h,1.0,<=24h,60,62.5,60-65,52,27,0.5192307692307693,0.6203846153846154,-0.10115384615384615,0.3868545397052721,0.6489610529711556
Entertainment,1h,1.0,<=24h,65,67.5,65-70,61,30,0.4918032786885246,0.6680327868852458,-0.17622950819672123,0.37060186643725185,0.6139759354676981
Entertainment,1h,1.0,<=24h,70,72.5,70-75,57,38,0.6666666666666666,0.720701754385965,-0.054035087719298325,0.5372226902277747,0.7750636401777372
Entertainment,1h,1.0,<=24h,75,77.5,75-80,61,45,0.7377049180327869,0.7680327868852459,-0.030327868852458972,0.6156301967155846,0.8316135480408682
Entertainment,1h,1.0,<=24h,80,82.5,80-85,75,67,0.8933333333333333,0.8230666666666667,0.07026666666666659,0.8033843735268642,0.9449515303614384
Entertainment,1h,1.0,<=24h,85,87.5,85-90,114,99,0.868421052631579,0.8732456140350877,-0.004824561403508731,0.7942070686004767,0.9186142101330097
Entertainment,1h,1.0,<=24h,90,92.5,90-95,277,258,0.9314079422382672,0.9225270758122744,0.008880866425992728,0.8953616232467863,0.955651901815028
Entertainment,1h,1.0,<=24h,95,97.5,95-100,1910,1870,0.9790575916230366,0.9822251308900524,-0.00316753926701574,0.9716089738048781,0.9845830119895576
Other,30d,720.0,all,0,2.5,0-5,763,8,0.010484927916120577,0.020052424639580603,-0.009567496723460026,0.0053221889929726774,0.020552254959989708
Other,30d,720.0,all,5,7.5,5-10,365,12,0.03287671232876712,0.06657534246575342,-0.0336986301369863,0.018904908472955898,0.05657898488397563
Other,30d,720.0,all,10,12.5,10-15,212,20,0.09433962264150944,0.11660377358490566,-0.02226415094339622,0.061901065748509024,0.14121825879319194
Other,30d,720.0,all,15,17.5,15-20,158,24,0.1518987341772152,0.16670886075949365,-0.014810126582278454,0.10424930622012754,0.21607377511371992
Other,30d,720.0,all,20,22.5,20-25,120,23,0.19166666666666668,0.218,-0.02633333333333332,0.13124933052612614,0.2712131699583638
Other,30d,720.0,all,25,27.5,25-30,96,28,0.2916666666666667,0.2664583333333333,0.025208333333333388,0.21016461419964405,0.38920078058569607
Other,30d,720.0,all,30,32.5,30-35,84,29,0.34523809523809523,0.3157142857142857,0.029523809523809508,0.2523486284686916,0.45166404889601935
Other,30d,720.0,all,35,37.5,35-40,69,29,0.42028985507246375,0.3663768115942029,0.05391304347826087,0.3110593225861805,0.5379280692338784
Other,30d,720.0,all,40,42.5,40-45,56,28,0.5,0.4182142857142857,0.0817857142857143,0.37331520958682995,0.62668479041317
Other,30d,720.0,all,45,47.5,45-50,63,28,0.4444444444444444,0.4695238095238095,-0.02507936507936509,0.3284690053363267,0.5668057935912871
Other,30d,720.0,all,50,52.5,50-55,60,29,0.48333333333333334,0.5215,-0.03816666666666663,0.3617484128577001,0.6069240514915643
Other,30d,720.0,all,55,57.5,55-60,60,34,0.5666666666666667,0.568,-0.0013333333333332975,0.44103214654694856,0.6842779960559936
Other,30d,720.0,all,60,62.5,60-65,55,35,0.6363636363636364,0.6196363636363637,0.016727272727272702,0.5042251814868371,0.7506965065705916
Other,30d,720.0,all,65,67.5,65-70,65,44,0.676923076923077,0.67,0.006923076923076921,0.5561376050627119,0.7779627063768827
Other,30d,720.0,all,70,72.5,70-75,66,44,0.6666666666666666,0.7181818181818181,-0.051515151515151514,0.5465611809612104,0.7684373299549198
Other,30d,720.0,all,75,77.5,75-80,73,61,0.8356164383561644,0.7697260273972603,0.06589041095890413,0.7342874444391131,0.903387981371906
Other,30d,720.0,all,80,82.5,80-85,80,67,0.8375,0.8216249999999999,0.015875000000000083,0.7415689513651669,0.9025027266562451
Other,30d,720.0,all,85,87.5,85-90,81,71,0.8765432098765432,0.8676543209876543,0.008888888888888946,0.7874473347058997,0.9315395773749664
Other,30d,720.0,all,90,92.5,90-95,93,89,0.956989247311828,0.9208602150537635,0.03612903225806452,0.8945728520441867,0.9831491186791388
Other,30d,720.0,all,95,97.5,95-100,168,163,0.9702380952380952,0.9733928571428571,-0.003154761904761827,0.932229337072173,0.9872220646838628
Other,30d,720.0,<=1h,0,2.5,0-5,36,1,0.027777777777777776,0.026666666666666665,0.0011111111111111113,0.004920280295569679,0.141700337350308
Other,30d,720.0,<=1h,5,7.5,5-10,5,0,0.0,0.07400000000000001,-0.07400000000000001,0.0,0.43449149475208104
Other,30d,720.0,<=1h,10,12.5,10-15,9,0,0.0,0.11333333333333334,-0.11333333333333334,0.0,0.2991527535509594
Other,30d,720.0,<=1h,15,17.5,15-20,3,2,0.6666666666666666,0.16333333333333333,0.5033333333333333,0.2076549551264879,0.9385096847238394
Other,30d,720.0,<=1h,20,22.5,20-25,5,1,0.2,0.212,-0.011999999999999983,0.03622316096978745,0.6244717358814613
Other,30d,720.0,<=1h,25,27.5,25-30,8,3,0.375,0.25875,0.11625000000000002,0.13684175946152105,0.6942621454161981
Other,30d,720.0,<=1h,30,32.5,30-35,4,1,0.25,0.3175,-0.0675,0.045586062644636216,0.6993639475573634
Other,30d,720.0,<=1h,40,42.5,40-45,5,2,0.4,0.42200000000000004,-0.02200000000000002,0.1176182311592533,0.769280067791163
Other,30d,720.0,<=1h,45,47.5,45-50,5,1,0.2,0.466,-0.266,0.03622316096978745,0.6244717358814613
Other,30d,720.0,<=1h,50,52.5,50-55,9,5,0.5555555555555556,0.5222222222222223,0.033333333333333326,0.2666473457440297,0.811224570528086
Other,30d,720.0,<=1h,55,57.5,55-60,2,2,1.0,0.565,0.43500000000000005,0.34237195288961925,1.0
Other,30d,720.0,<=1h,60,62.5,60-65,5,5,1.0,0.624,0.376,0.5655085052479191,1.0
Other,30d,720.0,<=1h,65,67.5,65-70,7,5,0.7142857142857143,0.6685714285714286,0.04571428571428571,0.35892909014821267,0.9177828342909844
Other,30d,720.0,<=1h,70,72.5,70-75,7,4,0.5714285714285714,0.7171428571428571,-0.14571428571428569,0.2504542304090258,0.8417830777373732
Other,30d,720.0,<=1h,75,77.5,75-80,3,3,1.0,0.7733333333333333,0.22666666666666668,0.43849391955098227,1.0
Other,30d,720.0,<=1h,80,82.5,80-85,7,7,1.0,0.8242857142857143,0.1757142857142857,0.6456611570247934,1.0
Other,30d,720.0,<=1h,85,87.5,85-90,2,2,1.0,0.89,0.10999999999999999,0.34237195288961925,1.0
Other,30d,720.0,<=1h,90,92.5,90-95,5,5,1.0,0.9179999999999999,0.08200000000000007,0.5655085052479191,1.0
Other,30d,720.0,<=1h,95,97.5,95-100,1,1,1.0,0.95,0.050000000000000044,0.20654329147389294,1.0
Other,30d,720.0,<=6h,0,2.5,0-5,61,2,0.03278688524590164,0.024262295081967214,0.008524590163934427,0.009037700815687874,0.11189700776645692
Other,30d,720.0,<=6h,5,7.5,5-10,29,0,0.0,0.07275862068965516,-0.07275862068965516,0.0,0.11697359446555587
Other,30d,720.0,<=6h,10,12.5,10-15,29,1,0.034482758620689655,0.12103448275862069,-0.08655172413793104,0.006113056614032261,0.1717589106470025
Other,30d,720.0,<=6h,15,17.5,15-20,23,7,0.30434782608695654,0.17173913043478262,0.13260869565217392,0.15603828020972454,0.5086612906057261
Other,30d,720.0,<=6h,20,22.5,20-25,22,2,0.09090909090909091,0.21545454545454545,-0.12454545454545454,0.025294896282837792,0.2781538065838578
Other,30d,720.0,<=6h,25,27.5,25-30,15,5,0.3333333333333333,0.264,0.0693333333333333,0.15176100694691236,0.5828687484878701
Other,30d,720.0,<=6h,30,32.5,30-35,19,4,0.21052631578947367,0.3131578947368421,-0.10263157894736841,0.08507538491591576,0.43334714240266087
Other,30d,720.0,<=6h,35,37.5,35-40,14,8,0.5714285714285714,0.36857142857142855,0.20285714285714285,0.3259026690286936,0.7861949006959948
Other,30d,720.0,<=6h,40,42.5,40-45,14,6,0.42857142857142855,0.42214285714285715,0.006428571428571395,0.21380509930400526,0.6740973309713064
Other,30d,720.0,<=6h,45,47.5,45-50,16,6,0.375,0.46625,-0.09125,0.18480982554752806,0.613593529020652
Other,30d,720.0,<=6h,50,52.5,50-55,15,10,0.6666666666666666,0.52,0.1466666666666666,0.41713125151212976,0.8482389930530876
Other,30d,720.0,<=6h,55,57.5,55-60,10,8,0.8,0.5720000000000001,0.22799999999999998,0.49015684672072335,0.9433190520193067
Other,30d,720.0,<=6h,60,62.5,60-65,13,11,0.8461538461538461,0.6238461538461538,0.22230769230769232,0.5776482949136899,0.9567427368172621
Other,30d,720.0,<=6h,65,67.5,65-70,15,10,0.6666666666666666,0.67,-0.0033333333333334103,0.41713125151212976,0.8482389930530876
Other,30d,720.0,<=6h,70,72.5,70-75,15,9,0.6,0.7173333333333334,-0.1173333333333334,0.357464427565077,0.8017577191740534
Other,30d,720.0,<=6h,75,77.5,75-80,16,15,0.9375,0.769375,0.16812499999999997,0.7167073163197013,0.9888809426916687
Other,30d,720.0,<=6h,80,82.5,80-85,18,14,0.7777777777777778,0.8222222222222223,-0.04444444444444451,0.5478497354769452,0.90999218086618
Other,30d,720.0,<=6h,85,87.5,85-90,12,11,0.9166666666666666,0.875,0.04166666666666663,0.6461140782014047,0.9851352905492264
Other,30d,720.0,<=6h,90,92.5,90-95,16,15,0.9375,0.916875,0.020625000000000004,0.7167073163197013,0.9888809426916687
Other,30d,720.0,<=6h,95,97.5,95-100,16,16,1.0,0.97625,0.02375000000000005,0.8063865817272802,1.0
Other,30d,720.0,<=24h,0,2.5,0-5,152,2,0.013157894736842105,0.022171052631578946,-0.009013157894736841,0.0036157414374440727,0.04670201710712938
Other,30d,720.0,<=24h,5,7.5,5-10,84,3,0.03571428571428571,0.06761904761904762,-0.03190476190476191,0.01221944777306612,0.09981858432106694
Other,30d,720.0,<=24h,10,12.5,10-15,60,4,0.06666666666666667,0.12183333333333334,-0.05516666666666667,0.02622827414319792,0.15925579893767722
Other,30d,720.0,<=24h,15,17.5,15-20,64,15,0.234375,0.168125,0.06625,0.1474976721963502,0.35133490250707655
Other,30d,720.0,<=24h,20,22.5,20-25,54,12,0.2222222222222222,0.2162962962962963,0.005925925925925918,0.13195287989578958,0.34938926831587813
Other,30d,720.0,<=24h,25,27.5,25-30,32,12,0.375,0.266875,0.10812500000000003,0.2293366846595921,0.5474589941047487
Other,30d,720.0,<=24h,30,32.5,30-35,41,14,0.34146341463414637,0.3146341463414634,0.02682926829268295,0.2155861736664346,0.4945044564627312
Other,30d,720.0,<=24h,35,37.5,35-40,35,15,0.42857142857142855,0.36714285714285716,0.06142857142857139,0.27984333081678914,0.5914287074102662
Other,30d,720.0,<=24h,40,42.5,40-45,29,15,0.5172413793103449,0.4168965517241379,0.10034482758620694,0.3443073797056916,0.6861418066920478
Other,30d,720.0,<=24h,45,47.5,45-50,35,13,0.37142857142857144,0.4682857142857143,-0.09685714285714286,0.23165607368891059,0.5366335951197893
Other,30d,720.0,<=24h,50,52.5,50-55,29,16,0.5517241379310345,0.5203448275862069,0.03137931034482755,0.37547667068067625,0.715870888512542
Other,30d,720.0,<=24h,55,57.5,55-60,27,16,0.5925925925925926,0.572962962962963,0.019629629629629552,0.4072638305536409,0.7548548662714265
Other,30d,720.0,<=24h,60,62.5,60-65,27,19,0.7037037037037037,0.6174074074074074,0.08629629629629632,0.515189666191624,0.8414714668235244
Other,30d,720.0,<=24h,65,67.5,65-70,34,20,0.5882352941176471,0.6705882352941177,-0.08235294117647063,0.42221304146519273,0.7363426221431113
Other,30d,720.0,<=24h,70,72.5,70-75,30,17,0.5666666666666667,0.7190000000000001,-0.15233333333333343,0.3919700954540873,0.7262276256938489
Other,30d,720.0,<=24h,75,77.5,75-80,35,27,0.7714285714285715,0.7697142857142858,0.0017142857142856682,0.6098236221989801,0.879342632538209
Other,30d,720.0,<=24h,80,82.5,80-85,44,35,0.7954545454545454,0.8209090909090909,-0.025454545454545507,0.6549913631816677,0.888468721765324
Other,30d,720.0,<=24h,85,87.5,85-90,32,27,0.84375,0.871875,-0.028124999999999956,0.6824550744643347,0.9313568089337279
Other,30d,720.0,<=24h,90,92.5,90-95,36,33,0.9166666666666666,0.9197222222222223,-0.0030555555555557,0.7817298972308114,0.9712519107287082
Other,30d,720.0,<=24h,95,97.5,95-100,41,41,1.0,0.9717073170731707,0.028292682926829293,0.9143295511310926,1.0
Other,7d,168.0,all,0,2.5,0-5,1747,21,0.012020606754436176,0.01824270177447052,-0.006222095020034343,0.007875529865156902,0.018307078544421672
Other,7d,168.0,all,5,7.5,5-10,649,32,0.04930662557781202,0.06738058551617873,-0.01807395993836671,0.035139990795282745,0.06877740662546986
Other,7d,168.0,all,10,12.5,10-15,346,43,0.12427745664739884,0.11757225433526011,0.006705202312138725,0.09358789347896745,0.16321861552396416
Other,7d,168.0,all,15,17.5,15-20,232,35,0.15086206896551724,0.16780172413793104,-0.016939655172413803,0.1105166006040395,0.20258168231127316
Other,7d,168.0,all,20,22.5,20-25,211,44,0.20853080568720378,0.21781990521327013,-0.009289099526066352,0.15916825212932603,0.26831692764963666
Other,7d,168.0,all,25,27.5,25-30,127,39,0.30708661417322836,0.2652755905511811,0.04181102362204725,0.23350688497514038,0.39199448461985087
Other,7d,168.0,all,30,32.5,30-35,128,41,0.3203125,0.316796875,0.003515625000000022,0.24572896282451612,0.40536750445136643
Other,7d,168.0,all,35,37.5,35-40,92,36,0.391304347826087,0.3672826086956522,0.02402173913043476,0.2978546577810812,0.4934676907606794
Other,7d,168.0,all,40,42.5,40-45,99,47,0.47474747474747475,0.41909090909090907,0.05565656565656568,0.37917288365218244,0.5722086584475127
Other,7d,168.0,all,45,47.5,45-50,87,40,0.45977011494252873,0.46643678160919544,-0.00666666666666671,0.3589691971689781,0.5639735955603442
Other,7d,168.0,all,50,52.5,50-55,73,37,0.5068493150684932,0.5195890410958904,-0.012739726027397258,0.39472044284713675,0.6182933413530882
Other,7d,168.0,all,55,57.5,55-60,87,45,0.5172413793103449,0.565977011494253,-0.048735632183908084,0.4137493791703159,0.6192751382314033
Other,7d,168.0,all,60,62.5,60-65,85,51,0.6,0.6198823529411764,-0.019882352941176462,0.49371248037407567,0.697639318783076
Other,7d,168.0,all,65,67.5,65-70,93,67,0.7204301075268817,0.6719354838709677,0.04849462365591406,0.6218738745625855,0.8014978995510186
Other,7d,168.0,all,70,72.5,70-75,94,67,0.7127659574468085,0.7184042553191489,-0.005638297872340381,0.6143663617863795,0.7944576966918138
Other,7d,168.0,all,75,77.5,75-80,101,84,0.8316831683168316,0.7706930693069307,0.06099009900990093,0.7468861586113437,0.8921731460921326
Other,7d,168.0,all,80,82.5,80-85,108,96,0.8888888888888888,0.8197222222222222,0.0691666666666666,0.8157742465799382,0.9352879699834871
Other,7d,168.0,all,85,87.5,85-90,149,136,0.912751677852349,0.8691946308724832,0.04355704697986584,0.8564508978207942,0.9483038286411115
Other,7d,168.0,all,90,92.5,90-95,204,192,0.9411764705882353,0.9191666666666667,0.022009803921568594,0.9000100806355689,0.9660340606720423
Other,7d,168.0,all,95,97.5,95-100,473,464,0.9809725158562368,0.9764482029598308,0.00452431289640598,0.9642372355303938,0.9899580360230947
Other,7d,168.0,<=1h,0,2.5,0-5,34,0,0.0,0.021176470588235293,-0.021176470588235293,0.0,0.10151790621961015
Other,7d,168.0,<=1h,5,7.5,5-10,29,1,0.034482758620689655,0.06586206896551725,-0.03137931034482759,0.006113056614032261,0.1717589106470025
Other,7d,168.0,<=1h,10,12.5,10-15,27,6,0.2222222222222222,0.12148148148148148,0.10074074074074073,0.10607095489408958,0.4075729546307081
Other,7d,168.0,<=1h,15,17.5,15-20,25,1,0.04,0.16920000000000002,-0.1292,0.007096050386699165,0.19544472405022525
Other,7d,168.0,<=1h,20,22.5,20-25,13,7,0.5384615384615384,0.21846153846153846,0.31999999999999995,0.2914343243183205,0.7679424569851186
Other,7d,168.0,<=1h,25,27.5,25-30,11,4,0.36363636363636365,0.27,0.09363636363636363,0.15166223614131383,0.6462032231083628
Other,7d,168.0,<=1h,30,32.5,30-35,14,3,0.21428571428571427,0.31285714285714283,-0.09857142857142856,0.0757124833691637,0.4758972377320828
Other,7d,168.0,<=1h,35,37.5,35-40,13,5,0.38461538461538464,0.3653846153846154,0.019230769230769218,0.17709446581236818,0.6447751902773146
Other,7d,168.0,<=1h,40,42.5,40-45,15,8,0.5333333333333333,0.4186666666666667,0.11466666666666664,0.3011663015105079,0.7519077474025355
Other,7d,168.0,<=1h,45,47.5,45-50,17,5,0.29411764705882354,0.46705882352941175,-0.1729411764705882,0.13279793865556402,0.5313353332621391
Other,7d,168.0,<=1h,50,52.5,50-55,9,4,0.4444444444444444,0.5166666666666666,-0.07222222222222219,0.188775429471914,0.7333526542559703
Other,7d,168.0,<=1h,55,57.5,55-60,14,8,0.5714285714285714,0.5707142857142857,0.0007142857142856673,0.3259026690286936,0.7861949006959948
Other,7d,168.0,<=1h,60,62.5,60-65,8,7,0.875,0.61375,0.26125,0.5291051942301386,0.9775830911367038
Other,7d,168.0,<=1h,65,67.5,65-70,15,10,0.6666666666666666,0.674,-0.007333333333333414,0.41713125151212976,0.8482389930530876
Other,7d,168.0,<=1h,70,72.5,70-75,11,10,0.9090909090909091,0.729090909090909,0.18000000000000005,0.6226353745137962,0.9837682477371741
Other,7d,168.0,<=1h,75,77.5,75-80,17,14,0.8235294117647058,0.7682352941176471,0.055294117647058716,0.5897007098262422,0.9380898628745101
Other,7d,168.0,<=1h,80,82.5,80-85,21,17,0.8095238095238095,0.8219047619047619,-0.012380952380952381,0.599990134607267,0.9233255938482269
Other,7d,168.0,<=1h,85,87.5,85-90,18,15,0.8333333333333334,0.8694444444444445,-0.036111111111111094,0.6077750036164076,0.9416352959953425
Other,7d,168.0,<=1h,90,92.5,90-95,17,17,1.0,0.9188235294117646,0.0811764705882354,0.8156763396284354,1.0
Other,7d,168.0,<=1h,95,97.5,95-100,27,27,1.0,0.9733333333333333,0.026666666666666727,0.8754409628553641,1.0
Other,7d,168.0,<=6h,0,2.5,0-5,158,3,0.0189873417721519,0.020443037974683543,-0.0014556962025316436,0.006477966396770545,0.054332109628182246
Other,7d,168.0,<=6h,5,7.5,5-10,102,5,0.049019607843137254,0.06715686274509804,-0.018137254901960782,0.021117285132196968,0.1096592715336131
Other,7d,168.0,<=6h,10,12.5,10-15,67,8,0.11940298507462686,0.11791044776119403,0.0014925373134328374,0.06176158770587534,0.21832243072397375
Other,7d,168.0,<=6h,15,17.5,15-20,60,12,0.2,0.16933333333333334,0.030666666666666675,0.11828389736858964,0.3178204609181701
Other,7d,168.0,<=6h,20,22.5,20-25,41,10,0.24390243902439024,0.2148780487804878,0.029024390243902437,0.13824855751022433,0.39343630654458195
Other,7d,168.0,<=6h,25,27.5,25-30,24,10,0.4166666666666667,0.27,0.14666666666666667,0.24467347246538232,0.6116566235061137
Other,7d,168.0,<=6h,30,32.5,30-35,37,12,0.32432432432432434,0.3124324324324324,0.011891891891891937,0.19633077820815478,0.48536631495176064
Other,7d,168.0,<=6h,35,37.5,35-40,28,11,0.39285714285714285,0.37035714285714283,0.02250000000000002,0.23565451827580033,0.575912739650937
Other,7d,168.0,<=6h,40,42.5,40-45,38,18,0.47368421052631576,0.42184210526315785,0.05184210526315791,0.3247877880894159,0.6274128925728913
Other,7d,168.0,<=6h,45,47.5,45-50,29,10,0.3448275862068966,0.4651724137931034,-0.12034482758620685,0.19940508749190483,0.5265522349284402
Other,7d,168.0,<=6h,50,52.5,50-55,16,7,0.4375,0.514375,-0.07687500000000003,0.2309836333518552,0.6682180439322347
Other,7d,168.0,<=6h,55,57.5,55-60,26,16,0.6153846153846154,0.5676923076923077,0.0476923076923077,0.42534520039420076,0.7757164048816557
Other,7d,168.0,<=6h,60,62.5,60-65,30,21,0.7,0.619,0.08099999999999996,0.5212387898833981,0.8333543735604105
Other,7d,168.0,<=6h,65,67.5,65-70,36,27,0.75,0.6730555555555555,0.07694444444444448,0.5892923231679656,0.8624967616077461
Other,7d,168.0,<=6h,70,72.5,70-75,27,21,0.7777777777777778,0.7240740740740741,0.0537037037037037,0.5924270453692919,0.8939290451059105
Other,7d,168.0,<=6h,75,77.5,75-80,34,28,0.8235294117647058,0.7705882352941177,0.05294117647058816,0.6648593225994784,0.9165114439643031
Other,7d,168.0,<=6h,80,82.5,80-85,30,25,0.8333333333333334,0.8203333333333334,0.013000000000000012,0.6643529481431982,0.9266356575964831
Other,7d,168.0,<=6h,85,87.5,85-90,41,35,0.8536585365853658,0.8675609756097561,-0.013902439024390256,0.7155624473141073,0.9311584547054459
Other,7d,168.0,<=6h,90,92.5,90-95,43,41,0.9534883720930233,0.9186046511627908,0.03488372093023251,0.8454422407613695,0.9871510096826803
Other,7d,168.0,<=6h,95,97.5,95-100,62,61,0.9838709677419355,0.9743548387096774,0.00951612903225807,0.914130769926111,0.9971472063077598
Other,7d,168.0,<=24h,0,2.5,0-5,391,6,0.015345268542199489,0.020255754475703328,-0.004910485933503839,0.007051260082145943,0.0330701455650807
Other,7d,168.0,<=24h,5,7.5,5-10,238,15,0.06302521008403361,0.06735294117647059,-0.004327731092436976,0.03856223470416697,0.10137068006318486
Other,7d,168.0,<=24h,10,12.5,10-15,135,20,0.14814814814814814,0.11718518518518518,0.030962962962962956,0.09799524269787924,0.21777178966129845
Other,7d,168.0,<=24h,15,17.5,15-20,109,20,0.1834862385321101,0.16770642201834865,0.015779816513761452,0.12203581560283452,0.2664875658451421
Other,7d,168.0,<=24h,20,22.5,20-25,98,23,0.23469387755102042,0.2176530612244898,0.017040816326530622,0.1617836559088351,0.3276194956520202
Other,7d,168.0,<=24h,25,27.5,25-30,59,22,0.3728813559322034,0.26796610169491525,0.10491525423728815,0.26083818032585154,0.5004664331785788
Other,7d,168.0,<=24h,30,32.5,30-35,67,21,0.31343283582089554,0.31417910447761194,-0.0007462686567163979,0.2150519322660779,0.4320480767681618
Other,7d,168.0,<=24h,35,37.5,35-40,48,20,0.4166666666666667,0.36875,0.04791666666666666,0.28849459734577015,0.5571891778463536
Other,7d,168.0,<=24h,40,42.5,40-45,59,27,0.4576271186440678,0.42,0.037627118644067814,0.3370110214024243,0.583423849765719
Other,7d,168.0,<=24h,45,47.5,45-50,55,25,0.45454545454545453,0.46836363636363637,-0.01381818181818184,0.33025071746446194,0.5847753865163952
Other,7d,168.0,<=24h,50,52.5,50-55,37,22,0.5945945945945946,0.5191891891891892,0.07540540540540541,0.4348568313132931,0.7365370416005986
Other,7d,168.0,<=24h,55,57.5,55-60,53,33,0.6226415094339622,0.5664150943396227,0.056226415094339566,0.4880665023609231,0.7406392342826617
Other,7d,168.0,<=24h,60,62.5,60-65,49,34,0.6938775510204082,0.6189795918367347,0.07489795918367348,0.5547184259930626,0.8048467650685251
Other,7d,168.0,<=24h,65,67.5,65-70,53,42,0.7924528301886793,0.6722641509433963,0.12018867924528298,0.6654199754433079,0.8799552427067794
Other,7d,168.0,<=24h,70,72.5,70-75,46,35,0.7608695652173914,0.721086956521739,0.03978260869565231,0.6206458383088198,0.860879634388686
Other,7d,168.0,<=24h,75,77.5,75-80,56,47,0.8392857142857143,0.7698214285714287,0.06946428571428565,0.7219354555032431,0.9130743035941074
Other,7d,168.0,<=24h,80,82.5,80-85,54,47,0.8703703703703703,0.820925925925926,0.0494444444444444,0.7557801946793228,0.9357636077051201
Other,7d,168.0,<=24h,85,87.5,85-90,68,58,0.8529411764705882,0.8682352941176471,-0.015294117647058902,0.7500238655053635,0.9181127016089545
Other,7d,168.0,<=24h,90,92.5,90-95,87,83,0.9540229885057471,0.919080459770115,0.034942528735632084,0.8876680217351718,0.9819776031767629
Other,7d,168.0,<=24h,95,97.5,95-100,153,150,0.9803921568627451,0.9728104575163399,0.00758169934640518,0.9439417087473778,0.9933096327334539
Other,3d,72.0,all,0,2.5,0-5,2375,21,0.008842105263157894,0.017882105263157894,-0.00904,0.005790539552310287,0.013480016335059427
Other,3d,72.0,all,5,7.5,5-10,814,43,0.052825552825552825,0.06565110565110566,-0.012825552825552831,0.039452235225465274,0.07039984371011344
Other,3d,72.0,all,10,12.5,10-15,461,49,0.10629067245119306,0.116941431670282,-0.010650759219088937,0.08133733642775395,0.13775148866879502
Other,3d,72.0,all,15,17.5,15-20,264,39,0.14772727272727273,0.16882575757575757,-0.02109848484848484,0.10998564574889319,0.1955740581955277
Other,3d,72.0,all,20,22.5,20-25,226,39,0.17256637168141592,0.21716814159292036,-0.04460176991150444,0.1288810871596181,0.22719718587711668
Other,3d,72.0,all,25,27.5,25-30,162,41,0.25308641975308643,0.2667283950617284,-0.013641975308641974,0.19238655876352928,0.32522542761383333
Other,3d,72.0,all,30,32.5,30-35,151,43,0.2847682119205298,0.31748344370860926,-0.032715231788079446,0.21882224145976803,0.36139392783840507
Other,3d,72.0,all,35,37.5,35-40,108,31,0.28703703703703703,0.3701851851851852,-0.08314814814814814,0.21019243295848952,0.3785115913043965
Other,3d,72.0,all,40,42.5,40-45,119,53,0.44537815126050423,0.41697478991596637,0.02840336134453786,0.3591783519641876,0.5349943061581423
Other,3d,72.0,all,45,47.5,45-50,120,51,0.425,0.46675,-0.04175000000000001,0.34022892313997877,0.5144241175184108
Other,3d,72.0,all,50,52.5,50-55,111,50,0.45045045045045046,0.5172072072072073,-0.0667567567567568,0.3610945286072419,0.5431213652848669
Other,3d,72.0,all,55,57.5,55-60,111,59,0.5315315315315315,0.5693693693693693,-0.037837837837837784,0.4392042173016677,0.6217493047669904
Other,3d,72.0,all,60,62.5,60-65,112,65,0.5803571428571429,0.6190178571428572,-0.03866071428571427,0.4877834913023256,0.6676011028331146
Other,3d,72.0,all,65,67.5,65-70,124,73,0.5887096774193549,0.6696774193548387,-0.08096774193548384,0.500703166454782,0.6713847923942938
Other,3d,72.0,all,70,72.5,70-75,120,93,0.775,0.7206666666666667,0.054333333333333345,0.6924293655773726,0.8405094853418662
Other,3d,72.0,all,75,77.5,75-80,124,93,0.75,0.7691935483870967,-0.019193548387096748,0.6670505006581939,0.8179246560982922
Other,3d,72.0,all,80,82.5,80-85,133,113,0.849624060150376,0.8203007518796993,0.02932330827067664,0.7791206422032523,0.90049725177051
Other,3d,72.0,all,85,87.5,85-90,184,170,0.9239130434782609,0.8697826086956522,0.054130434782608705,0.8763482447676944,0.9541387187164326
Other,3d,72.0,all,90,92.5,90-95,242,227,0.9380165289256198,0.9201652892561983,0.01785123966942148,0.9002626146322834,0.962081268583576
Other,3d,72.0,all,95,97.5,95-100,751,735,0.9786950732356857,0.9773102529960053,0.001384820239680451,0.9656734059138112,0.986844314360217
Other,3d,72.0,<=1h,0,2.5,0-5,87,0,0.0,0.020804597701149424,-0.020804597701149424,0.0,0.04228899535014795
Other,3d,72.0,<=1h,5,7.5,5-10,53,4,0.07547169811320754,0.0690566037735849,0.006415094339622646,0.029739073598901808,0.17858722263484245
Other,3d,72.0,<=1h,10,12.5,10-15,48,9,0.1875,0.1175,0.07,0.10191276348200173,0.31940139348846214
Other,3d,72.0,<=1h,15,17.5,15-20,33,8,0.24242424242424243,0.17,0.07242424242424242,0.12831561346647294,0.4102494868549029
Other,3d,72.0,<=1h,20,22.5,20-25,30,6,0.2,0.21633333333333332,-0.01633333333333331,0.09504978102401235,0.37306047381027446
Other,3d,72.0,<=1h,25,27.5,25-30,23,8,0.34782608695652173,0.26173913043478264,0.08608695652173909,0.18811054636982238,0.5511002309310836
Other,3d,72.0,<=1h,30,32.5,30-35,23,7,0.30434782608695654,0.31434782608695655,-0.010000000000000009,0.15603828020972454,0.5086612906057261
Other,3d,72.0,<=1h,35,37.5,35-40,17,4,0.23529411764705882,0.36941176470588233,-0.1341176470588235,0.0955488907167594,0.47262245889171595
Other,3d,72.0,<=1h,40,42.5,40-45,25,12,0.48,0.4192,0.060799999999999965,0.30031003928960015,0.6650178204685269
Other,3d,72.0,<=1h,45,47.5,45-50,19,8,0.42105263157894735,0.46157894736842103,-0.04052631578947369,0.2314162039203038,0.6372444853483988
Other,3d,72.0,<=1h,50,52.5,50-55,15,9,0.6,0.5206666666666667,0.07933333333333326,0.357464427565077,0.8017577191740534
Other,3d,72.0,<=1h,55,57.5,55-60,24,15,0.625,0.5716666666666667,0.053333333333333344,0.42709619037907065,0.7884086656636855
Other,3d,72.0,<=1h,60,62.5,60-65,25,15,0.6,0.616,-0.016000000000000014,0.40739127785127344,0.7659694233580909
Other,3d,72.0,<=1h,65,67.5,65-70,19,11,0.5789473684210527,0.6657894736842106,-0.08684210526315794,0.36275551465160105,0.7685837960796962
Other,3d,72.0,<=1h,70,72.5,70-75,25,18,0.72,0.7223999999999999,-0.0023999999999999577,0.5242302810344169,0.8571632616261843
Other,3d,72.0,<=1h,75,77.5,75-80,18,13,0.7222222222222222,0.7705555555555555,-0.04833333333333334,0.49126922453805477,0.8750043085364452
Other,3d,72.0,<=1h,80,82.5,80-85,18,14,0.7777777777777778,0.8216666666666668,-0.04388888888888898,0.5478497354769452,0.90999218086618
Other,3d,72.0,<=1h,85,87.5,85-90,30,25,0.8333333333333334,0.8643333333333334,-0.031000000000000028,0.6643529481431982,0.9266356575964831
Other,3d,72.0,<=1h,90,92.5,90-95,39,36,0.9230769230769231,0.9215384615384616,0.0015384615384614886,0.7967862687194474,0.9734930859265043
Other,3d,72.0,<=1h,95,97.5,95-100,46,44,0.9565217391304348,0.9723913043478261,-0.015869565217391246,0.8546747708094659,0.9879948064111691
Other,3d,72.0,<=6h,0,2.5,0-5,337,1,0.002967359050445104,0.020326409495548963,-0.017359050445103857,0.0005239904408173655,0.016614762575246397
Other,3d,72.0,<=6h,5,7.5,5-10,164,8,0.04878048780487805,0.06548780487804878,-0.016707317073170733,0.024921911652354058,0.0932943112625848
Other,3d,72.0,<=6h,10,12.5,10-15,134,22,0.16417910447761194,0.11992537313432836,0.04425373134328359,0.11099240521268962,0.23608423928360178
Other,3d,72.0,<=6h,15,17.5,15-20,78,17,0.21794871794871795,0.16897435897435897,0.04897435897435898,0.14076696665343852,0.32160913547555214
Other,3d,72.0,<=6h,20,22.5,20-25,71,14,0.19718309859154928,0.21507042253521128,-0.017887323943661992,0.12125422432474278,0.3041989995507489
Other,3d,72.0,<=6h,25,27.5,25-30,55,15,0.2727272727272727,0.26690909090909093,0.005818181818181778,0.17280602508013648,0.40232449482414895
Other,3d,72.0,<=6h,30,32.5,30-35,58,14,0.2413793103448276,0.3141379310344828,-0.07275862068965519,0.14958739726966278,0.3653022562968685
Other,3d,72.0,<=6h,35,37.5,35-40,47,13,0.2765957446808511,0.368936170212766,-0.0923404255319149,0.16936405991152936,0.41758835700689967
Other,3d,72.0,<=6h,40,42.5,40-45,50,24,0.48,0.41859999999999997,0.06140000000000001,0.3479691239550571,0.6148848774119157
Other,3d,72.0,<=6h,45,47.5,45-50,45,20,0.4444444444444444,0.466,-0.021555555555555606,0.30938708549039107,0.5882411658363468
Other,3d,72.0,<=6h,50,52.5,50-55,42,21,0.5,0.5178571428571428,-0.017857142857142794,0.3552574591652803,0.6447425408347197
Other,3d,72.0,<=6h,55,57.5,55-60,51,29,0.5686274509803921,0.5707843137254902,-0.002156862745098076,0.43265061235058067,0.694989719076657
Other,3d,72.0,<=6h,60,62.5,60-65,55,34,0.6181818181818182,0.6185454545454545,-0.0003636363636363438,0.4860897928239239,0.7348423368258477
Other,3d,72.0,<=6h,65,67.5,65-70,58,34,0.5862068965517241,0.67,-0.08379310344827595,0.4579817755925391,0.7037216732186171
Other,3d,72.0,<=6h,70,72.5,70-75,43,32,0.7441860465116279,0.7218604651162791,0.022325581395348792,0.5976131013174515,0.8507063412293445
Other,3d,72.0,<=6h,75,77.5,75-80,50,38,0.76,0.7674,-0.007399999999999962,0.6258705062480763,0.8570274759812779
Other,3d,72.0,<=6h,80,82.5,80-85,42,37,0.8809523809523809,0.8214285714285714,0.059523809523809534,0.7499931819289246,0.9480627323498091
Other,3d,72.0,<=6h,85,87.5,85-90,66,58,0.8787878787878788,0.8704545454545455,0.008333333333333304,0.7786234136612515,0.9372822929663172
Other,3d,72.0,<=6h,90,92.5,90-95,74,69,0.9324324324324325,0.9206756756756757,0.011756756756756803,0.8513861389507532,0.9707963444514379
Other,3d,72.0,<=6h,95,97.5,95-100,145,141,0.9724137931034482,0.975448275862069,-0.003034482758620727,0.9312203255117549,0.9892212714611343
Other,3d,72.0,<=24h,0,2.5,0-5,767,7,0.009126466753585397,0.01986962190352021,-0.010743155149934814,0.004427700012579108,0.018717911225838744
Other,3d,72.0,<=24h,5,7.5,5-10,343,21,0.061224489795918366,0.06553935860058309,-0.004314868804664723,0.040389597968547394,0.09177909229236707
Other,3d,72.0,<=24h,10,12.5,10-15,233,30,0.12875536480686695,0.1175107296137339,0.01124463519313304,0.09169809784869817,0.17785589942205152
Other,3d,72.0,<=24h,15,17.5,15-20,153,28,0.1830065359477124,0.17019607843137255,0.012810457516339857,0.12975906724694125,0.251782564565027
Other,3d,72.0,<=24h,20,22.5,20-25,138,24,0.17391304347826086,0.21710144927536232,-0.04318840579710145,0.11974434024398473,0.2457450507386325
Other,3d,72.0,<=24h,25,27.5,25-30,102,27,0.2647058823529412,0.26803921568627453,-0.003333333333333355,0.188762815237447,0.3577293012838453
Other,3d,72.0,<=24h,30,32.5,30-35,96,27,0.28125,0.31572916666666667,-0.03447916666666667,0.2010728263750154,0.3782608381495917
Other,3d,72.0,<=24h,35,37.5,35-40,68,19,0.27941176470588236,0.37191176470588233,-0.09249999999999997,0.18677805007008424,0.3956365954834669
Other,3d,72.0,<=24h,40,42.5,40-45,78,35,0.44871794871794873,0.4182051282051282,0.03051282051282056,0.3433419189622355,0.5589082814248538
Other,3d,72.0,<=24h,45,47.5,45-50,83,39,0.46987951807228917,0.4675903614457831,0.0022891566265060836,0.36623168109196985,0.5761922263440977
Other,3d,72.0,<=24h,50,52.5,50-55,69,36,0.5217391304347826,0.5178260869565218,0.003913043478260825,0.4058705117523249,0.6353147450240226
Other,3d,72.0,<=24h,55,57.5,55-60,78,45,0.5769230769230769,0.5715384615384616,0.005384615384615321,0.46621355164287304,0.680411147776493
Other,3d,72.0,<=24h,60,62.5,60-65,85,52,0.611764705882353,0.6188235294117647,-0.007058823529411673,0.505475154675872,0.7083886208527093
Other,3d,72.0,<=24h,65,67.5,65-70,84,50,0.5952380952380952,0.6698809523809524,-0.07464285714285712,0.4883404055387379,0.6938056391599015
Other,3d,72.0,<=24h,70,72.5,70-75,79,63,0.7974683544303798,0.7229113924050633,0.07455696202531648,0.696037818373046,0.8713099875602051
Other,3d,72.0,<=24h,75,77.5,75-80,79,57,0.7215189873417721,0.7687341772151899,-0.04721518987341777,0.6141734225170346,0.8083196244545352
Other,3d,72.0,<=24h,80,82.5,80-85,78,63,0.8076923076923077,0.82,-0.012307692307692242,0.7066498081657022,0.8798489895117625
Other,3d,72.0,<=24h,85,87.5,85-90,115,104,0.9043478260869565,0.869304347826087,0.03504347826086951,0.8368062165713755,0.9457480405237829
Other,3d,72.0,<=24h,90,92.5,90-95,126,118,0.9365079365079365,0.9199206349206349,0.016587301587301595,0.879706260059649,0.9674798497849617
Other,3d,72.0,<=24h,95,97.5,95-100,327,320,0.9785932721712538,0.9751070336391437,0.003486238532110053,0.9564792220180409,0.9895928559794056
Other,1d,24.0,all,0,2.5,0-5,2880,26,0.009027777777777777,0.01704861111111111,-0.008020833333333335,0.006168234346556172,0.013195381186280303
Other,1d,24.0,all,5,7.5,5-10,844,45,0.0533175355450237,0.0659004739336493,-0.012582938388625599,0.04008370791096252,0.07059923097762234
Other,1d,24.0,all,10,12.5,10-15,451,41,0.09090909090909091,0.11627494456762749,-0.02536585365853658,0.0677192749096138,0.1210092846592559
Other,1d,24.0,all,15,17.5,15-20,267,30,0.11235955056179775,0.1699250936329588,-0.057565543071161046,0.07984644921810642,0.15586918678463463
Other,1d,24.0,all,20,22.5,20-25,203,39,0.1921182266009852,0.21827586206896551,-0.026157635467980306,0.1438425314745383,0.2518302925608588
Other,1d,24.0,all,25,27.5,25-30,174,45,0.25862068965517243,0.2681034482758621,-0.009482758620689646,0.19926758010738083,0.3284019865182006
Other,1d,24.0,all,30,32.5,30-35,158,48,0.3037974683544304,0.32050632911392407,-0.016708860759493682,0.23744673582299608,0.37946263729244517
Other,1d,24.0,all,35,37.5,35-40,131,36,0.2748091603053435,0.3693129770992366,-0.09450381679389308,0.20560169788715826,0.3568478725718099
Other,1d,24.0,all,40,42.5,40-45,132,54,0.4090909090909091,0.4178030303030303,-0.008712121212121171,0.32894005673952187,0.4943835790244856
Other,1d,24.0,all,45,47.5,45-50,108,43,0.39814814814814814,0.46638888888888885,-0.06824074074074071,0.31085532269880395,0.49243790629648926
Other,1d,24.0,all,50,52.5,50-55,107,43,0.40186915887850466,0.5153271028037384,-0.11345794392523373,0.31393329331354725,0.4966071535944728
Other,1d,24.0,all,55,57.5,55-60,109,52,0.47706422018348627,0.5664220183486238,-0.08935779816513756,0.3856835270334659,0.5700065730714601
Other,1d,24.0,all,60,62.5,60-65,98,56,0.5714285714285714,0.6201020408163265,-0.048673469387755075,0.4725825662207811,0.6648858160512964
Other,1d,24.0,all,65,67.5,65-70,119,77,0.6470588235294118,0.6692436974789916,-0.022184873949579798,0.557825174657241,0.7270945919364863
Other,1d,24.0,all,70,72.5,70-75,114,68,0.5964912280701754,0.7199122807017544,-0.12342105263157899,0.5047098907900662,0.6819813964972754
Other,1d,24.0,all,75,77.5,75-80,124,95,0.7661290322580645,0.7691129032258064,-0.002983870967741886,0.6843205824332393,0.8319432941139878
Other,1d,24.0,all,80,82.5,80-85,144,120,0.8333333333333334,0.8177083333333333,0.01562500000000011,0.7639759325783774,0.8853676892438974
Other,1d,24.0,all,85,87.5,85-90,160,144,0.9,0.870625,0.02937500000000004,0.843736268117816,0.9375061025621578
Other,1d,24.0,all,90,92.5,90-95,244,231,0.9467213114754098,0.9213934426229509,0.025327868852458968,0.9109911647454165,0.9686028985595332
Other,1d,24.0,all,95,97.5,95-100,1085,1063,0.9797235023041475,0.9794562211981567,0.0002672811059908353,0.9694897276299699,0.9865722009370506
Other,1d,24.0,<=1h,0,2.5,0-5,159,3,0.018867924528301886,0.020754716981132074,-0.0018867924528301883,0.006437094385737592,0.05399955079583763
Other,1d,24.0,<=1h,5,7.5,5-10,109,7,0.06422018348623854,0.07036697247706422,-0.006146788990825686,0.03145324596985614,0.12665865602373488
Other,1d,24.0,<=1h,10,12.5,10-15,69,12,0.17391304347826086,0.12028985507246377,0.05362318840579709,0.10238268593034995,0.27983846242443633
Other,1d,24.0,<=1h,15,17.5,15-20,57,7,0.12280701754385964,0.16964912280701752,-0.04684210526315788,0.060779830035075005,0.2324668958892925
Other,1d,24.0,<=1h,20,22.5,20-25,54,12,0.2222222222222222,0.2190740740740741,0.003148148148148122,0.13195287989578958,0.34938926831587813
Other,1d,24.0,<=1h,25,27.5,25-30,51,15,0.29411764705882354,0.27274509803921565,0.02137254901960789,0.1870856524031203,0.42999335331516647
Other,1d,24.0,<=1h,30,32.5,30-35,49,14,0.2857142857142857,0.3206122448979592,-0.0348979591836735,0.1784943493972417,0.4240914920610033
Other,1d,24.0,<=1h,35,37.5,35-40,29,7,0.2413793103448276,0.36896551724137927,-0.12758620689655167,0.12218268185062131,0.4210795221832869
Other,1d,24.0,<=1h,40,42.5,40-45,42,17,0.40476190476190477,0.4188095238095238,-0.014047619047619031,0.27042647671209086,0.5550595447182258
Other,1d,24.0,<=1h,45,47.5,45-50,33,16,0.48484848484848486,0.46303030303030307,0.021818181818181792,0.32503781646924224,0.6478189541378976
Other,1d,24.0,<=1h,50,52.5,50-55,28,16,0.5714285714285714,0.5178571428571428,0.0535714285714286,0.390704789856154,0.7349170381926877
Other,1d,24.0,<=1h,55,57.5,55-60,38,14,0.3684210526315789,0.5660526315789474,-0.19763157894736844,0.23384013155413794,0.5271632717573987
Other,1d,24.0,<=1h,60,62.5,60-65,30,17,0.5666666666666667,0.6183333333333334,-0.05166666666666675,0.3919700954540873,0.7262276256938489
Other,1d,24.0,<=1h,65,67.5,65-70,43,23,0.5348837209302325,0.6681395348837209,-0.1332558139534884,0.38915389728872773,0.6748917373608144
Other,1d,24.0,<=1h,70,72.5,70-75,38,24,0.631578947368421,0.721842105263158,-0.09026315789473693,0.47283672824260115,0.7661598684458619
Other,1d,24.0,<=1h,75,77.5,75-80,36,23,0.6388888888888888,0.7677777777777777,-0.12888888888888883,0.4757478039083198,0.7752461320781867
Other,1d,24.0,<=1h,80,82.5,80-85,32,30,0.9375,0.8146875,0.12281249999999999,0.7985253275199642,0.9826897968048427
Other,1d,24.0,<=1h,85,87.5,85-90,33,30,0.9090909090909091,0.8724242424242425,0.036666666666666514,0.7642705646564897,0.968596628950737
Other,1d,24.0,<=1h,90,92.5,90-95,36,33,0.9166666666666666,0.9216666666666667,-0.0050000000000001155,0.7817298972308114,0.9712519107287082
Other,1d,24.0,<=1h,95,97.5,95-100,120,119,0.9916666666666667,0.9764166666666667,0.015249999999999986,0.9543025846256777,0.9985274821693252
Other,1d,24.0,<=6h,0,2.5,0-5,477,7,0.014675052410901468,0.01989517819706499,-0.0052201257861635205,0.007126291404502804,0.029978651262687388
Other,1d,24.0,<=6h,5,7.5,5-10,264,18,0.06818181818181818,0.06784090909090909,0.00034090909090908617,0.043559696877190815,0.10519090795790574
Other,1d,24.0,<=6h,10,12.5,10-15,152,21,0.13815789473684212,0.11875,0.019407894736842124,0.09217105465530898,0.20198403615484703
Other,1d,24.0,<=6h,15,17.5,15-20,126,17,0.1349206349206349,0.17142857142857143,-0.03650793650793652,0.08597303227118422,0.20547131222241413
Other,1d,24.0,<=6h,20,22.5,20-25,91,23,0.25274725274725274,0.21868131868131868,0.034065934065934056,0.17472595343886432,0.350798710843476
Other,1d,24.0,<=6h,25,27.5,25-30,92,28,0.30434782608695654,0.27032608695652177,0.03402173913043477,0.2197355752358598,0.4046446521393093
Other,1d,24.0,<=6h,30,32.5,30-35,80,26,0.325,0.32049999999999995,0.0045000000000000595,0.2324401249422747,0.43359678275032654
Other,1d,24.0,<=6h,35,37.5,35-40,67,19,0.2835820895522388,0.3682089552238806,-0.0846268656716418,0.18970136157200856,0.40093464890770947
Other,1d,24.0,<=6h,40,42.5,40-45,75,30,0.4,0.41773333333333335,-0.017733333333333323,0.29662343078170594,0.5131216783992341
Other,1d,24.0,<=6h,45,47.5,45-50,54,24,0.4444444444444444,0.46611111111111114,-0.021666666666666723,0.3200225687559781,0.5762458608863554
Other,1d,24.0,<=6h,50,52.5,50-55,60,29,0.48333333333333334,0.5175,-0.03416666666666662,0.3617484128577001,0.6069240514915643
Other,1d,24.0,<=6h,55,57.5,55-60,62,30,0.4838709677419355,0.567258064516129,-0.08338709677419354,0.36409654206505293,0.605527525393818
Other,1d,24.0,<=6h,60,62.5,60-65,60,35,0.5833333333333334,0.6171666666666666,-0.03383333333333327,0.45727854313239624,0.6993591351212818
Other,1d,24.0,<=6h,65,67.5,65-70,73,45,0.6164383561643836,0.6686301369863014,-0.05219178082191778,0.5017387254305414,0.7194956059732815
Other,1d,24.0,<=6h,70,72.5,70-75,61,39,0.639344262295082,0.7206557377049181,-0.08131147540983608,0.5139167326739971,0.7482606349418546
Other,1d,24.0,<=6h,75,77.5,75-80,69,52,0.7536231884057971,0.768695652173913,-0.015072463768115885,0.6403911369020479,0.840103525488674
Other,1d,24.0,<=6h,80,82.5,80-85,71,59,0.8309859154929577,0.8170422535211267,0.013943661971831056,0.7274065601494254,0.9005864277075953
Other,1d,24.0,<=6h,85,87.5,85-90,61,53,0.8688524590163934,0.8719672131147541,-0.003114754098360706,0.761978875735935,0.932020038541319
Other,1d,24.0,<=6h,90,92.5,90-95,86,80,0.9302325581395349,0.9219767441860465,0.0082558139534884,0.8560368582572241,0.9676350264821391
Other,1d,24.0,<=6h,95,97.5,95-100,313,303,0.9680511182108626,0.9776357827476038,-0.009584664536741117,0.9421969833860228,0.9825553218668229
Other,1d,24.0,<=24h,0,2.5,0-5,992,13,0.01310483870967742,0.018487903225806453,-0.0053830645161290335,0.007674264577855971,0.02229194691602016
Other,1d,24.0,<=24h,5,7.5,5-10,428,27,0.0630841121495327,0.06726635514018692,-0.004182242990654214,0.04371377083109699,0.09022793371983096
Other,1d,24.0,<=24h,10,12.5,10-15,253,30,0.11857707509881422,0.11707509881422926,0.0015019762845849688,0.08433446959068133,0.1642296259452443
Other,1d,24.0,<=24h,15,17.5,15-20,179,26,0.1452513966480447,0.17106145251396648,-0.025810055865921777,0.10109008857130748,0.2043196212540277
Other,1d,24.0,<=24h,20,22.5,20-25,142,29,0.20422535211267606,0.21908450704225352,-0.014859154929577456,0.14612585612225176,0.27790679299843807
Other,1d,24.0,<=24h,25,27.5,25-30,129,36,0.27906976744186046,0.2686046511627907,0.010465116279069764,0.20891494056173487,0.3620026033401753
Other,1d,24.0,<=24h,30,32.5,30-35,115,37,0.3217391304347826,0.3207826086956522,0.000956521739130356,0.24331509061048326,0.41168787131530693
Other,1d,24.0,<=24h,35,37.5,35-40,101,27,0.26732673267326734,0.36930693069306936,-0.10198019801980202,0.19070838238104165,0.36099628446875837
Other,1d,24.0,<=24h,40,42.5,40-45,113,45,0.39823008849557523,0.4189380530973451,-0.02070796460176988,0.31274854918373607,0.49040375273612824
Other,1d,24.0,<=24h,45,47.5,45-50,83,33,0.39759036144578314,0.46674698795180725,-0.06915662650602411,0.299087663224007,0.5051536220586227
Other,1d,24.0,<=24h,50,52.5,50-55,80,37,0.4625,0.515875,-0.05337499999999995,0.3574781238878701,0.5709583563319731
Other,1d,24.0,<=24h,55,57.5,55-60,76,36,0.47368421052631576,0.5672368421052632,-0.09355263157894739,0.36541913011833066,0.5844816734727798
Other,1d,24.0,<=24h,60,62.5,60-65,78,47,0.6025641025641025,0.6189743589743589,-0.016410256410256396,0.4916165517837074,0.7038830474421142
Other,1d,24.0,<=24h,65,67.5,65-70,96,63,0.65625,0.6692708333333333,-0.01302083333333326,0.5568784424044507,0.7435975115065444
Other,1d,24.0,<=24h,70,72.5,70-75,88,55,0.625,0.7202272727272727,-0.09522727272727272,0.5206205279693488,0.7189223371375308
Other,1d,24.0,<=24h,75,77.5,75-80,94,71,0.7553191489361702,0.7695744680851064,-0.014255319148936185,0.6595223001974275,0.8310665699764046
Other,1d,24.0,<=24h,80,82.5,80-85,94,77,0.8191489361702128,0.8178723404255319,0.001276595744680864,0.7293285364486144,0.8839075512686756
Other,1d,24.0,<=24h,85,87.5,85-90,97,84,0.865979381443299,0.8711340206185567,-0.005154639175257714,0.7840983171863207,0.9199761917465006
Other,1d,24.0,<=24h,90,92.5,90-95,128,121,0.9453125,0.9215625,0.02375000000000005,0.8914138332864409,0.9732601391168066
Other,1d,24.0,<=24h,95,97.5,95-100,576,563,0.9774305555555556,0.9788020833333333,-0.0013715277777777146,0.9617711029858529,0.9867638072379048
Other,6h,6.0,all,0,2.5,0-5,3642,34,0.009335529928610654,0.016062602965403624,-0.00672707303679297,0.006688325040583817,0.013016754850983612
Other,6h,6.0,all,5,7.5,5-10,800,33,0.04125,0.06545,-0.024199999999999992,0.029520803096554735,0.05736397619329542
Other,6h,6.0,all,10,12.5,10-15,408,32,0.0784313725490196,0.1153921568627451,-0.03696078431372549,0.05610194911121284,0.10862546065020999
Other,6h,6.0,all,15,17.5,15-20,262,36,0.13740458015267176,0.1672900763358779,-0.02988549618320613,0.1009284066854024,0.18436027650037437
Other,6h,6.0,all,20,22.5,20-25,215,38,0.17674418604651163,0.2195813953488372,-0.04283720930232557,0.13156161456507529,0.23327578380890843
Other,6h,6.0,all,25,27.5,25-30,166,34,0.20481927710843373,0.26879518072289155,-0.06397590361445782,0.15043484537017962,0.2725569304962747
Other,6h,6.0,all,30,32.5,30-35,138,34,0.2463768115942029,0.3176086956521739,-0.07123188405797101,0.18200007681875943,0.3244916717232762
Other,6h,6.0,all,35,37.5,35-40,136,46,0.3382352941176471,0.3677941176470588,-0.02955882352941175,0.26413832884924926,0.42121996224581826
Other,6h,6.0,all,40,42.5,40-45,114,44,0.38596491228070173,0.41842105263157897,-0.03245614035087724,0.3017061930568744,0.47765864923990364
Other,6h,6.0,all,45,47.5,45-50,115,46,0.4,0.4693913043478261,-0.06939130434782609,0.3150932123418453,0.4913718638604273
Other,6h,6.0,all,50,52.5,50-55,118,55,0.4661016949152542,0.5145762711864407,-0.048474576271186454,0.37858563103599213,0.555755349384488
Other,6h,6.0,all,55,57.5,55-60,87,40,0.45977011494252873,0.5667816091954023,-0.1070114942528736,0.3589691971689781,0.5639735955603442
Other,6h,6.0,all,60,62.5,60-65,111,66,0.5945945945945946,0.6209009009009009,-0.02630630630630626,0.5015775740046178,0.6812829922013564
Other,6h,6.0,all,65,67.5,65-70,103,64,0.6213592233009708,0.6686407766990291,-0.047281553398058285,0.5249169306073664,0.7090743237355113
Other,6h,6.0,all,70,72.5,70-75,114,77,0.6754385964912281,0.72,-0.04456140350877191,0.5849888567964521,0.7544498473623509
Other,6h,6.0,all,75,77.5,75-80,118,89,0.7542372881355932,0.77,-0.01576271186440681,0.6693534897050439,0.8230891571413532
Other,6h,6.0,all,80,82.5,80-85,133,106,0.7969924812030075,0.8203007518796993,-0.023308270676691834,0.7207457572762423,0.8565640666369536
Other,6h,6.0,all,85,87.5,85-90,164,137,0.8353658536585366,0.8692682926829268,-0.033902439024390274,0.7710618785383982,0.8843179557815797
Other,6h,6.0,all,90,92.5,90-95,253,240,0.9486166007905138,0.9216205533596837,0.02699604743083006,0.9140843304356964,0.9697288836230852
Other,6h,6.0,all,95,97.5,95-100,1515,1488,0.9821782178217822,0.9819009900990099,0.0002772277227722775,0.9741939902609493,0.9877233024968999
Other,6h,6.0,<=1h,0,2.5,0-5,248,6,0.024193548387096774,0.018225806451612904,0.0059677419354838696,0.011134068463583651,0.05176896264803571
Other,6h,6.0,<=1h,5,7.5,5-10,100,9,0.09,0.0675,0.022499999999999992,0.04807199516388488,0.16226374696643667
Other,6h,6.0,<=1h,10,12.5,10-15,82,7,0.08536585365853659,0.11621951219512194,-0.03085365853658535,0.04196599135384306,0.16587729208914964
Other,6h,6.0,<=1h,15,17.5,15-20,69,12,0.17391304347826086,0.166231884057971,0.0076811594202898514,0.10238268593034995,0.27983846242443633
Other,6h,6.0,<=1h,20,22.5,20-25,72,15,0.20833333333333334,0.22125,-0.01291666666666666,0.1305194089904011,0.3156948058995801
Other,6h,6.0,<=1h,25,27.5,25-30,53,9,0.16981132075471697,0.2705660377358491,-0.10075471698113211,0.09199841772223752,0.29225536823734133
Other,6h,6.0,<=1h,30,32.5,30-35,48,11,0.22916666666666666,0.31854166666666667,-0.08937500000000001,0.13307691028989044,0.36539535908451154
Other,6h,6.0,<=1h,35,37.5,35-40,50,20,0.4,0.371,0.029000000000000026,0.2760818978624575,0.5381881089724063
Other,6h,6.0,<=1h,40,42.5,40-45,37,14,0.3783783783783784,0.4208108108108108,-0.04243243243243239,0.2406378746389103,0.5389985744718004
Other,6h,6.0,<=1h,45,47.5,45-50,45,18,0.4,0.46977777777777774,-0.06977777777777772,0.27024679447957545,0.5454840579085527
Other,6h,6.0,<=1h,50,52.5,50-55,41,20,0.4878048780487805,0.5197560975609756,-0.03195121951219515,0.3425418723993569,0.6351574068413481
Other,6h,6.0,<=1h,55,57.5,55-60,31,16,0.5161290322580645,0.5664516129032259,-0.050322580645161374,0.34840118286973176,0.6803001396872117
Other,6h,6.0,<=1h,60,62.5,60-65,45,24,0.5333333333333333,0.6224444444444445,-0.08911111111111114,0.3907720886241046,0.6706509605798527
Other,6h,6.0,<=1h,65,67.5,65-70,39,21,0.5384615384615384,0.6687179487179488,-0.13025641025641033,0.3856918682173881,0.6843335276595165
Other,6h,6.0,<=1h,70,72.5,70-75,35,21,0.6,0.72,-0.12,0.43572419581519467,0.7444949506669274
Other,6h,6.0,<=1h,75,77.5,75-80,32,25,0.78125,0.77125,0.010000000000000009,0.6124466920955516,0.8897630306846815
Other,6h,6.0,<=1h,80,82.5,80-85,31,23,0.7419354838709677,0.82,-0.0780645161290322,0.5675352757228489,0.8629845626313024
Other,6h,6.0,<=1h,85,87.5,85-90,46,36,0.782608695652174,0.8660869565217391,-0.08347826086956511,0.6442603416081054,0.8773922538141925
Other,6h,6.0,<=1h,90,92.5,90-95,35,31,0.8857142857142857,0.9197142857142857,-0.03400000000000003,0.7404820521187976,0.9546489414551025
Other,6h,6.0,<=1h,95,97.5,95-100,148,143,0.9662162162162162,0.9821621621621621,-0.015945945945945894,0.9233567266264439,0.985485119086457
Other,6h,6.0,<=6h,0,2.5,0-5,888,17,0.019144144144144143,0.016722972972972972,0.0024211711711711707,0.011986409383459153,0.030444443808408102
Other,6h,6.0,<=6h,5,7.5,5-10,278,22,0.07913669064748201,0.06679856115107913,0.01233812949640288,0.052838742103939976,0.11690766864592801
Other,6h,6.0,<=6h,10,12.5,10-15,163,19,0.1165644171779141,0.1154601226993865,0.0011042944785275982,0.07590540409960798,0.17488097052158957
Other,6h,6.0,<=6h,15,17.5,15-20,137,25,0.18248175182481752,0.16744525547445258,0.015036496350364942,0.12676767353162915,0.2555171059653377
Other,6h,6.0,<=6h,20,22.5,20-25,118,27,0.2288135593220339,0.22101694915254239,0.0077966101694915135,0.16228575133845904,0.31244209202538376
Other,6h,6.0,<=6h,25,27.5,25-30,95,21,0.22105263157894736,0.2703157894736842,-0.049263157894736814,0.1493724298392572,0.31441609644926916
Other,6h,6.0,<=6h,30,32.5,30-35,83,20,0.24096385542168675,0.31879518072289154,-0.07783132530120479,0.1617462229721785,0.34309938097800213
Other,6h,6.0,<=6h,35,37.5,35-40,88,34,0.38636363636363635,0.36920454545454545,0.0171590909090909,0.29141940235595687,0.49081435663778894
Other,6h,6.0,<=6h,40,42.5,40-45,78,33,0.4230769230769231,0.41782051282051286,0.0052564102564102155,0.3195888522235069,0.5337864483571269
Other,6h,6.0,<=6h,45,47.5,45-50,81,37,0.4567901234567901,0.471358024691358,-0.014567901234567915,0.352731535009501,0.564761770161547
Other,6h,6.0,<=6h,50,52.5,50-55,68,33,0.4852941176470588,0.5169117647058823,-0.03161764705882347,0.370506471844866,0.6016545045253707
Other,6h,6.0,<=6h,55,57.5,55-60,52,23,0.4423076923076923,0.5673076923076923,-0.125,0.31594847188588093,0.5766047500848361
Other,6h,6.0,<=6h,60,62.5,60-65,74,44,0.5945945945945946,0.6210810810810811,-0.026486486486486438,0.4807563154549811,0.6990961027892483
Other,6h,6.0,<=6h,65,67.5,65-70,68,41,0.6029411764705882,0.6691176470588235,-0.06617647058823528,0.4841583838253139,0.7107147815830288
Other,6h,6.0,<=6h,70,72.5,70-75,63,43,0.6825396825396826,0.7214285714285714,-0.03888888888888886,0.559962360918752,0.7841347283190879
Other,6h,6.0,<=6h,75,77.5,75-80,61,47,0.7704918032786885,0.7718032786885246,-0.0013114754098361159,0.6508635609254849,0.858068976211168
Other,6h,6.0,<=6h,80,82.5,80-85,63,45,0.7142857142857143,0.8201587301587301,-0.10587301587301579,0.5929704958526203,0.8109695654265832
Other,6h,6.0,<=6h,85,87.5,85-90,80,61,0.7625,0.868625,-0.10612500000000002,0.6585901502919855,0.8423544881691125
Other,6h,6.0,<=6h,90,92.5,90-95,90,82,0.9111111111111111,0.9211111111111111,-0.010000000000000009,0.8342928001780631,0.9542700546752215
Other,6h,6.0,<=6h,95,97.5,95-100,476,463,0.9726890756302521,0.9820168067226891,-0.009327731092437008,0.953838211310255,0.9839712658171971
Other,6h,6.0,<=24h,0,2.5,0-5,1740,26,0.014942528735632184,0.016419540229885055,-0.0014770114942528716,0.010217329989953745,0.02180484450112388
Other,6h,6.0,<=24h,5,7.5,5-10,460,25,0.05434782608695652,0.06628260869565217,-0.011934782608695647,0.037079855241338985,0.0789977022696734
Other,6h,6.0,<=24h,10,12.5,10-15,264,26,0.09848484848484848,0.11606060606060606,-0.017575757575757578,0.06809679705431318,0.14039060744147835
Other,6h,6.0,<=24h,15,17.5,15-20,208,32,0.15384615384615385,0.16759615384615384,-0.013749999999999984,0.11113277482794173,0.2091140511023761
Other,6h,6.0,<=24h,20,22.5,20-25,172,36,0.20930232558139536,0.22023255813953488,-0.010930232558139519,0.15518923227364206,0.2761171252663257
Other,6h,6.0,<=24h,25,27.5,25-30,140,31,0.22142857142857142,0.26935714285714285,-0.04792857142857143,0.16060708217700126,0.29712976168457983
Other,6h,6.0,<=24h,30,32.5,30-35,114,31,0.2719298245614035,0.31780701754385965,-0.04587719298245613,0.19868338856494294,0.36004629602861316
Other,6h,6.0,<=24h,35,37.5,35-40,119,43,0.36134453781512604,0.36773109243697477,-0.006386554621848728,0.28061734896606716,0.4507440139598472
Other,6h,6.0,<=24h,40,42.5,40-45,100,38,0.38,0.4183,-0.0383,0.2909744920013438,0.47790426179289663
Other,6h,6.0,<=24h,45,47.5,45-50,100,42,0.42,0.4703,-0.05030000000000001,0.327982249185113,0.5179369200110473
Other,6h,6.0,<=24h,50,52.5,50-55,98,49,0.5,0.5151020408163265,-0.01510204081632649,0.402890108516874,0.597109891483126
Other,6h,6.0,<=24h,55,57.5,55-60,66,27,0.4090909090909091,0.5674242424242424,-0.15833333333333327,0.2986723457922731,0.5295102846171105
Other,6h,6.0,<=24h,60,62.5,60-65,96,59,0.6145833333333334,0.6204166666666666,-0.005833333333333246,0.5146051824336462,0.7057438504344169
Other,6h,6.0,<=24h,65,67.5,65-70,85,52,0.611764705882353,0.6687058823529413,-0.05694117647058827,0.505475154675872,0.7083886208527093
Other,6h,6.0,<=24h,70,72.5,70-75,92,65,0.7065217391304348,0.7205434782608695,-0.014021739130434696,0.6067033690450713,0.7897841687255837
Other,6h,6.0,<=24h,75,77.5,75-80,90,67,0.7444444444444445,0.7701111111111111,-0.025666666666666615,0.645621572349918,0.823253638643927
Other,6h,6.0,<=24h,80,82.5,80-85,98,75,0.7653061224489796,0.8211224489795919,-0.055816326530612304,0.6723805043479798,0.838216344091165
Other,6h,6.0,<=24h,85,87.5,85-90,121,97,0.8016528925619835,0.8687603305785124,-0.06710743801652896,0.7218081191012656,0.8629328646733735
Other,6h,6.0,<=24h,90,92.5,90-95,164,155,0.9451219512195121,0.921219512195122,0.023902439024390154,0.8990043941380728,0.9708633859593523
Other,6h,6.0,<=24h,95,97.5,95-100,970,952,0.9814432989690721,0.9824536082474227,-0.0010103092783505518,0.9708578636307453,0.9882303494831736
Other,1h,1.0,all,0,2.5,0-5,4152,21,0.0050578034682080926,0.015481695568400771,-0.010423892100192678,0.0033105452406183753,0.007720096543226321
Other,1h,1.0,all,5,7.5,5-10,806,24,0.02977667493796526,0.06502481389578164,-0.03524813895781638,0.020090056159021943,0.04392443753949886
Other,1h,1.0,all,10,12.5,10-15,367,23,0.06267029972752043,0.11572207084468665,-0.05305177111716622,0.04211982300691151,0.09228149550751621
Other,1h,1.0,all,15,17.5,15-20,221,26,0.11764705882352941,0.16809954751131223,-0.05045248868778282,0.08156190510152554,0.16679782904019913
Other,1h,1.0,all,20,22.5,20-25,170,26,0.15294117647058825,0.21805882352941175,-0.0651176470588235,0.10655823875556346,0.21466291889599975
Other,1h,1.0,all,25,27.5,25-30,128,31,0.2421875,0.2671875,-0.025000000000000022,0.17618632286113767,0.3232129562738243
Other,1h,1.0,all,30,32.5,30-35,102,14,0.13725490196078433,0.31823529411764706,-0.18098039215686273,0.08355290247590341,0.21728911049442212
Other,1h,1.0,all,35,37.5,35-40,102,30,0.29411764705882354,0.36715686274509807,-0.07303921568627453,0.2144622923532573,0.38871830960287346
Other,1h,1.0,all,40,42.5,40-45,97,37,0.38144329896907214,0.4195876288659794,-0.03814432989690725,0.291045123554349,0.4808744017209342
Other,1h,1.0,all,45,47.5,45-50,69,23,0.3333333333333333,0.46594202898550724,-0.13260869565217392,0.23350891006988278,0.4507374546447857
Other,1h,1.0,all,50,52.5,50-55,81,34,0.41975308641975306,0.5135802469135803,-0.09382716049382722,0.3183079093457035,0.528465371686243
Other,1h,1.0,all,55,57.5,55-60,83,40,0.4819277108433735,0.5680722891566264,-0.08614457831325295,0.3776300414382687,0.5878243030233717
Other,1h,1.0,all,60,62.5,60-65,66,37,0.5606060606060606,0.6187878787878788,-0.05818181818181822,0.4408242143005392,0.6737206987598716
Other,1h,1.0,all,65,67.5,65-70,91,60,0.6593406593406593,0.6678021978021978,-0.00846153846153852,0.557285222010459,0.7484877721186994
Other,1h,1.0,all,70,72.5,70-75,93,70,0.7526881720430108,0.719247311827957,0.03344086021505377,0.6561496172464738,0.829179001859365
Other,1h,1.0,all,75,77.5,75-80,89,65,0.7303370786516854,0.7694382022471911,-0.03910112359550566,0.6300316256093158,0.8115807550476312
Other,1h,1.0,all,80,82.5,80-85,117,95,0.811965811965812,0.82,-0.008034188034187983,0.7316776614830262,0.872418941011479
Other,1h,1.0,all,85,87.5,85-90,135,118,0.8740740740740741,0.8712592592592593,0.0028148148148148255,0.8075757459535672,0.9198719354329915
Other,1h,1.0,all,90,92.5,90-95,253,242,0.9565217391304348,0.9206324110671937,0.03588932806324108,0.9238350803283094,0.9755519348592615
Other,1h,1.0,all,95,97.5,95-100,1904,1874,0.9842436974789915,0.9830882352941177,0.0011554621848738345,0.977596110243166,0.9889411536470857
Other,1h,1.0,<=1h,0,2.5,0-5,594,3,0.005050505050505051,0.015959595959595962,-0.01090909090909091,0.0017190518050179968,0.014742833751289899
Other,1h,1.0,<=1h,5,7.5,5-10,191,8,0.041884816753926704,0.06774869109947644,-0.025863874345549737,0.02137375216179106,0.08046076367055685
Other,1h,1.0,<=1h,10,12.5,10-15,106,9,0.08490566037735849,0.11952830188679245,-0.03462264150943396,0.045311045103536174,0.1535352936242318
Other,1h,1.0,<=1h,15,17.5,15-20,82,9,0.10975609756097561,0.17085365853658538,-0.06109756097560977,0.05882647906650991,0.19561425829160084
Other,1h,1.0,<=1h,20,22.5,20-25,63,17,0.2698412698412698,0.21936507936507937,0.05047619047619045,0.17583701687980413,0.39030143582031074
Other,1h,1.0,<=1h,25,27.5,25-30,60,14,0.23333333333333334,0.26966666666666667,-0.03633333333333333,0.1443943161843107,0.3543651134039202
Other,1h,1.0,<=1h,30,32.5,30-35,47,5,0.10638297872340426,0.3202127659574468,-0.21382978723404256,0.046304099555199416,0.22594539692012788
Other,1h,1.0,<=1h,35,37.5,35-40,50,15,0.3,0.368,-0.068,0.1910338908960936,0.4375061227736339
Other,1h,1.0,<=1h,40,42.5,40-45,43,22,0.5116279069767442,0.4241860465116279,0.08744186046511632,0.36752063766074083,0.6538279072224399
Other,1h,1.0,<=1h,45,47.5,45-50,38,13,0.34210526315789475,0.4639473684210526,-0.12184210526315786,0.21212220026458956,0.5010818837092545
Other,1h,1.0,<=1h,50,52.5,50-55,34,13,0.38235294117647056,0.515,-0.13264705882352945,0.23899964851608782,0.5495928000061734
Other,1h,1.0,<=1h,55,57.5,55-60,45,21,0.4666666666666667,0.5688888888888889,-0.10222222222222221,0.3293490394201473,0.6092279113758954
Other,1h,1.0,<=1h,60,62.5,60-65,28,19,0.6785714285714286,0.6203571428571428,0.058214285714285774,0.4933850455563118,0.8206695245657927
Other,1h,1.0,<=1h,65,67.5,65-70,44,29,0.6590909090909091,0.6679545454545455,-0.008863636363636407,0.5113886797193951,0.7812436737136005
Other,1h,1.0,<=1h,70,72.5,70-75,55,43,0.7818181818181819,0.7176363636363636,0.06418181818181823,0.6562971335952182,0.8705410217234678
Other,1h,1.0,<=1h,75,77.5,75-80,38,26,0.6842105263157895,0.7705263157894737,-0.08631578947368423,0.5254394356005149,0.8091557997633335
Other,1h,1.0,<=1h,80,82.5,80-85,52,38,0.7307692307692307,0.8226923076923077,-0.091923076923077,0.59747521247539,0.8323118996417412
Other,1h,1.0,<=1h,85,87.5,85-90,49,42,0.8571428571428571,0.8702040816326531,-0.013061224489795964,0.7333202681083708,0.9290366627945541
Other,1h,1.0,<=1h,90,92.5,90-95,70,66,0.9428571428571428,0.92,0.022857142857142798,0.8620785266792448,0.9775565841525897
Other,1h,1.0,<=1h,95,97.5,95-100,455,443,0.9736263736263736,0.9830769230769231,-0.009450549450549461,0.9544718179330807,0.9848501615910077
Other,1h,1.0,<=6h,0,2.5,0-5,1311,7,0.005339435545385202,0.015926773455377574,-0.010587337909992372,0.0025887666947594463,0.010980624477530811
Other,1h,1.0,<=6h,5,7.5,5-10,329,16,0.0486322188449848,0.0660790273556231,-0.017446808510638297,0.03015328245617661,0.07753037247157278
Other,1h,1.0,<=6h,10,12.5,10-15,154,13,0.08441558441558442,0.1181168831168831,-0.03370129870129869,0.049994778686993674,0.13906564644807845
Other,1h,1.0,<=6h,15,17.5,15-20,107,15,0.14018691588785046,0.1697196261682243,-0.029532710280373853,0.08683152059205125,0.21848345140402237
Other,1h,1.0,<=6h,20,22.5,20-25,91,20,0.21978021978021978,0.21912087912087913,0.0006593406593406459,0.14702013817844428,0.315241148008208
Other,1h,1.0,<=6h,25,27.5,25-30,73,19,0.2602739726027397,0.2687671232876712,-0.008493150684931505,0.17342050231153916,0.37109705068059007
Other,1h,1.0,<=6h,30,32.5,30-35,65,7,0.1076923076923077,0.31846153846153846,-0.21076923076923076,0.05315354431925605,0.20601533031468616
Other,1h,1.0,<=6h,35,37.5,35-40,64,21,0.328125,0.36859375,-0.04046875,0.2257039576708776,0.45001123772545737
Other,1h,1.0,<=6h,40,42.5,40-45,66,29,0.4393939393939394,0.42227272727272724,0.017121212121212148,0.32627930124012827,0.5591757856994607
Other,1h,1.0,<=6h,45,47.5,45-50,44,14,0.3181818181818182,0.46590909090909094,-0.14772727272727276,0.19999129931673562,0.46557172533126934
Other,1h,1.0,<=6h,50,52.5,50-55,48,21,0.4375,0.5152083333333334,-0.07770833333333338,0.3070105464041092,0.5772522849899835
Other,1h,1.0,<=6h,55,57.5,55-60,53,27,0.5094339622641509,0.570377358490566,-0.06094339622641509,0.3788330425329779,0.6387597064396054
Other,1h,1.0,<=6h,60,62.5,60-65,43,29,0.6744186046511628,0.62,0.05441860465116277,0.5251593250655096,0.7950688481822019
Other,1h,1.0,<=6h,65,67.5,65-70,57,38,0.6666666666666666,0.6687719298245614,-0.002105263157894721,0.5372226902277747,0.7750636401777372
Other,1h,1.0,<=6h,70,72.5,70-75,65,51,0.7846153846153846,0.7196923076923076,0.06492307692307697,0.6703320947133157,0.8671336236895105
Other,1h,1.0,<=6h,75,77.5,75-80,52,39,0.75,0.770576923076923,-0.020576923076923048,0.6179328224079477,0.8476698823856113
Other,1h,1.0,<=6h,80,82.5,80-85,64,45,0.703125,0.8215625,-0.11843749999999997,0.5822956740587202,0.8009500041092477
Other,1h,1.0,<=6h,85,87.5,85-90,68,57,0.8382352941176471,0.8720588235294118,-0.0338235294117647,0.7330975154420465,0.9072000280425085
Other,1h,1.0,<=6h,90,92.5,90-95,112,106,0.9464285714285714,0.9188392857142857,0.02758928571428565,0.8880283464156127,0.9752193987812767
Other,1h,1.0,<=6h,95,97.5,95-100,823,808,0.9817739975698664,0.984179829890644,-0.0024058323207776233,0.9701469559418482,0.9889242857566828
Other,1h,1.0,<=24h,0,2.5,0-5,2323,15,0.0064571674558760225,0.015445544554455445,-0.008988377098579423,0.003917027991155163,0.010626978786100326
Other,1h,1.0,<=24h,5,7.5,5-10,499,21,0.04208416833667335,0.06603206412825652,-0.02394789579158317,0.0276878015623351,0.0634772889950094
Other,1h,1.0,<=24h,10,12.5,10-15,242,21,0.08677685950413223,0.11702479338842975,-0.030247933884297515,0.0574565336404953,0.12901150106152423
Other,1h,1.0,<=24h,15,17.5,15-20,168,22,0.13095238095238096,0.16845238095238094,-0.03749999999999998,0.08809287772188032,0.19031235127971188
Other,1h,1.0,<=24h,20,22.5,20-25,128,25,0.1953125,0.218515625,-0.02320312499999999,0.1359386913872761,0.2724422748631335
Other,1h,1.0,<=24h,25,27.5,25-30,106,28,0.2641509433962264,0.2674528301886792,-0.0033018867924528017,0.18953748624976913,0.3552615698455535
Other,1h,1.0,<=24h,30,32.5,30-35,82,13,0.15853658536585366,0.3176829268292683,-0.15914634146341464,0.09505500489170982,0.2525806402966371
Other,1h,1.0,<=24h,35,37.5,35-40,82,27,0.32926829268292684,0.3671951219512195,-0.03792682926829266,0.2371996746292997,0.43661814796487375
Other,1h,1.0,<=24h,40,42.5,40-45,86,33,0.38372093023255816,0.42034883720930233,-0.03662790697674417,0.2880127996939033,0.48937317740356595
Other,1h,1.0,<=24h,45,47.5,45-50,55,19,0.34545454545454546,0.4663636363636363,-0.12090909090909085,0.23362533364154048,0.4774634198933736
Other,1h,1.0,<=24h,50,52.5,50-55,62,29,0.46774193548387094,0.5141935483870967,-0.0464516129032258,0.34908630867622215,0.5901618262415199
Other,1h,1.0,<=24h,55,57.5,55-60,65,29,0.4461538461538462,0.5687692307692308,-0.12261538461538463,0.331693339691393,0.5666239568269913
Other,1h,1.0,<=24h,60,62.5,60-65,56,34,0.6071428571428571,0.6189285714285715,-0.0117857142857144,0.476331653784818,0.7241977438248716
Other,1h,1.0,<=24h,65,67.5,65-70,73,48,0.6575342465753424,0.6678082191780823,-0.010273972602739878,0.5432641175004692,0.7560529191047028
Other,1h,1.0,<=24h,70,72.5,70-75,79,62,0.7848101265822784,0.7196202531645569,0.06518987341772153,0.6821262542258216,0.8610790918804824
Other,1h,1.0,<=24h,75,77.5,75-80,66,48,0.7272727272727273,0.7696969696969697,-0.042424242424242364,0.6095754555973323,0.8199679683792089
Other,1h,1.0,<=24h,80,82.5,80-85,86,66,0.7674418604651163,0.8213953488372092,-0.053953488372092906,0.6679021685151015,0.8441100841607191
Other,1h,1.0,<=24h,85,87.5,85-90,100,85,0.85,0.8713,-0.021299999999999986,0.7671626666784216,0.906940968088377
Other,1h,1.0,<=24h,90,92.5,90-95,169,161,0.9526627218934911,0.9194674556213017,0.03319526627218938,0.9093821731173413,0.9758213889880776
Other,1h,1.0,<=24h,95,97.5,95-100,1346,1323,0.9829123328380386,0.9837592867756315,-0.0008469539375929314,0.9744889585915192,0.9885870052845386
Esports,30d,720.0,all,0,2.5,0-5,2,0,0.0,0.01,-0.01,0.0,0.6576280471103807
Esports,30d,720.0,all,5,7.5,5-10,3,0,0.0,0.06333333333333332,-0.06333333333333332,0.0,0.5615060804490177
Esports,30d,720.0,all,15,17.5,15-20,1,0,0.0,0.16,-0.16,0.0,0.7934567085261071
Esports,30d,720.0,all,20,22.5,20-25,2,1,0.5,0.22,0.28,0.09452865480086614,0.9054713451991339
Esports,30d,720.0,all,45,47.5,45-50,1,0,0.0,0.49,-0.49,0.0,0.7934567085261071
Esports,30d,720.0,<=24h,5,7.5,5-10,1,0,0.0,0.06,-0.06,0.0,0.7934567085261071
Esports,30d,720.0,<=24h,20,22.5,20-25,2,1,0.5,0.22,0.28,0.09452865480086614,0.9054713451991339
Esports,30d,720.0,<=24h,45,47.5,45-50,1,0,0.0,0.49,-0.49,0.0,0.7934567085261071
Esports,7d,168.0,all,0,2.5,0-5,10,0,0.0,0.013000000000000001,-0.013000000000000001,0.0,0.2775401687666166
Esports,7d,168.0,all,35,37.5,35-40,1,0,0.0,0.38,-0.38,0.0,0.7934567085261071
Esports,7d,168.0,all,65,67.5,65-70,1,1,1.0,0.65,0.35,0.20654329147389294,1.0
Esports,7d,168.0,<=1h,65,67.5,65-70,1,1,1.0,0.65,0.35,0.20654329147389294,1.0
Esports,7d,168.0,<=6h,0,2.5,0-5,1,0,0.0,0.01,-0.01,0.0,0.7934567085261071
Esports,7d,168.0,<=6h,35,37.5,35-40,1,0,0.0,0.38,-0.38,0.0,0.7934567085261071
Esports,7d,168.0,<=6h,65,67.5,65-70,1,1,1.0,0.65,0.35,0.20654329147389294,1.0
Esports,7d,168.0,<=24h,0,2.5,0-5,1,0,0.0,0.01,-0.01,0.0,0.7934567085261071
Esports,7d,168.0,<=24h,35,37.5,35-40,1,0,0.0,0.38,-0.38,0.0,0.7934567085261071
Esports,7d,168.0,<=24h,65,67.5,65-70,1,1,1.0,0.65,0.35,0.20654329147389294,1.0
Esports,3d,72.0,all,0,2.5,0-5,10,0,0.0,0.013000000000000001,-0.013000000000000001,0.0,0.2775401687666166
Esports,3d,72.0,all,35,37.5,35-40,1,0,0.0,0.37,-0.37,0.0,0.7934567085261071
Esports,3d,72.0,all,40,42.5,40-45,3,2,0.6666666666666666,0.41333333333333333,0.2533333333333333,0.2076549551264879,0.9385096847238394
Esports,3d,72.0,all,45,47.5,45-50,2,1,0.5,0.48,0.020000000000000018,0.09452865480086614,0.9054713451991339
Esports,3d,72.0,all,50,52.5,50-55,2,1,0.5,0.51,-0.010000000000000009,0.09452865480086614,0.9054713451991339
Esports,3d,72.0,all,55,57.5,55-60,1,1,1.0,0.56,0.43999999999999995,0.20654329147389294,1.0
Esports,3d,72.0,all,60,62.5,60-65,3,1,0.3333333333333333,0.6133333333333334,-0.2800000000000001,0.0614903152761605,0.7923450448735121
Esports,3d,72.0,all,65,67.5,65-70,1,1,1.0,0.65,0.35,0.20654329147389294,1.0
Esports,3d,72.0,<=1h,40,42.5,40-45,1,1,1.0,0.42,0.5800000000000001,0.20654329147389294,1.0
Esports,3d,72.0,<=1h,60,62.5,60-65,2,1,0.5,0.61,-0.10999999999999999,0.09452865480086614,0.9054713451991339
Esports,3d,72.0,<=1h,65,67.5,65-70,1,1,1.0,0.65,0.35,0.20654329147389294,1.0
Esports,3d,72.0,<=6h,35,37.5,35-40,1,0,0.0,0.37,-0.37,0.0,0.7934567085261071
Esports,3d,72.0,<=6h,40,42.5,40-45,2,1,0.5,0.41,0.09000000000000002,0.09452865480086614,0.9054713451991339
Esports,3d,72.0,<=6h,45,47.5,45-50,1,0,0.0,0.48,-0.48,0.0,0.7934567085261071
Esports,3d,72.0,<=6h,50,52.5,50-55,2,1,0.5,0.51,-0.010000000000000009,0.09452865480086614,0.9054713451991339
Esports,3d,72.0,<=6h,60,62.5,60-65,3,1,0.3333333333333333,0.6133333333333334,-0.2800000000000001,0.0614903152761605,0.7923450448735121
Esports,3d,72.0,<=6h,65,67.5,65-70,1,1,1.0,0.65,0.35,0.20654329147389294,1.0
Esports,3d,72.0,<=24h,35,37.5,35-40,1,0,0.0,0.37,-0.37,0.0,0.7934567085261071
Esports,3d,72.0,<=24h,40,42.5,40-45,2,1,0.5,0.41,0.09000000000000002,0.09452865480086614,0.9054713451991339
Esports,3d,72.0,<=24h,45,47.5,45-50,2,1,0.5,0.48,0.020000000000000018,0.09452865480086614,0.9054713451991339
Esports,3d,72.0,<=24h,50,52.5,50-55,2,1,0.5,0.51,-0.010000000000000009,0.09452865480086614,0.9054713451991339
Esports,3d,72.0,<=24h,55,57.5,55-60,1,1,1.0,0.56,0.43999999999999995,0.20654329147389294,1.0
Esports,3d,72.0,<=24h,60,62.5,60-65,3,1,0.3333333333333333,0.6133333333333334,-0.2800000000000001,0.0614903152761605,0.7923450448735121
Esports,3d,72.0,<=24h,65,67.5,65-70,1,1,1.0,0.65,0.35,0.20654329147389294,1.0
Esports,1d,24.0,all,0,2.5,0-5,796,2,0.002512562814070352,0.012927135678391958,-0.010414572864321606,0.0006892915534016907,0.009114649626952019
Esports,1d,24.0,all,5,7.5,5-10,208,1,0.004807692307692308,0.0673076923076923,-0.0625,0.0008491586222405118,0.026726161805852935
Esports,1d,24.0,all,10,12.5,10-15,109,2,0.01834862385321101,0.11926605504587157,-0.10091743119266056,0.0050462566124631555,0.06444584559097954
Esports,1d,24.0,all,15,17.5,15-20,64,2,0.03125,0.16625,-0.135,0.00861195771251659,0.10697493882294247
Esports,1d,24.0,all,20,22.5,20-25,40,1,0.025,0.2205,-0.1955,0.0044267174077949195,0.1288165948800778
Esports,1d,24.0,all,25,27.5,25-30,24,1,0.041666666666666664,0.2704166666666667,-0.22875000000000004,0.007393265354805126,0.20242226248842232
Esports,1d,24.0,all,30,32.5,30-35,20,1,0.05,0.318,-0.268,0.008881219432873136,0.23613589351256675
Esports,1d,24.0,all,35,37.5,35-40,28,1,0.03571428571428571,0.37,-0.3342857142857143,0.00633235649754188,0.17712576118498663
Esports,1d,24.0,all,40,42.5,40-45,20,4,0.2,0.415,-0.21499999999999997,0.0806563532712,0.41602172202575993
Esports,1d,24.0,all,45,47.5,45-50,24,4,0.16666666666666666,0.46791666666666665,-0.30125,0.06678568000728924,0.3585347038786943
Esports,1d,24.0,all,50,52.5,50-55,16,5,0.3125,0.515,-0.2025,0.14164435051961052,0.5559606813326594
Esports,1d,24.0,all,55,57.5,55-60,9,3,0.3333333333333333,0.5644444444444444,-0.2311111111111111,0.12058159868274293,0.6458026525009102
Esports,1d,24.0,all,60,62.5,60-65,12,3,0.25,0.6108333333333333,-0.36083333333333334,0.08894003962896138,0.53231033912066
Esports,1d,24.0,all,65,67.5,65-70,5,4,0.8,0.6659999999999999,0.13400000000000012,0.3755282641185388,0.9637768390302125
Esports,1d,24.0,all,70,72.5,70-75,2,0,0.0,0.71,-0.71,0.0,0.6576280471103807
Esports,1d,24.0,all,75,77.5,75-80,6,5,0.8333333333333334,0.7516666666666667,0.08166666666666667,0.43649056343635395,0.9699474141282697
Esports,1d,24.0,all,80,82.5,80-85,2,2,1.0,0.825,0.17500000000000004,0.34237195288961925,1.0
Esports,1d,24.0,all,85,87.5,85-90,3,2,0.6666666666666666,0.88,-0.21333333333333337,0.2076549551264879,0.9385096847238394
Esports,1d,24.0,all,90,92.5,90-95,2,2,1.0,0.915,0.08499999999999996,0.34237195288961925,1.0
Esports,1d,24.0,all,95,97.5,95-100,6,5,0.8333333333333334,0.9783333333333333,-0.1449999999999999,0.43649056343635395,0.9699474141282697
Esports,1d,24.0,<=1h,0,2.5,0-5,44,0,0.0,0.013863636363636364,-0.013863636363636364,6.938893903907228e-18,0.08029831778201396
Esports,1d,24.0,<=1h,5,7.5,5-10,10,0,0.0,0.068,-0.068,0.0,0.2775401687666166
Esports,1d,24.0,<=1h,10,12.5,10-15,10,1,0.1,0.11900000000000001,-0.019000000000000003,0.01787574951572113,0.4041563854975721
Esports,1d,24.0,<=1h,15,17.5,15-20,4,0,0.0,0.165,-0.165,0.0,0.48990002040399916
Esports,1d,24.0,<=1h,20,22.5,20-25,4,0,0.0,0.215,-0.215,0.0,0.48990002040399916
Esports,1d,24.0,<=1h,25,27.5,25-30,5,0,0.0,0.27399999999999997,-0.27399999999999997,0.0,0.43449149475208104
Esports,1d,24.0,<=1h,35,37.5,35-40,5,1,0.2,0.368,-0.16799999999999998,0.03622316096978745,0.6244717358814613
Esports,1d,24.0,<=1h,40,42.5,40-45,7,1,0.14285714285714285,0.41,-0.2671428571428571,0.02567895594897479,0.51313450331903
Esports,1d,24.0,<=1h,45,47.5,45-50,2,0,0.0,0.475,-0.475,0.0,0.6576280471103807
Esports,1d,24.0,<=1h,50,52.5,50-55,6,4,0.6666666666666666,0.5066666666666666,0.16000000000000003,0.29998832134152864,0.9032306674407831
Esports,1d,24.0,<=1h,55,57.5,55-60,2,1,0.5,0.565,-0.06499999999999995,0.09452865480086614,0.9054713451991339
Esports,1d,24.0,<=1h,60,62.5,60-65,5,2,0.4,0.606,-0.20599999999999996,0.1176182311592533,0.769280067791163
Esports,1d,24.0,<=1h,65,67.5,65-70,2,2,1.0,0.655,0.345,0.34237195288961925,1.0
Esports,1d,24.0,<=1h,70,72.5,70-75,2,0,0.0,0.71,-0.71,0.0,0.6576280471103807
Esports,1d,24.0,<=1h,75,77.5,75-80,3,2,0.6666666666666666,0.75,-0.08333333333333337,0.2076549551264879,0.9385096847238394
Esports,1d,24.0,<=1h,80,82.5,80-85,1,1,1.0,0.83,0.17000000000000004,0.20654329147389294,1.0
Esports,1d,24.0,<=1h,90,92.5,90-95,2,2,1.0,0.915,0.08499999999999996,0.34237195288961925,1.0
Esports,1d,24.0,<=1h,95,97.5,95-100,3,3,1.0,0.99,0.010000000000000009,0.43849391955098227,1.0
Esports,1d,24.0,<=6h,0,2.5,0-5,227,0,0.0,0.013127753303964757,-0.013127753303964757,0.0,0.016641714491668746
Esports,1d,24.0,<=6h,5,7.5,5-10,58,0,0.0,0.06844827586206897,-0.06844827586206897,0.0,0.062119996895293766
Esports,1d,24.0,<=6h,10,12.5,10-15,33,1,0.030303030303030304,0.11727272727272726,-0.08696969696969696,0.005369272089651725,0.15319061673168066
Esports,1d,24.0,<=6h,15,17.5,15-20,23,1,0.043478260869565216,0.16652173913043478,-0.12304347826086956,0.0077164669621267445,0.20991586494059142
Esports,1d,24.0,<=6h,20,22.5,20-25,13,0,0.0,0.22076923076923077,-0.22076923076923077,0.0,0.22810184305529166
Esports,1d,24.0,<=6h,25,27.5,25-30,13,0,0.0,0.27076923076923076,-0.27076923076923076,0.0,0.22810184305529166
Esports,1d,24.0,<=6h,30,32.5,30-35,7,1,0.14285714285714285,0.3157142857142857,-0.17285714285714288,0.02567895594897479,0.51313450331903
Esports,1d,24.0,<=6h,35,37.5,35-40,15,1,0.06666666666666667,0.37333333333333335,-0.3066666666666667,0.011866588606194856,0.2981707755242399
Esports,1d,24.0,<=6h,40,42.5,40-45,14,3,0.21428571428571427,0.4157142857142857,-0.20142857142857143,0.0757124833691637,0.4758972377320828
Esports,1d,24.0,<=6h,45,47.5,45-50,7,0,0.0,0.47714285714285715,-0.47714285714285715,0.0,0.35433884297520657
Esports,1d,24.0,<=6h,50,52.5,50-55,8,4,0.5,0.50875,-0.008750000000000036,0.21521252682444186,0.7847874731755582
Esports,1d,24.0,<=6h,55,57.5,55-60,7,2,0.2857142857142857,0.5642857142857143,-0.2785714285714286,0.0822171657090155,0.6410709098517873
Esports,1d,24.0,<=6h,60,62.5,60-65,8,3,0.375,0.6075,-0.23250000000000004,0.13684175946152105,0.6942621454161981
Esports,1d,24.0,<=6h,65,67.5,65-70,4,4,1.0,0.66,0.33999999999999997,0.5100999795960008,1.0
Esports,1d,24.0,<=6h,70,72.5,70-75,2,0,0.0,0.71,-0.71,0.0,0.6576280471103807
Esports,1d,24.0,<=6h,75,77.5,75-80,6,5,0.8333333333333334,0.7516666666666667,0.08166666666666667,0.43649056343635395,0.9699474141282697
Esports,1d,24.0,<=6h,80,82.5,80-85,1,1,1.0,0.83,0.17000000000000004,0.20654329147389294,1.0
Esports,1d,24.0,<=6h,85,87.5,85-90,2,1,0.5,0.875,-0.375,0.09452865480086614,0.9054713451991339
Esports,1d,24.0,<=6h,90,92.5,90-95,2,2,1.0,0.915,0.08499999999999996,0.34237195288961925,1.0
Esports,1d,24.0,<=6h,95,97.5,95-100,5,5,1.0,0.978,0.02200000000000002,0.5655085052479191,1.0
Esports,1d,24.0,<=24h,0,2.5,0-5,641,2,0.0031201248049922,0.012776911076443059,-0.009656786271450859,0.0008560502648812529,0.01130445550893979
Esports,1d,24.0,<=24h,5,7.5,5-10,174,1,0.005747126436781609,0.06798850574712643,-0.062241379310344826,0.0010152042313482327,0.031832003621032764
Esports,1d,24.0,<=24h,10,12.5,10-15,88,2,0.022727272727272728,0.11897727272727274,-0.09625,0.00625479714413793,0.07912699062959425
Esports,1d,24.0,<=24h,15,17.5,15-20,58,2,0.034482758620689655,0.16586206896551722,-0.13137931034482758,0.009507728866485675,0.11729364755327057
Esports,1d,24.0,<=24h,20,22.5,20-25,34,0,0.0,0.2223529411764706,-0.2223529411764706,0.0,0.10151790621961015
Esports,1d,24.0,<=24h,25,27.5,25-30,22,0,0.0,0.2709090909090909,-0.2709090909090909,1.3877787807814457e-17,0.14865952572596125
Esports,1d,24.0,<=24h,30,32.5,30-35,16,1,0.0625,0.315625,-0.253125,0.01111905730833121,0.2832926836802987
Esports,1d,24.0,<=24h,35,37.5,35-40,24,1,0.041666666666666664,0.36916666666666664,-0.32749999999999996,0.007393265354805126,0.20242226248842232
Esports,1d,24.0,<=24h,40,42.5,40-45,19,4,0.21052631578947367,0.4147368421052631,-0.20421052631578945,0.08507538491591576,0.43334714240266087
Esports,1d,24.0,<=24h,45,47.5,45-50,21,4,0.19047619047619047,0.46904761904761905,-0.2785714285714286,0.07667440615177301,0.40000986539273287
Esports,1d,24.0,<=24h,50,52.5,50-55,14,5,0.35714285714285715,0.5164285714285715,-0.1592857142857143,0.16344490737202735,0.6123599531785959
Esports,1d,24.0,<=24h,55,57.5,55-60,9,3,0.3333333333333333,0.5644444444444444,-0.2311111111111111,0.12058159868274293,0.6458026525009102
Esports,1d,24.0,<=24h,60,62.5,60-65,11,3,0.2727272727272727,0.6118181818181818,-0.3390909090909091,0.09745880573921467,0.5656502930102463
Esports,1d,24.0,<=24h,65,67.5,65-70,5,4,0.8,0.6659999999999999,0.13400000000000012,0.3755282641185388,0.9637768390302125
Esports,1d,24.0,<=24h,70,72.5,70-75,2,0,0.0,0.71,-0.71,0.0,0.6576280471103807
Esports,1d,24.0,<=24h,75,77.5,75-80,6,5,0.8333333333333334,0.7516666666666667,0.08166666666666667,0.43649056343635395,0.9699474141282697
Esports,1d,24.0,<=24h,80,82.5,80-85,2,2,1.0,0.825,0.17500000000000004,0.34237195288961925,1.0
Esports,1d,24.0,<=24h,85,87.5,85-90,3,2,0.6666666666666666,0.88,-0.21333333333333337,0.2076549551264879,0.9385096847238394
Esports,1d,24.0,<=24h,90,92.5,90-95,2,2,1.0,0.915,0.08499999999999996,0.34237195288961925,1.0
Esports,1d,24.0,<=24h,95,97.5,95-100,6,5,0.8333333333333334,0.9783333333333333,-0.1449999999999999,0.43649056343635395,0.9699474141282697
Esports,6h,6.0,all,0,2.5,0-5,2262,15,0.006631299734748011,0.015424403183023874,-0.008793103448275863,0.004022764162871848,0.010912790025911692
Esports,6h,6.0,all,5,7.5,5-10,885,26,0.02937853107344633,0.067954802259887,-0.038576271186440664,0.02012621328121944,0.04269892901635078
Esports,6h,6.0,all,10,12.5,10-15,438,32,0.0730593607305936,0.12031963470319634,-0.04726027397260274,0.05222376134946355,0.10131904675190129
Esports,6h,6.0,all,15,17.5,15-20,273,33,0.12087912087912088,0.16732600732600733,-0.04644688644688645,0.0873805029644367,0.16489950119678762
Esports,6h,6.0,all,20,22.5,20-25,218,35,0.16055045871559634,0.21935779816513762,-0.05880733944954128,0.11776228534204852,0.21509503267224644
Esports,6h,6.0,all,25,27.5,25-30,197,36,0.18274111675126903,0.2699492385786802,-0.08720812182741117,0.1350186187571645,0.24260036057779397
Esports,6h,6.0,all,30,32.5,30-35,119,27,0.226890756302521,0.3173949579831933,-0.09050420168067227,0.16087596514594535,0.3099873254657042
Esports,6h,6.0,all,35,37.5,35-40,105,25,0.23809523809523808,0.36876190476190474,-0.13066666666666665,0.1667896875185694,0.3278888177588245
Esports,6h,6.0,all,40,42.5,40-45,105,29,0.2761904761904762,0.4207619047619048,-0.14457142857142857,0.19972009427826307,0.36845971932241894
Esports,6h,6.0,all,45,47.5,45-50,84,34,0.40476190476190477,0.4688095238095238,-0.06404761904761902,0.3061943608400985,0.511659594461262
Esports,6h,6.0,all,50,52.5,50-55,63,20,0.31746031746031744,0.5174603174603175,-0.20000000000000007,0.21586527168091207,0.44003763908124804
Esports,6h,6.0,all,55,57.5,55-60,42,20,0.47619047619047616,0.5692857142857143,-0.09309523809523812,0.3335936447596496,0.6227778605979295
Esports,6h,6.0,all,60,62.5,60-65,34,15,0.4411764705882353,0.6197058823529411,-0.17852941176470583,0.28883240215296746,0.6054638221081631
Esports,6h,6.0,all,65,67.5,65-70,22,13,0.5909090909090909,0.6695454545454546,-0.07863636363636362,0.38734477382893806,0.7674444033117963
Esports,6h,6.0,all,70,72.5,70-75,21,18,0.8571428571428571,0.7228571428571429,0.13428571428571423,0.6536350585077049,0.950190782017865
Esports,6h,6.0,all,75,77.5,75-80,8,6,0.75,0.77375,-0.02375000000000005,0.40926987910258916,0.9285223111419724
Esports,6h,6.0,all,80,82.5,80-85,10,9,0.9,0.816,0.08400000000000007,0.5958436145024278,0.9821242504842788
Esports,6h,6.0,all,85,87.5,85-90,5,4,0.8,0.866,-0.06599999999999995,0.3755282641185388,0.9637768390302125
Esports,6h,6.0,all,90,92.5,90-95,3,3,1.0,0.9133333333333333,0.08666666666666667,0.43849391955098227,1.0
Esports,6h,6.0,all,95,97.5,95-100,61,60,0.9836065573770492,0.9890163934426229,-0.00540983606557377,0.9128093437223194,0.997100343885636
Esports,6h,6.0,<=1h,0,2.5,0-5,323,8,0.02476780185758514,0.01764705882352941,0.007120743034055729,0.01260238075595654,0.04810470181859945
Esports,6h,6.0,<=1h,5,7.5,5-10,184,6,0.03260869565217391,0.0671195652173913,-0.03451086956521739,0.015028677081613609,0.06930620933332324
Esports,6h,6.0,<=1h,10,12.5,10-15,99,12,0.12121212121212122,0.12,0.00121212121212122,0.0707148172409798,0.20000831425444618
Esports,6h,6.0,<=1h,15,17.5,15-20,57,9,0.15789473684210525,0.16666666666666669,-0.00877192982456143,0.08535699749316844,0.2736342190428858
Esports,6h,6.0,<=1h,20,22.5,20-25,68,14,0.20588235294117646,0.21926470588235294,-0.013382352941176484,0.1267944614096761,0.31642506599505876
Esports,6h,6.0,<=1h,25,27.5,25-30,65,10,0.15384615384615385,0.27092307692307693,-0.11707692307692308,0.08577002061798975,0.26055545700019456
Esports,6h,6.0,<=1h,30,32.5,30-35,44,14,0.3181818181818182,0.31727272727272726,0.0009090909090909149,0.19999129931673562,0.46557172533126934
Esports,6h,6.0,<=1h,35,37.5,35-40,39,14,0.358974358974359,0.36974358974358973,-0.010769230769230753,0.22741884696491105,0.515821368153105
Esports,6h,6.0,<=1h,40,42.5,40-45,37,14,0.3783783783783784,0.42,-0.041621621621621585,0.2406378746389103,0.5389985744718004
Esports,6h,6.0,<=1h,45,47.5,45-50,23,14,0.6086956521739131,0.47347826086956524,0.13521739130434784,0.4078517960374599,0.7784262201761787
Esports,6h,6.0,<=1h,50,52.5,50-55,28,11,0.39285714285714285,0.5125,-0.1196428571428571,0.23565451827580033,0.575912739650937
Esports,6h,6.0,<=1h,55,57.5,55-60,16,6,0.375,0.570625,-0.19562500000000005,0.18480982554752806,0.613593529020652
Esports,6h,6.0,<=1h,60,62.5,60-65,12,7,0.5833333333333334,0.6183333333333334,-0.03500000000000003,0.3195073356553728,0.8067425380947535
Esports,6h,6.0,<=1h,65,67.5,65-70,10,7,0.7,0.665,0.03499999999999992,0.39677321997956516,0.892210712513788
Esports,6h,6.0,<=1h,70,72.5,70-75,8,6,0.75,0.725,0.025000000000000022,0.40926987910258916,0.9285223111419724
Esports,6h,6.0,<=1h,75,77.5,75-80,5,3,0.6,0.7759999999999999,-0.17599999999999993,0.23071993220883708,0.8823817688407467
Esports,6h,6.0,<=1h,80,82.5,80-85,8,8,1.0,0.81375,0.18625000000000003,0.6755843804891231,1.0
Esports,6h,6.0,<=1h,85,87.5,85-90,4,3,0.75,0.87,-0.12,0.3006360524426366,0.9544139373553637
Esports,6h,6.0,<=1h,90,92.5,90-95,3,3,1.0,0.9133333333333333,0.08666666666666667,0.43849391955098227,1.0
Esports,6h,6.0,<=1h,95,97.5,95-100,39,39,1.0,0.9889743589743589,0.011025641025641075,0.9103301463997611,1.0
Esports,6h,6.0,<=6h,0,2.5,0-5,1187,10,0.008424599831508003,0.016891322662173545,-0.008466722830665543,0.00458240050544679,0.015438398230505999
Esports,6h,6.0,<=6h,5,7.5,5-10,583,20,0.03430531732418525,0.06801029159519725,-0.033704974271012,0.022315239696611235,0.05239248381855879
Esports,6h,6.0,<=6h,10,12.5,10-15,282,28,0.09929078014184398,0.12053191489361702,-0.02124113475177304,0.06959146986130163,0.13976084274819958
Esports,6h,6.0,<=6h,15,17.5,15-20,185,26,0.14054054054054055,0.16740540540540538,-0.026864864864864835,0.09774635086476383,0.19795968000978922
Esports,6h,6.0,<=6h,20,22.5,20-25,169,33,0.1952662721893491,0.21982248520710057,-0.02455621301775146,0.1425546230655878,0.2615240246673653
Esports,6h,6.0,<=6h,25,27.5,25-30,155,31,0.2,0.2695483870967742,-0.06954838709677419,0.14462759109557943,0.26988346897936316
Esports,6h,6.0,<=6h,30,32.5,30-35,93,24,0.25806451612903225,0.3170967741935484,-0.059032258064516174,0.17998399469266027,0.35533966786557925
Esports,6h,6.0,<=6h,35,37.5,35-40,81,23,0.2839506172839506,0.36777777777777776,-0.08382716049382716,0.19728595019327255,0.3901805756619682
Esports,6h,6.0,<=6h,40,42.5,40-45,85,24,0.2823529411764706,0.42011764705882354,-0.13776470588235296,0.19768719505480054,0.38584124207375187
Esports,6h,6.0,<=6h,45,47.5,45-50,60,27,0.45,0.4698333333333333,-0.019833333333333314,0.33093453853760824,0.575082854510185
Esports,6h,6.0,<=6h,50,52.5,50-55,49,17,0.3469387755102041,0.5163265306122449,-0.1693877551020408,0.2292420960931444,0.4868906478056021
Esports,6h,6.0,<=6h,55,57.5,55-60,31,12,0.3870967741935484,0.5706451612903226,-0.18354838709677423,0.23732875351271562,0.5617619885886803
Esports,6h,6.0,<=6h,60,62.5,60-65,26,13,0.5,0.6211538461538462,-0.12115384615384617,0.32060306315002074,0.6793969368499793
Esports,6h,6.0,<=6h,65,67.5,65-70,15,10,0.6666666666666666,0.6693333333333333,-0.002666666666666706,0.41713125151212976,0.8482389930530876
Esports,6h,6.0,<=6h,70,72.5,70-75,14,12,0.8571428571428571,0.7228571428571429,0.13428571428571423,0.600580922361363,0.9599069262620787
Esports,6h,6.0,<=6h,75,77.5,75-80,5,3,0.6,0.7759999999999999,-0.17599999999999993,0.23071993220883708,0.8823817688407467
Esports,6h,6.0,<=6h,80,82.5,80-85,9,8,0.8888888888888888,0.8133333333333332,0.0755555555555556,0.5649937852319399,0.9801096286728695
Esports,6h,6.0,<=6h,85,87.5,85-90,5,4,0.8,0.866,-0.06599999999999995,0.3755282641185388,0.9637768390302125
Esports,6h,6.0,<=6h,90,92.5,90-95,3,3,1.0,0.9133333333333333,0.08666666666666667,0.43849391955098227,1.0
Esports,6h,6.0,<=6h,95,97.5,95-100,59,59,1.0,0.9891525423728814,0.010847457627118584,0.938868520215908,1.0
Esports,6h,6.0,<=24h,0,2.5,0-5,1720,13,0.007558139534883721,0.016226744186046513,-0.008668604651162792,0.004422301615238819,0.01288880167870652
Esports,6h,6.0,<=24h,5,7.5,5-10,748,25,0.03342245989304813,0.0681283422459893,-0.03470588235294118,0.022739313870587148,0.0488736429011584
Esports,6h,6.0,<=24h,10,12.5,10-15,370,31,0.08378378378378379,0.1201891891891892,-0.036405405405405405,0.05965094462603407,0.1164707068969639
Esports,6h,6.0,<=24h,15,17.5,15-20,240,33,0.1375,0.167625,-0.030124999999999985,0.09961054871463783,0.1868114563903156
Esports,6h,6.0,<=24h,20,22.5,20-25,198,34,0.1717171717171717,0.21939393939393936,-0.04767676767676765,0.1255623003858004,0.2303682907311943
Esports,6h,6.0,<=24h,25,27.5,25-30,187,36,0.1925133689839572,0.26989304812834225,-0.07737967914438504,0.14242222905948212,0.2549837872388511
Esports,6h,6.0,<=24h,30,32.5,30-35,111,27,0.24324324324324326,0.3171171171171171,-0.07387387387387384,0.17289320485810217,0.33077097258282523
Esports,6h,6.0,<=24h,35,37.5,35-40,96,25,0.2604166666666667,0.36895833333333333,-0.10854166666666665,0.18305777843717663,0.35621242556596444
Esports,6h,6.0,<=24h,40,42.5,40-45,103,28,0.27184466019417475,0.42116504854368936,-0.1493203883495146,0.19528608166385125,0.36481036017153873
Esports,6h,6.0,<=24h,45,47.5,45-50,74,32,0.43243243243243246,0.46972972972972976,-0.037297297297297305,0.32565937789932076,0.5458746090690868
Esports,6h,6.0,<=24h,50,52.5,50-55,58,19,0.3275862068965517,0.5172413793103449,-0.18965517241379315,0.22083123880342104,0.4557618635742664
Esports,6h,6.0,<=24h,55,57.5,55-60,42,20,0.47619047619047616,0.5692857142857143,-0.09309523809523812,0.3335936447596496,0.6227778605979295
Esports,6h,6.0,<=24h,60,62.5,60-65,32,15,0.46875,0.6203125,-0.15156250000000004,0.30869129901682335,0.6355076206742619
Esports,6h,6.0,<=24h,65,67.5,65-70,21,13,0.6190476190476191,0.6685714285714286,-0.049523809523809526,0.40878295815501514,0.7924923220201749
Esports,6h,6.0,<=24h,70,72.5,70-75,21,18,0.8571428571428571,0.7228571428571429,0.13428571428571423,0.6536350585077049,0.950190782017865
Esports,6h,6.0,<=24h,75,77.5,75-80,8,6,0.75,0.77375,-0.02375000000000005,0.40926987910258916,0.9285223111419724
Esports,6h,6.0,<=24h,80,82.5,80-85,10,9,0.9,0.816,0.08400000000000007,0.5958436145024278,0.9821242504842788
Esports,6h,6.0,<=24h,85,87.5,85-90,5,4,0.8,0.866,-0.06599999999999995,0.3755282641185388,0.9637768390302125
Esports,6h,6.0,<=24h,90,92.5,90-95,3,3,1.0,0.9133333333333333,0.08666666666666667,0.43849391955098227,1.0
Esports,6h,6.0,<=24h,95,97.5,95-100,61,60,0.9836065573770492,0.9890163934426229,-0.00540983606557377,0.9128093437223194,0.997100343885636
Esports,1h,1.0,all,0,2.5,0-5,3161,15,0.004745333755140778,0.01635874723188864,-0.011613413476747863,0.002877865433912349,0.007815118379242784
Esports,1h,1.0,all,5,7.5,5-10,1603,32,0.019962570180910792,0.06855271366188397,-0.04859014348097317,0.014175504905968259,0.028044960384449917
Esports,1h,1.0,all,10,12.5,10-15,752,40,0.05319148936170213,0.12043882978723404,-0.0672473404255319,0.039303048989270846,0.07162177970499525
Esports,1h,1.0,all,15,17.5,15-20,516,44,0.08527131782945736,0.16881782945736432,-0.08354651162790695,0.06413263535586067,0.1125396432767074
Esports,1h,1.0,all,20,22.5,20-25,382,50,0.13089005235602094,0.218717277486911,-0.08782722513089006,0.10071057767111971,0.1684195524133502
Esports,1h,1.0,all,25,27.5,25-30,334,56,0.16766467065868262,0.2701197604790419,-0.10245508982035928,0.13142938853828157,0.2114579290685496
Esports,1h,1.0,all,30,32.5,30-35,243,44,0.18106995884773663,0.31777777777777777,-0.13670781893004114,0.1377387823566846,0.23432816259910885
Esports,1h,1.0,all,35,37.5,35-40,188,50,0.26595744680851063,0.3706382978723404,-0.1046808510638298,0.20794404622889356,0.3333441832270742
Esports,1h,1.0,all,40,42.5,40-45,167,42,0.25149700598802394,0.4217964071856287,-0.17029940119760478,0.19178414631509594,0.3223857045877286
Esports,1h,1.0,all,45,47.5,45-50,145,54,0.3724137931034483,0.46820689655172415,-0.09579310344827585,0.297968771370416,0.45344481192887665
Esports,1h,1.0,all,50,52.5,50-55,101,38,0.37623762376237624,0.5166336633663366,-0.1403960396039604,0.2879296294235288,0.47361540613487546
Esports,1h,1.0,all,55,57.5,55-60,65,33,0.5076923076923077,0.5663076923076923,-0.058615384615384625,0.3891624609220664,0.6253636395753072
Esports,1h,1.0,all,60,62.5,60-65,50,27,0.54,0.6188,-0.07879999999999998,0.40398634328388083,0.6703056539821737
Esports,1h,1.0,all,65,67.5,65-70,34,20,0.5882352941176471,0.6691176470588235,-0.0808823529411764,0.42221304146519273,0.7363426221431113
Esports,1h,1.0,all,70,72.5,70-75,22,17,0.7727272727272727,0.7209090909090909,0.05181818181818176,0.5655964393704065,0.8987710920517964
Esports,1h,1.0,all,75,77.5,75-80,15,12,0.8,0.7726666666666666,0.02733333333333343,0.5481406466534955,0.9295257935638959
Esports,1h,1.0,all,80,82.5,80-85,11,6,0.5454545454545454,0.8136363636363636,-0.2681818181818182,0.28008775568998817,0.7872904245601196
Esports,1h,1.0,all,85,87.5,85-90,17,17,1.0,0.8623529411764705,0.13764705882352946,0.8156763396284354,1.0
Esports,1h,1.0,all,90,92.5,90-95,6,5,0.8333333333333334,0.9133333333333333,-0.07999999999999996,0.43649056343635395,0.9699474141282697
Esports,1h,1.0,all,95,97.5,95-100,96,94,0.9791666666666666,0.9877083333333333,-0.00854166666666667,0.9271914417038554,0.9942681502898627
Esports,1h,1.0,<=1h,0,2.5,0-5,101,0,0.0,0.017425742574257427,-0.017425742574257427,0.0,0.03664194365595336
Esports,1h,1.0,<=1h,5,7.5,5-10,91,1,0.01098901098901099,0.07065934065934065,-0.05967032967032966,0.0019424213233478899,0.05965080359061392
Esports,1h,1.0,<=1h,10,12.5,10-15,40,1,0.025,0.1265,-0.1015,0.0044267174077949195,0.1288165948800778
Esports,1h,1.0,<=1h,15,17.5,15-20,44,2,0.045454545454545456,0.17,-0.12454545454545456,0.012554846366981079,0.15135271525303162
Esports,1h,1.0,<=1h,20,22.5,20-25,23,1,0.043478260869565216,0.2226086956521739,-0.17913043478260868,0.0077164669621267445,0.20991586494059142
Esports,1h,1.0,<=1h,25,27.5,25-30,31,4,0.12903225806451613,0.2725806451612903,-0.1435483870967742,0.05134201164644764,0.28852756954385356
Esports,1h,1.0,<=1h,30,32.5,30-35,14,1,0.07142857142857142,0.31642857142857145,-0.24500000000000002,0.012721886112291636,0.3146926955395781
Esports,1h,1.0,<=1h,35,37.5,35-40,18,5,0.2777777777777778,0.3688888888888889,-0.09111111111111109,0.12499569146355474,0.5087307754619452
Esports,1h,1.0,<=1h,40,42.5,40-45,19,5,0.2631578947368421,0.4221052631578947,-0.15894736842105261,0.11806238339540162,0.48791968441070643
Esports,1h,1.0,<=1h,45,47.5,45-50,14,4,0.2857142857142857,0.4707142857142857,-0.185,0.11721187910109099,0.5464954117248438
Esports,1h,1.0,<=1h,50,52.5,50-55,13,7,0.5384615384615384,0.5176923076923077,0.020769230769230762,0.2914343243183205,0.7679424569851186
Esports,1h,1.0,<=1h,55,57.5,55-60,9,3,0.3333333333333333,0.5644444444444444,-0.2311111111111111,0.12058159868274293,0.6458026525009102
Esports,1h,1.0,<=1h,60,62.5,60-65,9,8,0.8888888888888888,0.6166666666666667,0.27222222222222214,0.5649937852319399,0.9801096286728695
Esports,1h,1.0,<=1h,65,67.5,65-70,7,3,0.42857142857142855,0.6657142857142857,-0.23714285714285716,0.15821692226262685,0.7495457695909742
Esports,1h,1.0,<=1h,70,72.5,70-75,3,3,1.0,0.7233333333333333,0.2766666666666667,0.43849391955098227,1.0
Esports,1h,1.0,<=1h,75,77.5,75-80,4,3,0.75,0.7825,-0.03249999999999997,0.3006360524426366,0.9544139373553637
Esports,1h,1.0,<=1h,80,82.5,80-85,4,1,0.25,0.8025,-0.5525,0.045586062644636216,0.6993639475573634
Esports,1h,1.0,<=1h,85,87.5,85-90,12,12,1.0,0.8558333333333333,0.14416666666666667,0.7574992425007574,1.0
Esports,1h,1.0,<=1h,90,92.5,90-95,2,2,1.0,0.9,0.09999999999999998,0.34237195288961925,1.0
Esports,1h,1.0,<=1h,95,97.5,95-100,66,66,1.0,0.9884848484848484,0.01151515151515159,0.9449955327483907,1.0
Esports,1h,1.0,<=6h,0,2.5,0-5,1327,8,0.006028636021100226,0.01814619442351168,-0.012117558402411455,0.0030578854583827057,0.011851176596785994
Esports,1h,1.0,<=6h,5,7.5,5-10,965,17,0.017616580310880828,0.06896373056994819,-0.05134715025906736,0.011027520440934654,0.028031083153295812
Esports,1h,1.0,<=6h,10,12.5,10-15,464,25,0.05387931034482758,0.12053879310344827,-0.06665948275862069,0.03675788006483595,0.07832722566325663
Esports,1h,1.0,<=6h,15,17.5,15-20,341,29,0.08504398826979472,0.1695307917888563,-0.08448680351906158,0.05986392413812312,0.11946942775445595
Esports,1h,1.0,<=6h,20,22.5,20-25,269,34,0.12639405204460966,0.2186245353159851,-0.09223048327137545,0.09187550575200487,0.17143331519025606
Esports,1h,1.0,<=6h,25,27.5,25-30,243,40,0.1646090534979424,0.2705349794238683,-0.1059259259259259,0.12327382382909438,0.21638367312441745
Esports,1h,1.0,<=6h,30,32.5,30-35,185,32,0.17297297297297298,0.31789189189189193,-0.14491891891891895,0.12527138719559175,0.23397996420155806
Esports,1h,1.0,<=6h,35,37.5,35-40,141,43,0.3049645390070922,0.37141843971631205,-0.06645390070921986,0.23498054732370266,0.3852942908443374
Esports,1h,1.0,<=6h,40,42.5,40-45,129,36,0.27906976744186046,0.42131782945736435,-0.14224806201550388,0.20891494056173487,0.3620026033401753
Esports,1h,1.0,<=6h,45,47.5,45-50,100,38,0.38,0.46880000000000005,-0.08880000000000005,0.2909744920013438,0.47790426179289663
Esports,1h,1.0,<=6h,50,52.5,50-55,76,30,0.39473684210526316,0.515,-0.12026315789473685,0.2924641219449393,0.5071390924195023
Esports,1h,1.0,<=6h,55,57.5,55-60,47,22,0.46808510638297873,0.565531914893617,-0.09744680851063825,0.33331462168462633,0.6076785807322921
Esports,1h,1.0,<=6h,60,62.5,60-65,37,23,0.6216216216216216,0.6186486486486487,0.0029729729729729426,0.4610014255281996,0.7593621253610898
Esports,1h,1.0,<=6h,65,67.5,65-70,27,17,0.6296296296296297,0.6677777777777777,-0.03814814814814804,0.442289046234463,0.7846771293206314
Esports,1h,1.0,<=6h,70,72.5,70-75,12,8,0.6666666666666666,0.7216666666666667,-0.05500000000000005,0.3906175873976139,0.8618821601026385
Esports,1h,1.0,<=6h,75,77.5,75-80,13,10,0.7692307692307693,0.7723076923076923,-0.003076923076922977,0.49743126004873084,0.918206209075343
Esports,1h,1.0,<=6h,80,82.5,80-85,9,5,0.5555555555555556,0.8111111111111111,-0.25555555555555554,0.2666473457440297,0.811224570528086
Esports,1h,1.0,<=6h,85,87.5,85-90,17,17,1.0,0.8623529411764705,0.13764705882352946,0.8156763396284354,1.0
Esports,1h,1.0,<=6h,90,92.5,90-95,6,5,0.8333333333333334,0.9133333333333333,-0.07999999999999996,0.43649056343635395,0.9699474141282697
Esports,1h,1.0,<=6h,95,97.5,95-100,91,90,0.989010989010989,0.9876923076923078,0.0013186813186812918,0.9403491964093862,0.9980575786766521
Esports,1h,1.0,<=24h,0,2.5,0-5,2470,13,0.005263157894736842,0.017299595141700406,-0.012036437246963565,0.0030784100129885713,0.008984448013167994
Esports,1h,1.0,<=24h,5,7.5,5-10,1443,31,0.021483021483021482,0.06874566874566874,-0.04726264726264726,0.015175318014478995,0.03033180591671015
Esports,1h,1.0,<=24h,10,12.5,10-15,674,39,0.057863501483679525,0.1204154302670623,-0.06255192878338278,0.04261429496068445,0.0781242374634099
Esports,1h,1.0,<=24h,15,17.5,15-20,473,43,0.09090909090909091,0.1691754756871036,-0.07826638477801268,0.06819187691270606,0.12021785915059044
Esports,1h,1.0,<=24h,20,22.5,20-25,360,49,0.1361111111111111,0.21869444444444444,-0.08258333333333334,0.10450924495768929,0.17539717585840212
Esports,1h,1.0,<=24h,25,27.5,25-30,322,56,0.17391304347826086,0.27012422360248445,-0.09621118012422358,0.1364224953156758,0.21909257703849871
Esports,1h,1.0,<=24h,30,32.5,30-35,233,44,0.1888412017167382,0.317725321888412,-0.1288841201716738,0.14378759363343102,0.24398887806748637
Esports,1h,1.0,<=24h,35,37.5,35-40,179,50,0.27932960893854747,0.3708379888268156,-0.09150837988826815,0.2187662168116925,0.3491658074103663
Esports,1h,1.0,<=24h,40,42.5,40-45,166,42,0.25301204819277107,0.4219277108433735,-0.16891566265060243,0.19297787819924977,0.32421932201553844
Esports,1h,1.0,<=24h,45,47.5,45-50,136,53,0.3897058823529412,0.46875,-0.07904411764705882,0.3118483860305096,0.4736231760797637
Esports,1h,1.0,<=24h,50,52.5,50-55,97,37,0.38144329896907214,0.5165979381443299,-0.13515463917525772,0.291045123554349,0.4808744017209342
Esports,1h,1.0,<=24h,55,57.5,55-60,65,33,0.5076923076923077,0.5663076923076923,-0.058615384615384625,0.3891624609220664,0.6253636395753072
Esports,1h,1.0,<=24h,60,62.5,60-65,48,27,0.5625,0.6191666666666666,-0.05666666666666664,0.4227477150100165,0.6929894535958907
Esports,1h,1.0,<=24h,65,67.5,65-70,33,20,0.6060606060606061,0.6684848484848485,-0.06242424242424238,0.4368314280651038,0.7531711776849179
Esports,1h,1.0,<=24h,70,72.5,70-75,22,17,0.7727272727272727,0.7209090909090909,0.05181818181818176,0.5655964393704065,0.8987710920517964
Esports,1h,1.0,<=24h,75,77.5,75-80,15,12,0.8,0.7726666666666666,0.02733333333333343,0.5481406466534955,0.9295257935638959
Esports,1h,1.0,<=24h,80,82.5,80-85,11,6,0.5454545454545454,0.8136363636363636,-0.2681818181818182,0.28008775568998817,0.7872904245601196
Esports,1h,1.0,<=24h,85,87.5,85-90,17,17,1.0,0.8623529411764705,0.13764705882352946,0.8156763396284354,1.0
Esports,1h,1.0,<=24h,90,92.5,90-95,6,5,0.8333333333333334,0.9133333333333333,-0.07999999999999996,0.43649056343635395,0.9699474141282697
Esports,1h,1.0,<=24h,95,97.5,95-100,96,94,0.9791666666666666,0.9877083333333333,-0.00854166666666667,0.9271914417038554,0.9942681502898627
Media,30d,720.0,all,0,2.5,0-5,22,0,0.0,0.025454545454545455,-0.025454545454545455,1.3877787807814457e-17,0.14865952572596125
Media,30d,720.0,all,5,7.5,5-10,33,1,0.030303030303030304,0.0706060606060606,-0.0403030303030303,0.005369272089651725,0.15319061673168066
Media,30d,720.0,all,10,12.5,10-15,26,0,0.0,0.11961538461538462,-0.11961538461538462,0.0,0.12873304380462175
Media,30d,720.0,all,15,17.5,15-20,29,3,0.10344827586206896,0.17,-0.06655172413793105,0.035814240381301043,0.26385447247069155
Media,30d,720.0,all,20,22.5,20-25,18,5,0.2777777777777778,0.2172222222222222,0.060555555555555585,0.12499569146355474,0.5087307754619452
Media,30d,720.0,all,25,27.5,25-30,20,2,0.1,0.271,-0.171,0.027865893984153206,0.30103820641179335
Media,30d,720.0,all,30,32.5,30-35,12,0,0.0,0.3091666666666667,-0.3091666666666667,0.0,0.2425007574992425
Media,30d,720.0,all,35,37.5,35-40,15,2,0.13333333333333333,0.37,-0.23666666666666666,0.0373604698913593,0.3788249920651624
Media,30d,720.0,all,40,42.5,40-45,9,2,0.2222222222222222,0.4277777777777778,-0.2055555555555556,0.06322376231222723,0.5474166563271946
Media,30d,720.0,all,45,47.5,45-50,12,3,0.25,0.4666666666666666,-0.21666666666666662,0.08894003962896138,0.53231033912066
Media,30d,720.0,all,50,52.5,50-55,15,4,0.26666666666666666,0.5133333333333333,-0.24666666666666665,0.1089727610318281,0.5195088965768675
Media,30d,720.0,all,55,57.5,55-60,12,8,0.6666666666666666,0.575,0.09166666666666667,0.3906175873976139,0.8618821601026385
Media,30d,720.0,all,60,62.5,60-65,15,5,0.3333333333333333,0.6213333333333333,-0.288,0.15176100694691236,0.5828687484878701
Media,30d,720.0,all,65,67.5,65-70,14,9,0.6428571428571429,0.6757142857142857,-0.03285714285714281,0.3876400468214042,0.8365550926279727
Media,30d,720.0,all,70,72.5,70-75,14,8,0.5714285714285714,0.7114285714285714,-0.14,0.3259026690286936,0.7861949006959948
Media,30d,720.0,all,75,77.5,75-80,19,14,0.7368421052631579,0.7726315789473683,-0.03578947368421048,0.5120803155892935,0.8819376166045982
Media,30d,720.0,all,80,82.5,80-85,22,19,0.8636363636363636,0.8218181818181819,0.041818181818181754,0.6666458812053,0.9525108273576373
Media,30d,720.0,all,85,87.5,85-90,37,32,0.8648648648648649,0.8691891891891892,-0.00432432432432428,0.7202227252929444,0.9408679273749238
Media,30d,720.0,all,90,92.5,90-95,46,45,0.9782608695652174,0.9182608695652174,0.06000000000000005,0.8866444550566697,0.9961522448887572
Media,30d,720.0,all,95,97.5,95-100,60,58,0.9666666666666667,0.9725,-0.005833333333333357,0.8863601247107462,0.9908108735098498
Media,30d,720.0,<=1h,5,7.5,5-10,3,0,0.0,0.07,-0.07,0.0,0.5615060804490177
Media,30d,720.0,<=1h,20,22.5,20-25,1,0,0.0,0.21,-0.21,0.0,0.7934567085261071
Media,30d,720.0,<=1h,25,27.5,25-30,2,0,0.0,0.25,-0.25,0.0,0.6576280471103807
Media,30d,720.0,<=1h,30,32.5,30-35,1,0,0.0,0.32,-0.32,0.0,0.7934567085261071
Media,30d,720.0,<=1h,35,37.5,35-40,1,0,0.0,0.37,-0.37,0.0,0.7934567085261071
Media,30d,720.0,<=1h,50,52.5,50-55,1,0,0.0,0.52,-0.52,0.0,0.7934567085261071
Media,30d,720.0,<=1h,55,57.5,55-60,1,1,1.0,0.59,0.41000000000000003,0.20654329147389294,1.0
Media,30d,720.0,<=1h,65,67.5,65-70,2,1,0.5,0.68,-0.18000000000000005,0.09452865480086614,0.9054713451991339
Media,30d,720.0,<=1h,70,72.5,70-75,1,1,1.0,0.7,0.30000000000000004,0.20654329147389294,1.0
Media,30d,720.0,<=1h,75,77.5,75-80,1,1,1.0,0.77,0.22999999999999998,0.20654329147389294,1.0
Media,30d,720.0,<=1h,80,82.5,80-85,1,1,1.0,0.8,0.19999999999999996,0.20654329147389294,1.0
Media,30d,720.0,<=1h,90,92.5,90-95,1,1,1.0,0.9,0.09999999999999998,0.20654329147389294,1.0
Media,30d,720.0,<=1h,95,97.5,95-100,1,1,1.0,0.95,0.050000000000000044,0.20654329147389294,1.0
Media,30d,720.0,<=6h,5,7.5,5-10,8,0,0.0,0.07625,-0.07625,0.0,0.3244156195108769
Media,30d,720.0,<=6h,10,12.5,10-15,4,0,0.0,0.1225,-0.1225,0.0,0.48990002040399916
Media,30d,720.0,<=6h,15,17.5,15-20,3,1,0.3333333333333333,0.18,0.15333333333333332,0.0614903152761605,0.7923450448735121
Media,30d,720.0,<=6h,20,22.5,20-25,3,0,0.0,0.21333333333333332,-0.21333333333333332,0.0,0.5615060804490177
Media,30d,720.0,<=6h,25,27.5,25-30,5,0,0.0,0.262,-0.262,0.0,0.43449149475208104
Media,30d,720.0,<=6h,30,32.5,30-35,3,0,0.0,0.3133333333333333,-0.3133333333333333,0.0,0.5615060804490177
Media,30d,720.0,<=6h,35,37.5,35-40,5,0,0.0,0.37,-0.37,0.0,0.43449149475208104
Media,30d,720.0,<=6h,40,42.5,40-45,2,0,0.0,0.435,-0.435,0.0,0.6576280471103807
Media,30d,720.0,<=6h,45,47.5,45-50,3,1,0.3333333333333333,0.4633333333333334,-0.13000000000000006,0.0614903152761605,0.7923450448735121
Media,30d,720.0,<=6h,50,52.5,50-55,4,1,0.25,0.52,-0.27,0.045586062644636216,0.6993639475573634
Media,30d,720.0,<=6h,55,57.5,55-60,5,2,0.4,0.574,-0.17399999999999993,0.1176182311592533,0.769280067791163
Media,30d,720.0,<=6h,60,62.5,60-65,2,1,0.5,0.635,-0.135,0.09452865480086614,0.9054713451991339
Media,30d,720.0,<=6h,65,67.5,65-70,5,4,0.8,0.6779999999999999,0.12200000000000011,0.3755282641185388,0.9637768390302125
Media,30d,720.0,<=6h,70,72.5,70-75,3,1,0.3333333333333333,0.7133333333333333,-0.37999999999999995,0.0614903152761605,0.7923450448735121
Media,30d,720.0,<=6h,75,77.5,75-80,5,3,0.6,0.7759999999999999,-0.17599999999999993,0.23071993220883708,0.8823817688407467
Media,30d,720.0,<=6h,80,82.5,80-85,2,2,1.0,0.8,0.19999999999999996,0.34237195288961925,1.0
Media,30d,720.0,<=6h,85,87.5,85-90,4,4,1.0,0.88,0.12,0.5100999795960008,1.0
Media,30d,720.0,<=6h,90,92.5,90-95,3,3,1.0,0.9033333333333333,0.09666666666666668,0.43849391955098227,1.0
Media,30d,720.0,<=6h,95,97.5,95-100,6,6,1.0,0.9683333333333333,0.03166666666666673,0.6096569663469354,0.9999999999999999
Media,30d,720.0,<=24h,0,2.5,0-5,3,0,0.0,0.016666666666666666,-0.016666666666666666,0.0,0.5615060804490177
Media,30d,720.0,<=24h,5,7.5,5-10,9,0,0.0,0.07666666666666667,-0.07666666666666667,0.0,0.2991527535509594
Media,30d,720.0,<=24h,10,12.5,10-15,7,0,0.0,0.11857142857142858,-0.11857142857142858,0.0,0.35433884297520657
Media,30d,720.0,<=24h,15,17.5,15-20,6,1,0.16666666666666666,0.17833333333333332,-0.011666666666666659,0.03005258587173032,0.563509436563646
Media,30d,720.0,<=24h,20,22.5,20-25,5,0,0.0,0.21600000000000003,-0.21600000000000003,0.0,0.43449149475208104
Media,30d,720.0,<=24h,25,27.5,25-30,7,1,0.14285714285714285,0.26857142857142857,-0.12571428571428572,0.02567895594897479,0.51313450331903
Media,30d,720.0,<=24h,30,32.5,30-35,5,0,0.0,0.318,-0.318,0.0,0.43449149475208104
Media,30d,720.0,<=24h,35,37.5,35-40,8,0,0.0,0.37,-0.37,0.0,0.3244156195108769
Media,30d,720.0,<=24h,40,42.5,40-45,4,0,0.0,0.4325,-0.4325,0.0,0.48990002040399916
Media,30d,720.0,<=24h,45,47.5,45-50,6,1,0.16666666666666666,0.4666666666666666,-0.29999999999999993,0.03005258587173032,0.563509436563646
Media,30d,720.0,<=24h,50,52.5,50-55,7,1,0.14285714285714285,0.5171428571428571,-0.3742857142857143,0.02567895594897479,0.51313450331903
Media,30d,720.0,<=24h,55,57.5,55-60,8,5,0.625,0.57625,0.04874999999999996,0.30573785458380187,0.863158240538479
Media,30d,720.0,<=24h,60,62.5,60-65,9,2,0.2222222222222222,0.6166666666666667,-0.3944444444444445,0.06322376231222723,0.5474166563271946
Media,30d,720.0,<=24h,65,67.5,65-70,7,4,0.5714285714285714,0.6785714285714286,-0.1071428571428572,0.2504542304090258,0.8417830777373732
Media,30d,720.0,<=24h,70,72.5,70-75,6,3,0.5,0.7116666666666667,-0.21166666666666667,0.18761280689940868,0.8123871931005913
Media,30d,720.0,<=24h,75,77.5,75-80,9,5,0.5555555555555556,0.7733333333333333,-0.21777777777777774,0.2666473457440297,0.811224570528086
Media,30d,720.0,<=24h,80,82.5,80-85,4,4,1.0,0.8125,0.1875,0.5100999795960008,1.0
Media,30d,720.0,<=24h,85,87.5,85-90,8,7,0.875,0.87375,0.0012499999999999734,0.5291051942301386,0.9775830911367038
Media,30d,720.0,<=24h,90,92.5,90-95,7,7,1.0,0.9114285714285714,0.08857142857142863,0.6456611570247934,1.0
Media,30d,720.0,<=24h,95,97.5,95-100,16,16,1.0,0.97375,0.026249999999999996,0.8063865817272802,1.0
Media,7d,168.0,all,0,2.5,0-5,91,0,0.0,0.023516483516483517,-0.023516483516483517,0.0,0.04050543221539915
Media,7d,168.0,all,5,7.5,5-10,51,1,0.0196078431372549,0.0703921568627451,-0.05078431372549019,0.003469603253442241,0.10304807675589372
Media,7d,168.0,all,10,12.5,10-15,58,1,0.017241379310344827,0.12189655172413794,-0.1046551724137931,0.003049959884541764,0.09141072677298324
Media,7d,168.0,all,15,17.5,15-20,65,8,0.12307692307692308,0.16907692307692307,-0.045999999999999985,0.06370391444937325,0.22451716117931636
Media,7d,168.0,all,20,22.5,20-25,70,7,0.1,0.21714285714285717,-0.11714285714285716,0.04928867510614622,0.19233122478768055
Media,7d,168.0,all,25,27.5,25-30,50,9,0.18,0.264,-0.08400000000000002,0.0977008273245379,0.3079631945470261
Media,7d,168.0,all,30,32.5,30-35,41,7,0.17073170731707318,0.31878048780487805,-0.14804878048780487,0.08525143995273898,0.31262909954629764
Media,7d,168.0,all,35,37.5,35-40,50,9,0.18,0.3654,-0.1854,0.0977008273245379,0.3079631945470261
Media,7d,168.0,all,40,42.5,40-45,30,10,0.3333333333333333,0.4186666666666667,-0.08533333333333337,0.19230295526846194,0.5122027418616973
Media,7d,168.0,all,45,47.5,45-50,39,9,0.23076923076923078,0.4674358974358974,-0.23666666666666664,0.1264566242878376,0.38336560457382957
Media,7d,168.0,all,50,52.5,50-55,33,14,0.42424242424242425,0.5148484848484849,-0.09060606060606063,0.272353589950299,0.5919302630853998
Media,7d,168.0,all,55,57.5,55-60,39,16,0.41025641025641024,0.5725641025641025,-0.16230769230769226,0.27079089435400483,0.5658165152665509
Media,7d,168.0,all,60,62.5,60-65,45,24,0.5333333333333333,0.6197777777777778,-0.08644444444444443,0.3907720886241046,0.6706509605798527
Media,7d,168.0,all,65,67.5,65-70,44,23,0.5227272727272727,0.6697727272727273,-0.1470454545454546,0.379352201361717,0.6624524205572824
Media,7d,168.0,all,70,72.5,70-75,53,31,0.5849056603773585,0.719622641509434,-0.13471698113207553,0.45094182384453757,0.7073929169087134
Media,7d,168.0,all,75,77.5,75-80,50,35,0.7,0.7659999999999999,-0.06599999999999995,0.562493877226366,0.8089661091039063
Media,7d,168.0,all,80,82.5,80-85,66,51,0.7727272727272727,0.8186363636363636,-0.0459090909090909,0.6583031596442961,0.8571489491275532
Media,7d,168.0,all,85,87.5,85-90,59,46,0.7796610169491526,0.8676271186440678,-0.08796610169491526,0.6586705755334912,0.8664592747567625
Media,7d,168.0,all,90,92.5,90-95,102,98,0.9607843137254902,0.9168627450980392,0.043921568627451,0.9034734282412418,0.9846461769045611
Media,7d,168.0,all,95,97.5,95-100,97,96,0.9896907216494846,0.9711340206185567,0.01855670103092788,0.9438936439364473,0.9981778821004262
Media,7d,168.0,<=1h,0,2.5,0-5,5,0,0.0,0.026000000000000002,-0.026000000000000002,0.0,0.43449149475208104
Media,7d,168.0,<=1h,5,7.5,5-10,4,0,0.0,0.055,-0.055,0.0,0.48990002040399916
Media,7d,168.0,<=1h,10,12.5,10-15,3,0,0.0,0.12333333333333334,-0.12333333333333334,0.0,0.5615060804490177
Media,7d,168.0,<=1h,15,17.5,15-20,3,0,0.0,0.15666666666666665,-0.15666666666666665,0.0,0.5615060804490177
Media,7d,168.0,<=1h,20,22.5,20-25,3,0,0.0,0.21666666666666667,-0.21666666666666667,0.0,0.5615060804490177
Media,7d,168.0,<=1h,25,27.5,25-30,4,0,0.0,0.26,-0.26,0.0,0.48990002040399916
Media,7d,168.0,<=1h,30,32.5,30-35,4,3,0.75,0.3325,0.4175,0.3006360524426366,0.9544139373553637
Media,7d,168.0,<=1h,35,37.5,35-40,3,0,0.0,0.36666666666666664,-0.36666666666666664,0.0,0.5615060804490177
Media,7d,168.0,<=1h,40,42.5,40-45,5,3,0.6,0.414,0.186,0.23071993220883708,0.8823817688407467
Media,7d,168.0,<=1h,45,47.5,45-50,4,1,0.25,0.47,-0.21999999999999997,0.045586062644636216,0.6993639475573634
Media,7d,168.0,<=1h,50,52.5,50-55,8,2,0.25,0.5125,-0.26249999999999996,0.07147768885802763,0.5907301208974108
Media,7d,168.0,<=1h,55,57.5,55-60,9,5,0.5555555555555556,0.5744444444444444,-0.018888888888888844,0.2666473457440297,0.811224570528086
Media,7d,168.0,<=1h,60,62.5,60-65,5,2,0.4,0.622,-0.22199999999999998,0.1176182311592533,0.769280067791163
Media,7d,168.0,<=1h,65,67.5,65-70,4,4,1.0,0.665,0.33499999999999996,0.5100999795960008,1.0
Media,7d,168.0,<=1h,70,72.5,70-75,7,4,0.5714285714285714,0.7228571428571429,-0.15142857142857147,0.2504542304090258,0.8417830777373732
Media,7d,168.0,<=1h,75,77.5,75-80,4,1,0.25,0.76,-0.51,0.045586062644636216,0.6993639475573634
Media,7d,168.0,<=1h,80,82.5,80-85,6,5,0.8333333333333334,0.8183333333333332,0.015000000000000124,0.43649056343635395,0.9699474141282697
Media,7d,168.0,<=1h,85,87.5,85-90,2,1,0.5,0.875,-0.375,0.09452865480086614,0.9054713451991339
Media,7d,168.0,<=1h,90,92.5,90-95,4,4,1.0,0.92,0.07999999999999996,0.5100999795960008,1.0
Media,7d,168.0,<=1h,95,97.5,95-100,1,1,1.0,0.99,0.010000000000000009,0.20654329147389294,1.0
Media,7d,168.0,<=6h,0,2.5,0-5,12,0,0.0,0.0275,-0.0275,0.0,0.2425007574992425
Media,7d,168.0,<=6h,5,7.5,5-10,14,0,0.0,0.0642857142857143,-0.0642857142857143,0.0,0.21531701192718142
Media,7d,168.0,<=6h,10,12.5,10-15,13,1,0.07692307692307693,0.12076923076923077,-0.04384615384615384,0.013710066379696323,0.3331453392824736
Media,7d,168.0,<=6h,15,17.5,15-20,15,1,0.06666666666666667,0.16933333333333334,-0.10266666666666667,0.011866588606194856,0.2981707755242399
Media,7d,168.0,<=6h,20,22.5,20-25,21,0,0.0,0.22047619047619046,-0.22047619047619046,0.0,0.15464382326420195
Media,7d,168.0,<=6h,25,27.5,25-30,15,3,0.2,0.2633333333333333,-0.0633333333333333,0.07047420643610414,0.4518593533465045
Media,7d,168.0,<=6h,30,32.5,30-35,14,4,0.2857142857142857,0.32785714285714285,-0.04214285714285715,0.11721187910109099,0.5464954117248438
Media,7d,168.0,<=6h,35,37.5,35-40,18,2,0.1111111111111111,0.3655555555555556,-0.2544444444444445,0.031018868453582787,0.3280024486660421
Media,7d,168.0,<=6h,40,42.5,40-45,14,6,0.42857142857142855,0.41857142857142854,0.010000000000000009,0.21380509930400526,0.6740973309713064
Media,7d,168.0,<=6h,45,47.5,45-50,16,3,0.1875,0.47125,-0.28375,0.06591478773586765,0.4300935986845823
Media,7d,168.0,<=6h,50,52.5,50-55,19,8,0.42105263157894735,0.5147368421052632,-0.09368421052631581,0.2314162039203038,0.6372444853483988
Media,7d,168.0,<=6h,55,57.5,55-60,17,8,0.47058823529411764,0.5729411764705883,-0.10235294117647065,0.26164801196088106,0.6903710268845051
Media,7d,168.0,<=6h,60,62.5,60-65,21,10,0.47619047619047616,0.6166666666666667,-0.14047619047619053,0.28343712296762946,0.6763078209973324
Media,7d,168.0,<=6h,65,67.5,65-70,16,13,0.8125,0.67125,0.14125,0.5699064013154177,0.9340852122641324
Media,7d,168.0,<=6h,70,72.5,70-75,20,12,0.6,0.7184999999999999,-0.11849999999999994,0.3865779423152061,0.7811960325858074
Media,7d,168.0,<=6h,75,77.5,75-80,15,9,0.6,0.7653333333333333,-0.16533333333333333,0.357464427565077,0.8017577191740534
Media,7d,168.0,<=6h,80,82.5,80-85,13,12,0.9230769230769231,0.816923076923077,0.10615384615384615,0.6668546607175265,0.9862899336203037
Media,7d,168.0,<=6h,85,87.5,85-90,10,5,0.5,0.868,-0.368,0.23658959361548731,0.7634104063845126
Media,7d,168.0,<=6h,90,92.5,90-95,17,16,0.9411764705882353,0.9152941176470588,0.025882352941176467,0.730174547964372,0.9895398693548358
Media,7d,168.0,<=6h,95,97.5,95-100,9,9,1.0,0.9711111111111111,0.028888888888888853,0.7008472464490407,1.0
Media,7d,168.0,<=24h,0,2.5,0-5,28,0,0.0,0.025,-0.025,0.0,0.12064720365810762
Media,7d,168.0,<=24h,5,7.5,5-10,22,0,0.0,0.06818181818181818,-0.06818181818181818,1.3877787807814457e-17,0.14865952572596125
Media,7d,168.0,<=24h,10,12.5,10-15,23,1,0.043478260869565216,0.11826086956521738,-0.07478260869565216,0.0077164669621267445,0.20991586494059142
Media,7d,168.0,<=24h,15,17.5,15-20,37,5,0.13513513513513514,0.17108108108108108,-0.03594594594594594,0.059132072625076235,0.2797772747070557
Media,7d,168.0,<=24h,20,22.5,20-25,41,2,0.04878048780487805,0.21707317073170732,-0.16829268292682925,0.013480662282573552,0.16139266962351367
Media,7d,168.0,<=24h,25,27.5,25-30,32,7,0.21875,0.2659375,-0.04718749999999999,0.11023696931531854,0.3875533079044484
Media,7d,168.0,<=24h,30,32.5,30-35,27,5,0.18518518518518517,0.3211111111111111,-0.13592592592592595,0.0818058657428532,0.36699056505191746
Media,7d,168.0,<=24h,35,37.5,35-40,38,8,0.21052631578947367,0.36578947368421055,-0.15526315789473688,0.1107466035209593,0.36346088376442165
Media,7d,168.0,<=24h,40,42.5,40-45,26,9,0.34615384615384615,0.4196153846153846,-0.07346153846153847,0.19412014972852126,0.5377977099036699
Media,7d,168.0,<=24h,45,47.5,45-50,23,4,0.17391304347826086,0.47,-0.2960869565217391,0.06978540350612772,0.37138054785295666
Media,7d,168.0,<=24h,50,52.5,50-55,27,12,0.4444444444444444,0.5159259259259259,-0.07148148148148148,0.2758559767007283,0.6268728052042312
Media,7d,168.0,<=24h,55,57.5,55-60,27,11,0.4074074074074074,0.5725925925925925,-0.16518518518518516,0.24514513372857344,0.5927361694463591
Media,7d,168.0,<=24h,60,62.5,60-65,37,20,0.5405405405405406,0.6197297297297297,-0.07918918918918916,0.38383779524767364,0.6896167217154228
Media,7d,168.0,<=24h,65,67.5,65-70,32,16,0.5,0.67,-0.17000000000000004,0.33630614316859386,0.6636938568314061
Media,7d,168.0,<=24h,70,72.5,70-75,38,21,0.5526315789473685,0.7194736842105263,-0.1668421052631578,0.3970602917908942,0.6985383468844911
Media,7d,168.0,<=24h,75,77.5,75-80,28,20,0.7142857142857143,0.765357142857143,-0.051071428571428656,0.529403642629825,0.8474618415167003
Media,7d,168.0,<=24h,80,82.5,80-85,41,30,0.7317073170731707,0.8163414634146342,-0.08463414634146349,0.5806617472399707,0.8430519471866331
Media,7d,168.0,<=24h,85,87.5,85-90,21,12,0.5714285714285714,0.8704761904761905,-0.2990476190476191,0.3654621629703244,0.7553030051347894
Media,7d,168.0,<=24h,90,92.5,90-95,44,42,0.9545454545454546,0.9172727272727274,0.037272727272727235,0.8486472847469684,0.9874451536330189
Media,7d,168.0,<=24h,95,97.5,95-100,30,30,1.0,0.9693333333333334,0.03066666666666662,0.8864829086095221,1.0
Media,3d,72.0,all,0,2.5,0-5,833,20,0.024009603841536616,0.021296518607442975,0.002713085234093641,0.01559531398874778,0.03679405097590025
Media,3d,72.0,all,5,7.5,5-10,539,24,0.04452690166975881,0.06807050092764379,-0.023543599257884976,0.030101742970757805,0.0653986755675414
Media,3d,72.0,all,10,12.5,10-15,421,38,0.09026128266033254,0.11935866983372921,-0.029097387173396674,0.06646651691860897,0.1214661149140552
Media,3d,72.0,all,15,17.5,15-20,444,68,0.15315315315315314,0.169481981981982,-0.016328828828828856,0.12264111170293455,0.1896157219632545
Media,3d,72.0,all,20,22.5,20-25,384,78,0.203125,0.21807291666666667,-0.014947916666666672,0.1659166689789522,0.24621446909391054
Media,3d,72.0,all,25,27.5,25-30,265,60,0.22641509433962265,0.26807547169811324,-0.0416603773584906,0.1801438010922768,0.2805051460944681
Media,3d,72.0,all,30,32.5,30-35,206,46,0.22330097087378642,0.31718446601941747,-0.09388349514563105,0.17179085863325066,0.28494222003179953
Media,3d,72.0,all,35,37.5,35-40,177,51,0.288135593220339,0.3671751412429379,-0.07903954802259888,0.22647382780130654,0.3587985873951969
Media,3d,72.0,all,40,42.5,40-45,95,30,0.3157894736842105,0.41526315789473683,-0.09947368421052633,0.2310308812871305,0.4148672021109529
Media,3d,72.0,all,45,47.5,45-50,93,27,0.2903225806451613,0.4670967741935484,-0.17677419354838708,0.20785269347957885,0.3894278140708954
Media,3d,72.0,all,50,52.5,50-55,93,42,0.45161290322580644,0.5181720430107527,-0.06655913978494626,0.3543959312279996,0.5526688012836483
Media,3d,72.0,all,55,57.5,55-60,86,38,0.4418604651162791,0.5691860465116279,-0.12732558139534877,0.3416256631747516,0.547067325373983
Media,3d,72.0,all,60,62.5,60-65,107,48,0.4485981308411215,0.6185046728971962,-0.16990654205607475,0.35777177009016287,0.5429875116235618
Media,3d,72.0,all,65,67.5,65-70,108,54,0.5,0.67,-0.17000000000000004,0.407333152227769,0.592666847772231
Media,3d,72.0,all,70,72.5,70-75,113,68,0.6017699115044248,0.7200884955752213,-0.11831858407079643,0.5095962472638719,0.687251450816264
Media,3d,72.0,all,75,77.5,75-80,92,72,0.782608695652174,0.7673913043478261,0.01521739130434785,0.6879280920305373,0.8546338017608852
Media,3d,72.0,all,80,82.5,80-85,119,95,0.7983193277310925,0.8190756302521008,-0.020756302521008352,0.7174209937170096,0.8605591042302657
Media,3d,72.0,all,85,87.5,85-90,145,117,0.8068965517241379,0.8686206896551724,-0.061724137931034484,0.7350669265084034,0.8628841839338385
Media,3d,72.0,all,90,92.5,90-95,212,195,0.9198113207547169,0.9170283018867924,0.002783018867924536,0.875344827908588,0.9493340106470936
Media,3d,72.0,all,95,97.5,95-100,372,362,0.9731182795698925,0.9737903225806451,-0.0006720430107526321,0.9512305044748463,0.9853342611072501
Media,3d,72.0,<=1h,0,2.5,0-5,55,3,0.05454545454545454,0.022000000000000002,0.032545454545454544,0.01872287596750008,0.14853294304489928
Media,3d,72.0,<=1h,5,7.5,5-10,67,5,0.07462686567164178,0.06835820895522388,0.0062686567164179086,0.032295572977927914,0.16309244762013875
Media,3d,72.0,<=1h,10,12.5,10-15,71,7,0.09859154929577464,0.12014084507042254,-0.021549295774647897,0.048582206325328975,0.18980927648636933
Media,3d,72.0,<=1h,15,17.5,15-20,65,6,0.09230769230769231,0.1686153846153846,-0.0763076923076923,0.04299450413746196,0.18712216950173294
Media,3d,72.0,<=1h,20,22.5,20-25,62,11,0.1774193548387097,0.2167741935483871,-0.0393548387096774,0.10206333434361749,0.2904180148338023
Media,3d,72.0,<=1h,25,27.5,25-30,49,14,0.2857142857142857,0.26755102040816325,0.018163265306122445,0.1784943493972417,0.4240914920610033
Media,3d,72.0,<=1h,30,32.5,30-35,34,11,0.3235294117647059,0.3164705882352941,0.007058823529411784,0.19131451326458573,0.4915741595188061
Media,3d,72.0,<=1h,35,37.5,35-40,41,12,0.2926829268292683,0.37,-0.07731707317073172,0.1760901763305888,0.44479757076139725
Media,3d,72.0,<=1h,40,42.5,40-45,21,6,0.2857142857142857,0.4161904761904762,-0.13047619047619052,0.13813675745628204,0.49956773822837586
Media,3d,72.0,<=1h,45,47.5,45-50,18,4,0.2222222222222222,0.4666666666666666,-0.2444444444444444,0.09000781913382,0.4521502645230549
Media,3d,72.0,<=1h,50,52.5,50-55,23,9,0.391304347826087,0.5234782608695653,-0.1321739130434783,0.22157377982382145,0.5921482039625402
Media,3d,72.0,<=1h,55,57.5,55-60,20,7,0.35,0.5645,-0.21450000000000002,0.18118954786794464,0.5671494897805354
Media,3d,72.0,<=1h,60,62.5,60-65,31,17,0.5483870967741935,0.6174193548387097,-0.06903225806451618,0.37771879603669134,0.7083851716341388
Media,3d,72.0,<=1h,65,67.5,65-70,24,11,0.4583333333333333,0.6675,-0.20916666666666667,0.2789105835168143,0.6492544644689336
Media,3d,72.0,<=1h,70,72.5,70-75,22,10,0.45454545454545453,0.7190909090909091,-0.2645454545454546,0.26920014432004846,0.6534052671095845
Media,3d,72.0,<=1h,75,77.5,75-80,19,14,0.7368421052631579,0.7673684210526317,-0.030526315789473846,0.5120803155892935,0.8819376166045982
Media,3d,72.0,<=1h,80,82.5,80-85,16,13,0.8125,0.82375,-0.011249999999999982,0.5699064013154177,0.9340852122641324
Media,3d,72.0,<=1h,85,87.5,85-90,19,14,0.7368421052631579,0.8684210526315789,-0.13157894736842102,0.5120803155892935,0.8819376166045982
Media,3d,72.0,<=1h,90,92.5,90-95,17,17,1.0,0.9147058823529411,0.08529411764705885,0.8156763396284354,1.0
Media,3d,72.0,<=1h,95,97.5,95-100,19,18,0.9473684210526315,0.9721052631578948,-0.02473684210526328,0.7536078466345479,0.99064824750947
Media,3d,72.0,<=6h,0,2.5,0-5,206,8,0.038834951456310676,0.02320388349514563,0.015631067961165045,0.01980713181546332,0.07474799929295367
Media,3d,72.0,<=6h,5,7.5,5-10,199,8,0.04020100502512563,0.06934673366834171,-0.02914572864321608,0.02050862792939641,0.07730957109881083
Media,3d,72.0,<=6h,10,12.5,10-15,181,16,0.08839779005524862,0.12082872928176797,-0.03243093922651935,0.055143548023166934,0.13876085444900382
Media,3d,72.0,<=6h,15,17.5,15-20,189,32,0.1693121693121693,0.16894179894179895,0.00037037037037035425,0.12255939957072814,0.22924021213131124
Media,3d,72.0,<=6h,20,22.5,20-25,179,37,0.20670391061452514,0.21787709497206706,-0.011173184357541915,0.15384734730901448,0.2718850899481524
Media,3d,72.0,<=6h,25,27.5,25-30,132,42,0.3181818181818182,0.2671212121212121,0.051060606060606084,0.24482802098506334,0.4018192505429516
Media,3d,72.0,<=6h,30,32.5,30-35,96,29,0.3020833333333333,0.3169791666666667,-0.014895833333333386,0.2193102457465474,0.40008687929952563
Media,3d,72.0,<=6h,35,37.5,35-40,103,32,0.3106796116504854,0.3686407766990291,-0.057961165048543706,0.2294720359188555,0.40550160730625534
Media,3d,72.0,<=6h,40,42.5,40-45,54,18,0.3333333333333333,0.41703703703703704,-0.08370370370370372,0.22241243520150356,0.466392853725497
Media,3d,72.0,<=6h,45,47.5,45-50,50,13,0.26,0.46880000000000005,-0.20880000000000004,0.15871379651367384,0.3955342198899992
Media,3d,72.0,<=6h,50,52.5,50-55,56,26,0.4642857142857143,0.5241071428571429,-0.05982142857142858,0.34019643403583766,0.5929604334275992
Media,3d,72.0,<=6h,55,57.5,55-60,43,18,0.4186046511627907,0.5658139534883722,-0.14720930232558144,0.2838433433748524,0.5667168424428823
Media,3d,72.0,<=6h,60,62.5,60-65,64,32,0.5,0.61765625,-0.11765625000000002,0.38101888493214947,0.6189811150678505
Media,3d,72.0,<=6h,65,67.5,65-70,56,28,0.5,0.6710714285714287,-0.17107142857142865,0.37331520958682995,0.62668479041317
Media,3d,72.0,<=6h,70,72.5,70-75,55,30,0.5454545454545454,0.7194545454545456,-0.17400000000000015,0.41522461348360484,0.669749282535538
Media,3d,72.0,<=6h,75,77.5,75-80,44,34,0.7727272727272727,0.7656818181818181,0.007045454545454577,0.6300735713298432,0.8715818916981491
Media,3d,72.0,<=6h,80,82.5,80-85,52,46,0.8846153846153846,0.8209615384615384,0.06365384615384617,0.7702808110893793,0.9460310424391727
Media,3d,72.0,<=6h,85,87.5,85-90,52,41,0.7884615384615384,0.8676923076923078,-0.07923076923076933,0.659676348640899,0.877557541505515
Media,3d,72.0,<=6h,90,92.5,90-95,59,55,0.9322033898305084,0.9167796610169492,0.015423728813559245,0.8382425011833289,0.9733218129016085
Media,3d,72.0,<=6h,95,97.5,95-100,77,75,0.974025974025974,0.9703896103896104,0.0036363636363636598,0.9101524452675265,0.9928479901518616
Media,3d,72.0,<=24h,0,2.5,0-5,475,12,0.02526315789473684,0.021852631578947367,0.003410526315789475,0.014509400331807143,0.043634253018277724
Media,3d,72.0,<=24h,5,7.5,5-10,369,19,0.051490514905149054,0.06902439024390244,-0.01753387533875339,0.03320817172672884,0.07901535697822254
Media,3d,72.0,<=24h,10,12.5,10-15,316,29,0.09177215189873418,0.12031645569620253,-0.02854430379746835,0.06465732839217081,0.1286933802085866
Media,3d,72.0,<=24h,15,17.5,15-20,340,58,0.17058823529411765,0.1693235294117647,0.0012647058823529456,0.13433954357638786,0.21419768984737467
Media,3d,72.0,<=24h,20,22.5,20-25,309,66,0.21359223300970873,0.21828478964401296,-0.004692556634304235,0.17155709612160752,0.26266137098762604
Media,3d,72.0,<=24h,25,27.5,25-30,218,55,0.25229357798165136,0.268348623853211,-0.016055045871559648,0.19926746864674463,0.3138986823366598
Media,3d,72.0,<=24h,30,32.5,30-35,170,42,0.24705882352941178,0.31729411764705884,-0.07023529411764706,0.188290158327222,0.317006617588324
Media,3d,72.0,<=24h,35,37.5,35-40,151,40,0.26490066225165565,0.3672847682119205,-0.10238410596026487,0.2009824229854169,0.3404844696325875
Media,3d,72.0,<=24h,40,42.5,40-45,92,30,0.32608695652173914,0.41532608695652173,-0.0892391304347826,0.23894645409747614,0.4271693035693408
Media,3d,72.0,<=24h,45,47.5,45-50,88,24,0.2727272727272727,0.46738636363636366,-0.19465909090909095,0.19065350395100786,0.3738140140364836
Media,3d,72.0,<=24h,50,52.5,50-55,77,32,0.4155844155844156,0.5201298701298701,-0.1045454545454545,0.31209010264563286,0.5271016006358461
Media,3d,72.0,<=24h,55,57.5,55-60,71,32,0.4507042253521127,0.5688732394366197,-0.11816901408450703,0.34047773339151494,0.5659913960765884
Media,3d,72.0,<=24h,60,62.5,60-65,94,42,0.44680851063829785,0.6179787234042553,-0.17117021276595745,0.35036203477936345,0.5474319506010882
Media,3d,72.0,<=24h,65,67.5,65-70,92,46,0.5,0.671195652173913,-0.17119565217391297,0.39989654939501507,0.6001034506049849
Media,3d,72.0,<=24h,70,72.5,70-75,92,53,0.5760869565217391,0.7208695652173912,-0.14478260869565207,0.47405256502938276,0.6720217909913848
Media,3d,72.0,<=24h,75,77.5,75-80,72,55,0.7638888888888888,0.7675,-0.0036111111111111205,0.6540101280256627,0.8470341537405446
Media,3d,72.0,<=24h,80,82.5,80-85,91,73,0.8021978021978022,0.8194505494505495,-0.01725274725274728,0.7088578689746323,0.8710564302358408
Media,3d,72.0,<=24h,85,87.5,85-90,99,80,0.8080808080808081,0.8671717171717173,-0.059090909090909194,0.7195945946411957,0.8735505917425246
Media,3d,72.0,<=24h,90,92.5,90-95,143,133,0.9300699300699301,0.917132867132867,0.012937062937063093,0.8760619719770455,0.9615753188179337
Media,3d,72.0,<=24h,95,97.5,95-100,213,208,0.9765258215962441,0.9726291079812206,0.003896713615023528,0.9462345682418408,0.9899326616623841
Media,1d,24.0,all,0,2.5,0-5,1472,13,0.008831521739130434,0.019470108695652175,-0.01063858695652174,0.005168377181487653,0.015051678954618005
Media,1d,24.0,all,5,7.5,5-10,547,12,0.021937842778793418,0.06537477148080438,-0.04343692870201096,0.01259295099519705,0.037950798786954475
Media,1d,24.0,all,10,12.5,10-15,359,26,0.07242339832869081,0.11838440111420613,-0.04596100278551532,0.04989957865664198,0.10400118685646347
Media,1d,24.0,all,15,17.5,15-20,309,29,0.09385113268608414,0.16896440129449838,-0.07511326860841425,0.06614023842799216,0.13153679685120345
Media,1d,24.0,all,20,22.5,20-25,247,39,0.15789473684210525,0.2197165991902834,-0.06182186234817816,0.11770525819676647,0.20856279303556502
Media,1d,24.0,all,25,27.5,25-30,232,45,0.1939655172413793,0.2703448275862069,-0.07637931034482762,0.1482404878933305,0.24966047614354853
Media,1d,24.0,all,30,32.5,30-35,278,67,0.24100719424460432,0.32,-0.07899280575539569,0.1944797597112081,0.29459495459640295
Media,1d,24.0,all,35,37.5,35-40,241,73,0.3029045643153527,0.36817427385892115,-0.06526970954356848,0.24835510481398732,0.3636389354144705
Media,1d,24.0,all,40,42.5,40-45,201,76,0.3781094527363184,0.4190547263681592,-0.040945273631840806,0.3139492273604448,0.44684154951300276
Media,1d,24.0,all,45,47.5,45-50,180,68,0.37777777777777777,0.4686666666666667,-0.09088888888888891,0.3102002342705114,0.45046329346205843
Media,1d,24.0,all,50,52.5,50-55,144,55,0.3819444444444444,0.5168055555555555,-0.1348611111111111,0.30663220831107374,0.4633919256268706
Media,1d,24.0,all,55,57.5,55-60,129,54,0.4186046511627907,0.5698449612403101,-0.15124031007751942,0.33703226754400983,0.5048847223145887
Media,1d,24.0,all,60,62.5,60-65,134,65,0.48507462686567165,0.6200746268656716,-0.13499999999999995,0.40205569373979705,0.5689254904600383
Media,1d,24.0,all,65,67.5,65-70,153,85,0.5555555555555556,0.6691503267973856,-0.11359477124183004,0.4764154390166893,0.6319741719028626
Media,1d,24.0,all,70,72.5,70-75,127,75,0.5905511811023622,0.7181102362204724,-0.12755905511811028,0.5035924878388688,0.6721925835757271
Media,1d,24.0,all,75,77.5,75-80,147,104,0.7074829931972789,0.7689115646258503,-0.06142857142857139,0.6294080755015001,0.774989650324797
Media,1d,24.0,all,80,82.5,80-85,149,110,0.738255033557047,0.8185906040268456,-0.08033557046979856,0.6623186394794551,0.8022145766083117
Media,1d,24.0,all,85,87.5,85-90,163,147,0.901840490797546,0.8695705521472392,0.032269938650306806,0.8465019531778812,0.9386739262191037
Media,1d,24.0,all,90,92.5,90-95,251,232,0.9243027888446215,0.9193227091633466,0.004980079681274896,0.8848063867619064,0.9510069184441511
Media,1d,24.0,all,95,97.5,95-100,628,608,0.9681528662420382,0.9775477707006369,-0.009394904458598696,0.951322003977717,0.9792909851005582
Media,1d,24.0,<=1h,0,2.5,0-5,184,3,0.016304347826086956,0.022554347826086958,-0.006250000000000002,0.0055600783671788424,0.046833001759906956
Media,1d,24.0,<=1h,5,7.5,5-10,102,2,0.0196078431372549,0.06637254901960785,-0.046764705882352944,0.005393639125345434,0.06869443210562613
Media,1d,24.0,<=1h,10,12.5,10-15,85,9,0.10588235294117647,0.11882352941176472,-0.012941176470588248,0.056711765159551245,0.18913702639755714
Media,1d,24.0,<=1h,15,17.5,15-20,87,7,0.08045977011494253,0.17057471264367816,-0.09011494252873563,0.03951976844435234,0.1568836414471511
Media,1d,24.0,<=1h,20,22.5,20-25,77,8,0.1038961038961039,0.21987012987012988,-0.11597402597402598,0.053592282957973164,0.19184570936281223
Media,1d,24.0,<=1h,25,27.5,25-30,69,22,0.3188405797101449,0.2707246376811594,0.0481159420289855,0.2209460520472577,0.4358434748165124
Media,1d,24.0,<=1h,30,32.5,30-35,105,28,0.26666666666666666,0.3180952380952381,-0.051428571428571435,0.19141558416037008,0.35838890235948995
Media,1d,24.0,<=1h,35,37.5,35-40,98,25,0.25510204081632654,0.36918367346938774,-0.1140816326530612,0.17917341706740808,0.34950641514261227
Media,1d,24.0,<=1h,40,42.5,40-45,95,35,0.3684210526315789,0.41873684210526313,-0.0503157894736842,0.2782994396773112,0.4687706198927484
Media,1d,24.0,<=1h,45,47.5,45-50,92,39,0.42391304347826086,0.46880434782608693,-0.044891304347826066,0.3279782090086152,0.5259474349706172
Media,1d,24.0,<=1h,50,52.5,50-55,79,27,0.34177215189873417,0.5162025316455696,-0.17443037974683545,0.24670818573119846,0.4515110664319659
Media,1d,24.0,<=1h,55,57.5,55-60,62,30,0.4838709677419355,0.5698387096774193,-0.08596774193548384,0.36409654206505293,0.605527525393818
Media,1d,24.0,<=1h,60,62.5,60-65,64,28,0.4375,0.61875,-0.18125000000000002,0.32293817065427327,0.5591400822171212
Media,1d,24.0,<=1h,65,67.5,65-70,76,48,0.631578947368421,0.6671052631578948,-0.03552631578947374,0.5192485688815169,0.731247413162931
Media,1d,24.0,<=1h,70,72.5,70-75,55,33,0.6,0.7205454545454545,-0.12054545454545451,0.4681256091064502,0.7188169621356643
Media,1d,24.0,<=1h,75,77.5,75-80,62,43,0.6935483870967742,0.771774193548387,-0.07822580645161281,0.5703254906920545,0.7941856998014938
Media,1d,24.0,<=1h,80,82.5,80-85,58,45,0.7758620689655172,0.8191379310344827,-0.0432758620689655,0.6533863695244156,0.8640646666712842
Media,1d,24.0,<=1h,85,87.5,85-90,48,43,0.8958333333333334,0.8691666666666668,0.026666666666666616,0.7783231187385907,0.9546789490988218
Media,1d,24.0,<=1h,90,92.5,90-95,74,67,0.9054054054054054,0.9179729729729729,-0.012567567567567495,0.8173754241201446,0.9534206540694093
Media,1d,24.0,<=1h,95,97.5,95-100,103,99,0.9611650485436893,0.9736893203883495,-0.012524271844660206,0.9043705100480193,0.984796256454916
Media,1d,24.0,<=6h,0,2.5,0-5,550,8,0.014545454545454545,0.02098181818181818,-0.006436363636363636,0.0073883413207003566,0.028437064354857426
Media,1d,24.0,<=6h,5,7.5,5-10,257,7,0.027237354085603113,0.06684824902723735,-0.039610894941634237,0.013254967239165284,0.05514516525503808
Media,1d,24.0,<=6h,10,12.5,10-15,212,14,0.0660377358490566,0.11966981132075472,-0.05363207547169811,0.039741005257031066,0.10778199308990485
Media,1d,24.0,<=6h,15,17.5,15-20,221,24,0.1085972850678733,0.1690950226244344,-0.0604977375565611,0.07406949237974061,0.15649993961149236
Media,1d,24.0,<=6h,20,22.5,20-25,177,28,0.15819209039548024,0.21983050847457627,-0.061638418079096036,0.11177270587963548,0.21913345730405678
Media,1d,24.0,<=6h,25,27.5,25-30,165,35,0.21212121212121213,0.2698787878787879,-0.05775757575757576,0.15665942481649742,0.28068303107115106
Media,1d,24.0,<=6h,30,32.5,30-35,216,57,0.2638888888888889,0.3194444444444444,-0.055555555555555525,0.20960715090154183,0.3264224267580094
Media,1d,24.0,<=6h,35,37.5,35-40,186,57,0.3064516129032258,0.3682258064516129,-0.06177419354838709,0.2446701198867673,0.37606632565520043
Media,1d,24.0,<=6h,40,42.5,40-45,161,63,0.391304347826087,0.4190683229813665,-0.027763975155279508,0.319290340263488,0.4683846155729028
Media,1d,24.0,<=6h,45,47.5,45-50,157,60,0.3821656050955414,0.46891719745222926,-0.08675159235668783,0.3098309547898382,0.4601290555557442
Media,1d,24.0,<=6h,50,52.5,50-55,130,49,0.3769230769230769,0.5170769230769231,-0.14015384615384618,0.2982769881529427,0.46263441756844736
Media,1d,24.0,<=6h,55,57.5,55-60,109,45,0.41284403669724773,0.5688990825688074,-0.15605504587155966,0.324919801993395,0.5067025784053233
Media,1d,24.0,<=6h,60,62.5,60-65,108,52,0.48148148148148145,0.619074074074074,-0.13759259259259254,0.3895121132367203,0.5747230193078783
Media,1d,24.0,<=6h,65,67.5,65-70,126,70,0.5555555555555556,0.6688095238095237,-0.11325396825396816,0.46842447964780765,0.6393992070596883
Media,1d,24.0,<=6h,70,72.5,70-75,101,58,0.5742574257425742,0.7187128712871287,-0.14445544554455447,0.47684837141099295,0.6662246072539644
Media,1d,24.0,<=6h,75,77.5,75-80,123,88,0.7154471544715447,0.7692682926829267,-0.053821138211382014,0.6301286003469405,0.7877153877452941
Media,1d,24.0,<=6h,80,82.5,80-85,103,77,0.7475728155339806,0.8192233009708738,-0.07165048543689323,0.655819277626533,0.8215228812329376
Media,1d,24.0,<=6h,85,87.5,85-90,109,101,0.926605504587156,0.8692660550458716,0.05733944954128434,0.8618207698396362,0.9623433682087431
Media,1d,24.0,<=6h,90,92.5,90-95,153,137,0.8954248366013072,0.919673202614379,-0.024248366013071787,0.8368789035182836,0.9346000918502922
Media,1d,24.0,<=6h,95,97.5,95-100,260,248,0.9538461538461539,0.9752307692307692,-0.021384615384615335,0.9210719768500281,0.9734041027371182
Media,1d,24.0,<=24h,0,2.5,0-5,949,10,0.01053740779768177,0.019852476290832456,-0.009315068493150686,0.005733581104992454,0.019287996458371696
Media,1d,24.0,<=24h,5,7.5,5-10,404,10,0.024752475247524754,0.06628712871287129,-0.04153465346534654,0.013499398608625163,0.04495859096379708
Media,1d,24.0,<=24h,10,12.5,10-15,298,22,0.0738255033557047,0.11885906040268455,-0.04503355704697985,0.04925540847378104,0.10924361883060643
Media,1d,24.0,<=24h,15,17.5,15-20,288,29,0.10069444444444445,0.1690625,-0.06836805555555556,0.07102740250436226,0.14087384803702735
Media,1d,24.0,<=24h,20,22.5,20-25,232,38,0.16379310344827586,0.21995689655172412,-0.05616379310344827,0.12171957845020095,0.21681950880158166
Media,1d,24.0,<=24h,25,27.5,25-30,219,44,0.2009132420091324,0.27059360730593607,-0.06968036529680366,0.15320829173942566,0.2589301958679151
Media,1d,24.0,<=24h,30,32.5,30-35,267,65,0.24344569288389514,0.3200374531835206,-0.07659176029962547,0.19584366560119554,0.29832562006245444
Media,1d,24.0,<=24h,35,37.5,35-40,237,71,0.29957805907172996,0.36805907172995783,-0.06848101265822787,0.2448337678395379,0.36071610394341
Media,1d,24.0,<=24h,40,42.5,40-45,196,74,0.37755102040816324,0.4192857142857143,-0.04173469387755108,0.31265075023313876,0.44715901910417627
Media,1d,24.0,<=24h,45,47.5,45-50,178,66,0.3707865168539326,0.4686516853932584,-0.09786516853932581,0.30325785553028156,0.4437747266731306
Media,1d,24.0,<=24h,50,52.5,50-55,142,55,0.3873239436619718,0.5169718309859155,-0.12964788732394367,0.3111742087239353,0.4694096576077559
Media,1d,24.0,<=24h,55,57.5,55-60,126,52,0.4126984126984127,0.5699206349206349,-0.15722222222222226,0.3305590263103976,0.5000037517206803
Media,1d,24.0,<=24h,60,62.5,60-65,131,63,0.48091603053435117,0.6196946564885496,-0.13877862595419843,0.3971249733448441,0.5657944817787972
Media,1d,24.0,<=24h,65,67.5,65-70,148,82,0.5540540540540541,0.6691216216216216,-0.11506756756756753,0.47361082438271,0.631762143236177
Media,1d,24.0,<=24h,70,72.5,70-75,124,72,0.5806451612903226,0.7178225806451612,-0.13717741935483863,0.4926480774593792,0.663795521494326
Media,1d,24.0,<=24h,75,77.5,75-80,142,100,0.704225352112676,0.7689436619718311,-0.06471830985915505,0.624579195360831,0.7731125469129784
Media,1d,24.0,<=24h,80,82.5,80-85,136,100,0.7352941176470589,0.8190441176470589,-0.08374999999999999,0.6554228370952382,0.8022378304028455
Media,1d,24.0,<=24h,85,87.5,85-90,147,134,0.9115646258503401,0.8700680272108844,0.04149659863945576,0.8545755913443044,0.9475903893931049
Media,1d,24.0,<=24h,90,92.5,90-95,208,190,0.9134615384615384,0.9192788461538461,-0.005817307692307705,0.8673667290591728,0.9445606733018367
Media,1d,24.0,<=24h,95,97.5,95-100,420,401,0.9547619047619048,0.9763095238095238,-0.021547619047619038,0.9304294537409113,0.9708506471269601
Media,6h,6.0,all,0,2.5,0-5,2577,8,0.0031043849437330227,0.017004268529297633,-0.01389988358556461,0.0015738612561831222,0.006114173530608906
Media,6h,6.0,all,5,7.5,5-10,608,6,0.009868421052631578,0.06541118421052632,-0.055542763157894734,0.004530351385710981,0.021361317307624028
Media,6h,6.0,all,10,12.5,10-15,322,12,0.037267080745341616,0.11779503105590063,-0.08052795031055901,0.021444459618002683,0.06400073829411165
Media,6h,6.0,all,15,17.5,15-20,228,28,0.12280701754385964,0.16903508771929826,-0.04622807017543862,0.08634798362827686,0.1717661770745478
Media,6h,6.0,all,20,22.5,20-25,183,18,0.09836065573770492,0.21661202185792347,-0.11825136612021855,0.06312566378280363,0.1501116452532997
Media,6h,6.0,all,25,27.5,25-30,143,20,0.13986013986013987,0.2683916083916084,-0.12853146853146855,0.09239624657944673,0.20616764812069277
Media,6h,6.0,all,30,32.5,30-35,129,23,0.17829457364341086,0.3212403100775194,-0.14294573643410854,0.12184608409727599,0.25334963772480384
Media,6h,6.0,all,35,37.5,35-40,91,30,0.32967032967032966,0.3648351648351648,-0.03516483516483515,0.24170756721723363,0.43143164595504524
Media,6h,6.0,all,40,42.5,40-45,115,35,0.30434782608695654,0.4176521739130435,-0.11330434782608695,0.22770286460600048,0.39364184970279376
Media,6h,6.0,all,45,47.5,45-50,87,29,0.3333333333333333,0.47172413793103446,-0.13839080459770114,0.2431846311443509,0.4375783673056985
Media,6h,6.0,all,50,52.5,50-55,87,39,0.4482758620689655,0.5195402298850574,-0.07126436781609191,0.348170047270701,0.552756400524142
Media,6h,6.0,all,55,57.5,55-60,77,43,0.5584415584415584,0.5687012987012987,-0.010259740259740302,0.44738036790961955,0.6639484528955104
Media,6h,6.0,all,60,62.5,60-65,96,47,0.4895833333333333,0.6191666666666666,-0.12958333333333333,0.39192689394846364,0.5880413757908035
Media,6h,6.0,all,65,67.5,65-70,102,60,0.5882352941176471,0.6686274509803921,-0.08039215686274503,0.4912158108035628,0.6788496455009526
Media,6h,6.0,all,70,72.5,70-75,103,69,0.6699029126213593,0.7187378640776698,-0.04883495145631056,0.5744161092063891,0.7531716468736398
Media,6h,6.0,all,75,77.5,75-80,107,73,0.6822429906542056,0.7700934579439253,-0.08785046728971968,0.5890163288906902,0.7628371268515581
Media,6h,6.0,all,80,82.5,80-85,121,98,0.8099173553719008,0.8192561983471074,-0.009338842975206596,0.7308946400120011,0.8698666446879706
Media,6h,6.0,all,85,87.5,85-90,138,118,0.855072463768116,0.8696376811594203,-0.014565217391304341,0.7867293519728862,0.904182200068264
Media,6h,6.0,all,90,92.5,90-95,224,209,0.9330357142857143,0.9196428571428571,0.013392857142857206,0.8924661284181951,0.9590026112676219
Media,6h,6.0,all,95,97.5,95-100,1356,1339,0.9874631268436578,0.9836873156342183,0.0037758112094394836,0.9800140012892568,0.9921580516910314
Media,6h,6.0,<=1h,0,2.5,0-5,244,0,0.0,0.01762295081967213,-0.01762295081967213,0.0,0.015500222722900431
Media,6h,6.0,<=1h,5,7.5,5-10,81,2,0.024691358024691357,0.06962962962962962,-0.04493827160493827,0.0067974449101870366,0.08562891197134277
Media,6h,6.0,<=1h,10,12.5,10-15,74,5,0.06756756756756757,0.11878378378378379,-0.05121621621621622,0.029203655548562038,0.14861386104924684
Media,6h,6.0,<=1h,15,17.5,15-20,63,10,0.15873015873015872,0.1680952380952381,-0.009365079365079382,0.0885699743235259,0.2681180762318168
Media,6h,6.0,<=1h,20,22.5,20-25,59,6,0.1016949152542373,0.21864406779661016,-0.11694915254237287,0.047447326513182495,0.2046404624673654
Media,6h,6.0,<=1h,25,27.5,25-30,48,6,0.125,0.26979166666666665,-0.14479166666666665,0.05856971750400844,0.24700727086054822
Media,6h,6.0,<=1h,30,32.5,30-35,60,13,0.21666666666666667,0.3215,-0.10483333333333333,0.13122921046407016,0.3362026834734252
Media,6h,6.0,<=1h,35,37.5,35-40,28,6,0.21428571428571427,0.3653571428571428,-0.15107142857142855,0.10212321701189422,0.3953894707927388
Media,6h,6.0,<=1h,40,42.5,40-45,49,15,0.30612244897959184,0.41795918367346935,-0.1118367346938775,0.1951532349314748,0.4452815740069374
Media,6h,6.0,<=1h,45,47.5,45-50,36,8,0.2222222222222222,0.4672222222222222,-0.245,0.11716192974839595,0.38085019827859085
Media,6h,6.0,<=1h,50,52.5,50-55,35,13,0.37142857142857144,0.5171428571428571,-0.14571428571428569,0.23165607368891059,0.5366335951197893
Media,6h,6.0,<=1h,55,57.5,55-60,37,17,0.4594594594594595,0.5683783783783783,-0.10891891891891886,0.31038327828457724,0.6161622047523264
Media,6h,6.0,<=1h,60,62.5,60-65,43,16,0.37209302325581395,0.6204651162790698,-0.2483720930232558,0.2437613889377433,0.5214046173472684
Media,6h,6.0,<=1h,65,67.5,65-70,53,26,0.49056603773584906,0.6679245283018868,-0.1773584905660377,0.36124029356039444,0.6211669574670219
Media,6h,6.0,<=1h,70,72.5,70-75,42,27,0.6428571428571429,0.7166666666666667,-0.07380952380952377,0.4916608928707938,0.7701100749837315
Media,6h,6.0,<=1h,75,77.5,75-80,45,27,0.6,0.7691111111111111,-0.1691111111111111,0.4545159420914473,0.7297532055204246
Media,6h,6.0,<=1h,80,82.5,80-85,46,37,0.8043478260869565,0.8195652173913044,-0.01521739130434785,0.668284622588308,0.893495095558782
Media,6h,6.0,<=1h,85,87.5,85-90,64,53,0.828125,0.86984375,-0.04171875000000003,0.7178655850983409,0.9012235873268377
Media,6h,6.0,<=1h,90,92.5,90-95,78,75,0.9615384615384616,0.9187179487179488,0.0428205128205128,0.8929137832970124,0.9868344132191849
Media,6h,6.0,<=1h,95,97.5,95-100,265,261,0.9849056603773585,0.9801132075471698,0.004792452830188698,0.9618382907497837,0.9941149545812961
Media,6h,6.0,<=6h,0,2.5,0-5,996,4,0.004016064257028112,0.01609437751004016,-0.012078313253012047,0.0015628185305205542,0.01028065747607889
Media,6h,6.0,<=6h,5,7.5,5-10,211,4,0.018957345971563982,0.06715639810426541,-0.048199052132701425,0.007396106319858525,0.047721710713714116
Media,6h,6.0,<=6h,10,12.5,10-15,154,10,0.06493506493506493,0.1175974025974026,-0.052662337662337674,0.035650162878397375,0.11539746968488124
Media,6h,6.0,<=6h,15,17.5,15-20,130,20,0.15384615384615385,0.16869230769230767,-0.014846153846153815,0.101853111526678,0.22571021706473152
Media,6h,6.0,<=6h,20,22.5,20-25,107,12,0.11214953271028037,0.21626168224299064,-0.10411214953271027,0.06532817353470435,0.18585549757794648
Media,6h,6.0,<=6h,25,27.5,25-30,79,10,0.12658227848101267,0.26772151898734176,-0.1411392405063291,0.07023187936799044,0.2175655557370775
Media,6h,6.0,<=6h,30,32.5,30-35,89,19,0.21348314606741572,0.32146067415730334,-0.10797752808988761,0.14114687024752387,0.3095304123499324
Media,6h,6.0,<=6h,35,37.5,35-40,56,19,0.3392857142857143,0.3655357142857143,-0.026249999999999996,0.22919799319334652,0.4700079103921191
Media,6h,6.0,<=6h,40,42.5,40-45,80,24,0.3,0.41712499999999997,-0.11712499999999998,0.21064429162615705,0.407683602879673
Media,6h,6.0,<=6h,45,47.5,45-50,49,13,0.2653061224489796,0.46775510204081633,-0.20244897959183672,0.1621113124514944,0.4026255615265835
Media,6h,6.0,<=6h,50,52.5,50-55,56,22,0.39285714285714285,0.5183928571428571,-0.12553571428571425,0.27580225617512844,0.523668346215182
Media,6h,6.0,<=6h,55,57.5,55-60,53,25,0.4716981132075472,0.5684905660377358,-0.09679245283018867,0.343820276089814,0.6034014769924354
Media,6h,6.0,<=6h,60,62.5,60-65,59,22,0.3728813559322034,0.62,-0.2471186440677966,0.26083818032585154,0.5004664331785788
Media,6h,6.0,<=6h,65,67.5,65-70,74,37,0.5,0.6679729729729729,-0.16797297297297287,0.38892400848268727,0.6110759915173127
Media,6h,6.0,<=6h,70,72.5,70-75,68,46,0.6764705882352942,0.7180882352941177,-0.04161764705882354,0.5584427498007829,0.7756255337563762
Media,6h,6.0,<=6h,75,77.5,75-80,74,50,0.6756756756756757,0.7701351351351352,-0.09445945945945955,0.5626508503567352,0.7713607835254049
Media,6h,6.0,<=6h,80,82.5,80-85,88,69,0.7840909090909091,0.8192045454545455,-0.0351136363636364,0.6872227423488249,0.8571928601668108
Media,6h,6.0,<=6h,85,87.5,85-90,108,91,0.8425925925925926,0.8699074074074075,-0.027314814814814903,0.7623112406630498,0.8993388072618725
Media,6h,6.0,<=6h,90,92.5,90-95,147,136,0.9251700680272109,0.9196598639455782,0.005510204081632719,0.8709784320428373,0.9577054323553129
Media,6h,6.0,<=6h,95,97.5,95-100,753,744,0.9880478087649402,0.9828286852589642,0.0052191235059760865,0.9774416644192079,0.9936994567876603
Media,6h,6.0,<=24h,0,2.5,0-5,1940,7,0.0036082474226804126,0.01687113402061856,-0.013262886597938145,0.0017489082573108206,0.007429617400335358
Media,6h,6.0,<=24h,5,7.5,5-10,453,4,0.008830022075055188,0.06675496688741722,-0.05792494481236203,0.0034389728769949196,0.022481608786321203
Media,6h,6.0,<=24h,10,12.5,10-15,281,12,0.042704626334519574,0.11829181494661922,-0.07558718861209965,0.02459471387202825,0.07314943585890994
Media,6h,6.0,<=24h,15,17.5,15-20,214,28,0.1308411214953271,0.16906542056074766,-0.038224299065420575,0.09209806286005723,0.18260428967499576
Media,6h,6.0,<=24h,20,22.5,20-25,176,18,0.10227272727272728,0.21670454545454546,-0.11443181818181818,0.06567535831529453,0.1558618166208715
Media,6h,6.0,<=24h,25,27.5,25-30,137,20,0.145985401459854,0.2685401459854015,-0.12255474452554749,0.09653277294312373,0.2147502570707358
Media,6h,6.0,<=24h,30,32.5,30-35,123,22,0.17886178861788618,0.3208130081300813,-0.1419512195121951,0.12118768785846241,0.25598825441914996
Media,6h,6.0,<=24h,35,37.5,35-40,91,30,0.32967032967032966,0.3648351648351648,-0.03516483516483515,0.24170756721723363,0.43143164595504524
Media,6h,6.0,<=24h,40,42.5,40-45,112,34,0.30357142857142855,0.41794642857142855,-0.114375,0.22610028634833562,0.39407070576503295
Media,6h,6.0,<=24h,45,47.5,45-50,85,27,0.3176470588235294,0.471764705882353,-0.15411764705882358,0.228400568126656,0.42266379811618515
Media,6h,6.0,<=24h,50,52.5,50-55,86,39,0.45348837209302323,0.5197674418604651,-0.06627906976744186,0.3525142050420289,0.5584401857969586
Media,6h,6.0,<=24h,55,57.5,55-60,76,43,0.5657894736842105,0.5684210526315789,-0.0026315789473684292,0.4538555158542199,0.671392475168004
Media,6h,6.0,<=24h,60,62.5,60-65,96,47,0.4895833333333333,0.6191666666666666,-0.12958333333333333,0.39192689394846364,0.5880413757908035
Media,6h,6.0,<=24h,65,67.5,65-70,102,60,0.5882352941176471,0.6686274509803921,-0.08039215686274503,0.4912158108035628,0.6788496455009526
Media,6h,6.0,<=24h,70,72.5,70-75,103,69,0.6699029126213593,0.7187378640776698,-0.04883495145631056,0.5744161092063891,0.7531716468736398
Media,6h,6.0,<=24h,75,77.5,75-80,106,72,0.6792452830188679,0.7699056603773584,-0.09066037735849053,0.5854599372180149,0.7604927801495398
Media,6h,6.0,<=24h,80,82.5,80-85,118,95,0.8050847457627118,0.8194915254237288,-0.014406779661017,0.7244709740380223,0.8664602021776543
Media,6h,6.0,<=24h,85,87.5,85-90,135,115,0.8518518518518519,0.8698518518518519,-0.018000000000000016,0.7822282103387016,0.9020047573021209
Media,6h,6.0,<=24h,90,92.5,90-95,205,190,0.926829268292683,0.919609756097561,0.007219512195121958,0.8827960466751291,0.9551596096692009
Media,6h,6.0,<=24h,95,97.5,95-100,1153,1138,0.986990459670425,0.9837294015611449,0.003261058109280124,0.9786461038129476,0.9921004530190335
Media,1h,1.0,all,0,2.5,0-5,3205,11,0.0034321372854914196,0.016115444617784712,-0.012683307332293291,0.0019175392292810462,0.006135709644081852
Media,1h,1.0,all,5,7.5,5-10,623,6,0.009630818619582664,0.06439807383627608,-0.054767255216693414,0.004421094014720194,0.020851000243223117
Media,1h,1.0,all,10,12.5,10-15,276,11,0.03985507246376811,0.11445652173913043,-0.07460144927536232,0.022397540718760964,0.06994612798524873
Media,1h,1.0,all,15,17.5,15-20,160,11,0.06875,0.165125,-0.09637499999999999,0.03881901944217292,0.11890404966848031
Media,1h,1.0,all,20,22.5,20-25,122,5,0.040983606557377046,0.21672131147540985,-0.1757377049180328,0.017630459445038327,0.09236178477308984
Media,1h,1.0,all,25,27.5,25-30,71,10,0.14084507042253522,0.266056338028169,-0.1252112676056338,0.07834118071720814,0.24021961969325883
Media,1h,1.0,all,30,32.5,30-35,66,8,0.12121212121212122,0.3212121212121212,-0.2,0.06271770703368283,0.22137658633874846
Media,1h,1.0,all,35,37.5,35-40,54,17,0.3148148148148148,0.36333333333333334,-0.048518518518518516,0.2067911428909822,0.44743695591679633
Media,1h,1.0,all,40,42.5,40-45,39,10,0.2564102564102564,0.41717948717948716,-0.16076923076923078,0.14568625843452188,0.410819567678415
Media,1h,1.0,all,45,47.5,45-50,37,18,0.4864864864864865,0.47054054054054056,0.01594594594594595,0.33446153327211037,0.6410536277401908
Media,1h,1.0,all,50,52.5,50-55,45,21,0.4666666666666667,0.5162222222222222,-0.049555555555555575,0.3293490394201473,0.6092279113758954
Media,1h,1.0,all,55,57.5,55-60,29,14,0.4827586206896552,0.5706896551724138,-0.08793103448275857,0.3138581933079522,0.6556926202943085
Media,1h,1.0,all,60,62.5,60-65,34,20,0.5882352941176471,0.6197058823529411,-0.03147058823529403,0.42221304146519273,0.7363426221431113
Media,1h,1.0,all,65,67.5,65-70,40,23,0.575,0.669,-0.09400000000000008,0.42194800436059987,0.7149083147518411
Media,1h,1.0,all,70,72.5,70-75,28,19,0.6785714285714286,0.7189285714285714,-0.04035714285714276,0.4933850455563118,0.8206695245657927
Media,1h,1.0,all,75,77.5,75-80,57,39,0.6842105263157895,0.7664912280701754,-0.08228070175438595,0.5551998120281706,0.7899587636831847
Media,1h,1.0,all,80,82.5,80-85,55,43,0.7818181818181819,0.8190909090909091,-0.037272727272727235,0.6562971335952182,0.8705410217234678
Media,1h,1.0,all,85,87.5,85-90,80,69,0.8625,0.8711249999999999,-0.008624999999999883,0.7703270280036946,0.9214536632044886
Media,1h,1.0,all,90,92.5,90-95,169,159,0.9408284023668639,0.9200591715976332,0.020769230769230762,0.8945156348853855,0.9675453504329636
Media,1h,1.0,all,95,97.5,95-100,1835,1822,0.9929155313351499,0.9856076294277929,0.007307901907356973,0.9879163745624202,0.995855147682889
Media,1h,1.0,<=1h,0,2.5,0-5,630,6,0.009523809523809525,0.014841269841269843,-0.005317460317460318,0.004371890641773157,0.020621104453531415
Media,1h,1.0,<=1h,5,7.5,5-10,101,3,0.0297029702970297,0.06445544554455446,-0.034752475247524756,0.010152296701083398,0.08371883842085293
Media,1h,1.0,<=1h,10,12.5,10-15,54,4,0.07407407407407407,0.1124074074074074,-0.03833333333333333,0.029181055323684174,0.17554357193420633
Media,1h,1.0,<=1h,15,17.5,15-20,40,4,0.1,0.162,-0.062,0.03957888759557486,0.23052074380473897
Media,1h,1.0,<=1h,20,22.5,20-25,43,3,0.06976744186046512,0.2186046511627907,-0.14883720930232558,0.024011153791962503,0.18609268553034927
Media,1h,1.0,<=1h,25,27.5,25-30,27,5,0.18518518518518517,0.2644444444444444,-0.07925925925925925,0.0818058657428532,0.36699056505191746
Media,1h,1.0,<=1h,30,32.5,30-35,30,4,0.13333333333333333,0.3183333333333333,-0.18499999999999997,0.05309569424218104,0.2968168394441695
Media,1h,1.0,<=1h,35,37.5,35-40,19,9,0.47368421052631576,0.36368421052631583,0.10999999999999993,0.27329505487448547,0.6829251748817489
Media,1h,1.0,<=1h,40,42.5,40-45,15,5,0.3333333333333333,0.41600000000000004,-0.08266666666666672,0.15176100694691236,0.5828687484878701
Media,1h,1.0,<=1h,45,47.5,45-50,10,7,0.7,0.462,0.23799999999999993,0.39677321997956516,0.892210712513788
Media,1h,1.0,<=1h,50,52.5,50-55,20,10,0.5,0.513,-0.013000000000000012,0.2992949144298199,0.7007050855701801
Media,1h,1.0,<=1h,55,57.5,55-60,11,3,0.2727272727272727,0.5718181818181818,-0.2990909090909091,0.09745880573921467,0.5656502930102463
Media,1h,1.0,<=1h,60,62.5,60-65,12,5,0.4166666666666667,0.615,-0.1983333333333333,0.19325746190524656,0.6804926643446272
Media,1h,1.0,<=1h,65,67.5,65-70,17,11,0.6470588235294118,0.6688235294117646,-0.021764705882352797,0.4129996672121182,0.826905138560951
Media,1h,1.0,<=1h,70,72.5,70-75,8,4,0.5,0.71125,-0.21125000000000005,0.21521252682444186,0.7847874731755582
Media,1h,1.0,<=1h,75,77.5,75-80,29,18,0.6206896551724138,0.7627586206896553,-0.14206896551724146,0.4400222620928496,0.7731220426913266
Media,1h,1.0,<=1h,80,82.5,80-85,19,13,0.6842105263157895,0.8178947368421052,-0.13368421052631574,0.4601001017506463,0.846358289955714
Media,1h,1.0,<=1h,85,87.5,85-90,34,28,0.8235294117647058,0.8702941176470589,-0.04676470588235304,0.6648593225994784,0.9165114439643031
Media,1h,1.0,<=1h,90,92.5,90-95,66,62,0.9393939393939394,0.918030303030303,0.021363636363636473,0.8542688489926583,0.9761817706953214
Media,1h,1.0,<=1h,95,97.5,95-100,541,535,0.988909426987061,0.9856377079482439,0.003271719038817067,0.9760168711266404,0.9949075223117461
Media,1h,1.0,<=6h,0,2.5,0-5,1348,9,0.0066765578635014835,0.015267062314540059,-0.008590504451038575,0.0035164675466024054,0.012640454980415553
Media,1h,1.0,<=6h,5,7.5,5-10,232,6,0.02586206896551724,0.06512931034482759,-0.039267241379310355,0.011905368254414139,0.05526513940835613
Media,1h,1.0,<=6h,10,12.5,10-15,119,9,0.07563025210084033,0.11,-0.03436974789915967,0.040296784434261525,0.13750617482383995
Media,1h,1.0,<=6h,15,17.5,15-20,75,5,0.06666666666666667,0.1628,-0.09613333333333333,0.028809638090317204,0.14675250169375617
Media,1h,1.0,<=6h,20,22.5,20-25,67,4,0.05970149253731343,0.21731343283582089,-0.15761194029850745,0.023458971433043548,0.1436970498877623
Media,1h,1.0,<=6h,25,27.5,25-30,40,7,0.175,0.26275,-0.08775,0.08745302996883066,0.3195029205439244
Media,1h,1.0,<=6h,30,32.5,30-35,44,6,0.13636363636363635,0.31772727272727275,-0.1813636363636364,0.0640286740786005,0.2670973752174096
Media,1h,1.0,<=6h,35,37.5,35-40,31,11,0.3548387096774194,0.3648387096774194,-0.010000000000000009,0.21116447741565816,0.530523619571851
Media,1h,1.0,<=6h,40,42.5,40-45,24,9,0.375,0.41625,-0.04125000000000001,0.21159133433631458,0.5729038096209293
Media,1h,1.0,<=6h,45,47.5,45-50,18,9,0.5,0.46444444444444444,0.03555555555555556,0.2903070395897999,0.7096929604102
Media,1h,1.0,<=6h,50,52.5,50-55,32,14,0.4375,0.51375,-0.07625000000000004,0.2816508596944317,0.6067469796877387
Media,1h,1.0,<=6h,55,57.5,55-60,18,6,0.3333333333333333,0.57,-0.23666666666666664,0.1627855436366286,0.5625093065574964
Media,1h,1.0,<=6h,60,62.5,60-65,22,11,0.5,0.619090909090909,-0.11909090909090903,0.3072180469247956,0.6927819530752044
Media,1h,1.0,<=6h,65,67.5,65-70,28,16,0.5714285714285714,0.6689285714285714,-0.09750000000000003,0.390704789856154,0.7349170381926877
Media,1h,1.0,<=6h,70,72.5,70-75,15,8,0.5333333333333333,0.7166666666666667,-0.18333333333333335,0.3011663015105079,0.7519077474025355
Media,1h,1.0,<=6h,75,77.5,75-80,41,25,0.6097560975609756,0.765609756097561,-0.1558536585365854,0.45726583898692563,0.7434406478467289
Media,1h,1.0,<=6h,80,82.5,80-85,39,29,0.7435897435897436,0.8184615384615384,-0.07487179487179474,0.589180432321585,0.854313741565478
Media,1h,1.0,<=6h,85,87.5,85-90,58,48,0.8275862068965517,0.8720689655172414,-0.04448275862068973,0.7109149994332449,0.9035581060491489
Media,1h,1.0,<=6h,90,92.5,90-95,119,112,0.9411764705882353,0.9189075630252102,0.02226890756302513,0.883542245816338,0.9712170539648437
Media,1h,1.0,<=6h,95,97.5,95-100,1123,1116,0.993766696349065,0.9855387355298307,0.00822796081923427,0.9871893237218882,0.9969773950077009
Media,1h,1.0,<=24h,0,2.5,0-5,2483,11,0.004430124848973017,0.015743052758759566,-0.011312927909786549,0.002475507921322431,0.007915825406863811
Media,1h,1.0,<=24h,5,7.5,5-10,463,6,0.012958963282937365,0.06557235421166306,-0.052613390928725697,0.005952296468878496,0.02798126900600635
Media,1h,1.0,<=24h,10,12.5,10-15,236,11,0.046610169491525424,0.11419491525423728,-0.06758474576271185,0.026222520430890277,0.08152192423592314
Media,1h,1.0,<=24h,15,17.5,15-20,143,10,0.06993006993006994,0.16503496503496504,-0.0951048951048951,0.03842468118206634,0.12393802802295459
Media,1h,1.0,<=24h,20,22.5,20-25,114,5,0.043859649122807015,0.21675438596491228,-0.17289473684210527,0.01887723116129667,0.0985821380258155
Media,1h,1.0,<=24h,25,27.5,25-30,64,10,0.15625,0.26546875,-0.10921874999999998,0.08714748876961673,0.26428290202305327
Media,1h,1.0,<=24h,30,32.5,30-35,61,7,0.11475409836065574,0.320655737704918,-0.20590163934426226,0.0567113064337431,0.2184453830989026
Media,1h,1.0,<=24h,35,37.5,35-40,54,17,0.3148148148148148,0.36333333333333334,-0.048518518518518516,0.2067911428909822,0.44743695591679633
Media,1h,1.0,<=24h,40,42.5,40-45,36,10,0.2777777777777778,0.4172222222222222,-0.13944444444444443,0.15848170025813796,0.43992800216345146
Media,1h,1.0,<=24h,45,47.5,45-50,34,16,0.47058823529411764,0.47029411764705886,0.0002941176470587781,0.31451251633111366,0.6326355957994516
Media,1h,1.0,<=24h,50,52.5,50-55,45,21,0.4666666666666667,0.5162222222222222,-0.049555555555555575,0.3293490394201473,0.6092279113758954
Media,1h,1.0,<=24h,55,57.5,55-60,28,14,0.5,0.57,-0.06999999999999995,0.3263284683244634,0.6736715316755366
Media,1h,1.0,<=24h,60,62.5,60-65,34,20,0.5882352941176471,0.6197058823529411,-0.03147058823529403,0.42221304146519273,0.7363426221431113
Media,1h,1.0,<=24h,65,67.5,65-70,40,23,0.575,0.669,-0.09400000000000008,0.42194800436059987,0.7149083147518411
Media,1h,1.0,<=24h,70,72.5,70-75,28,19,0.6785714285714286,0.7189285714285714,-0.04035714285714276,0.4933850455563118,0.8206695245657927
Media,1h,1.0,<=24h,75,77.5,75-80,54,36,0.6666666666666666,0.7661111111111112,-0.09944444444444456,0.5336071462745029,0.7775875647984964
Media,1h,1.0,<=24h,80,82.5,80-85,50,38,0.76,0.8192,-0.05920000000000003,0.6258705062480763,0.8570274759812779
Media,1h,1.0,<=24h,85,87.5,85-90,77,66,0.8571428571428571,0.8714285714285714,-0.014285714285714346,0.7620252720484026,0.9183175217607253
Media,1h,1.0,<=24h,90,92.5,90-95,156,146,0.9358974358974359,0.9199358974358973,0.015961538461538582,0.8860305360238916,0.9648117978866797
Media,1h,1.0,<=24h,95,97.5,95-100,1632,1621,0.9932598039215687,0.9858088235294118,0.0074509803921568585,0.9879706050323988,0.9962322664436659
Politics,30d,720.0,all,0,2.5,0-5,977,2,0.0020470829068577278,0.014390992835209827,-0.012343909928352098,0.000561551833373516,0.007433215109627271
Politics,30d,720.0,all,5,7.5,5-10,125,4,0.032,0.06408,-0.03208,0.012512936695839402,0.07939526686574319
Politics,30d,720.0,all,10,12.5,10-15,79,10,0.12658227848101267,0.11835443037974683,0.008227848101265839,0.07023187936799044,0.2175655557370775
Politics,30d,720.0,all,15,17.5,15-20,41,9,0.21951219512195122,0.16975609756097562,0.0497560975609756,0.12003040155386346,0.36705302098235293
Politics,30d,720.0,all,20,22.5,20-25,48,15,0.3125,0.2197916666666667,0.09270833333333331,0.19945512167731494,0.4533333725049633
Politics,30d,720.0,all,25,27.5,25-30,30,8,0.26666666666666666,0.26866666666666666,-0.0020000000000000018,0.14182495553910618,0.4444830204431169
Politics,30d,720.0,all,30,32.5,30-35,25,8,0.32,0.3176,0.0024000000000000132,0.17204987516891143,0.5159008626542329
Politics,30d,720.0,all,35,37.5,35-40,30,12,0.4,0.366,0.03400000000000003,0.24590394326083403,0.5767994750172616
Politics,30d,720.0,all,40,42.5,40-45,16,5,0.3125,0.415625,-0.10312500000000002,0.14164435051961052,0.5559606813326594
Politics,30d,720.0,all,45,47.5,45-50,19,8,0.42105263157894735,0.4663157894736842,-0.04526315789473684,0.2314162039203038,0.6372444853483988
Politics,30d,720.0,all,50,52.5,50-55,26,17,0.6538461538461539,0.52,0.13384615384615384,0.46220229009632996,0.8058798502714787
Politics,30d,720.0,all,55,57.5,55-60,19,11,0.5789473684210527,0.5768421052631578,0.002105263157894832,0.36275551465160105,0.7685837960796962
Politics,30d,720.0,all,60,62.5,60-65,17,10,0.5882352941176471,0.62,-0.03176470588235292,0.36005074385515545,0.7838921396086862
Politics,30d,720.0,all,65,67.5,65-70,26,20,0.7692307692307693,0.675,0.09423076923076923,0.5794807424804321,0.8896630031632332
Politics,30d,720.0,all,70,72.5,70-75,25,21,0.84,0.7184,0.12159999999999993,0.6534598601976183,0.9359665239142201
Politics,30d,720.0,all,75,77.5,75-80,34,24,0.7058823529411765,0.7679411764705882,-0.06205882352941172,0.5383077411853625,0.8316554739006805
Politics,30d,720.0,all,80,82.5,80-85,44,36,0.8181818181818182,0.8213636363636364,-0.0031818181818181746,0.6803916324485767,0.9048730744174144
Politics,30d,720.0,all,85,87.5,85-90,63,62,0.9841269841269841,0.870952380952381,0.11317460317460304,0.9154127455383438,0.9971925780924489
Politics,30d,720.0,all,90,92.5,90-95,51,50,0.9803921568627451,0.9203921568627451,0.05999999999999994,0.8969519232441061,0.9965303967465577
Politics,30d,720.0,all,95,97.5,95-100,231,223,0.9653679653679653,0.9785714285714286,-0.013203463203463328,0.9331616173884169,0.9823490928094355
Politics,30d,720.0,<=1h,0,2.5,0-5,27,0,0.0,0.021111111111111112,-0.021111111111111112,6.938893903907228e-18,0.12455903714463581
Politics,30d,720.0,<=1h,5,7.5,5-10,11,0,0.0,0.06545454545454546,-0.06545454545454546,2.7755575615628914e-17,0.2588400172488141
Politics,30d,720.0,<=1h,10,12.5,10-15,15,2,0.13333333333333333,0.11866666666666667,0.014666666666666661,0.0373604698913593,0.3788249920651624
Politics,30d,720.0,<=1h,15,17.5,15-20,9,1,0.1111111111111111,0.17,-0.05888888888888891,0.019890371327130535,0.4350062147680601
Politics,30d,720.0,<=1h,20,22.5,20-25,11,1,0.09090909090909091,0.22,-0.1290909090909091,0.01623175226282597,0.3773646254862038
Politics,30d,720.0,<=1h,25,27.5,25-30,5,1,0.2,0.268,-0.068,0.03622316096978745,0.6244717358814613
Politics,30d,720.0,<=1h,30,32.5,30-35,6,2,0.3333333333333333,0.32166666666666666,0.011666666666666659,0.09676933255921683,0.7000116786584712
Politics,30d,720.0,<=1h,35,37.5,35-40,5,2,0.4,0.368,0.03200000000000003,0.1176182311592533,0.769280067791163
Politics,30d,720.0,<=1h,40,42.5,40-45,5,2,0.4,0.414,-0.013999999999999957,0.1176182311592533,0.769280067791163
Politics,30d,720.0,<=1h,45,47.5,45-50,4,1,0.25,0.4775,-0.22749999999999998,0.045586062644636216,0.6993639475573634
Politics,30d,720.0,<=1h,50,52.5,50-55,8,5,0.625,0.52375,0.10124999999999995,0.30573785458380187,0.863158240538479
Politics,30d,720.0,<=1h,55,57.5,55-60,4,3,0.75,0.5775,0.1725,0.3006360524426366,0.9544139373553637
Politics,30d,720.0,<=1h,60,62.5,60-65,5,2,0.4,0.62,-0.21999999999999997,0.1176182311592533,0.769280067791163
Politics,30d,720.0,<=1h,65,67.5,65-70,4,3,0.75,0.6725,0.07750000000000001,0.3006360524426366,0.9544139373553637
Politics,30d,720.0,<=1h,70,72.5,70-75,9,6,0.6666666666666666,0.7111111111111111,-0.04444444444444451,0.35419734749908977,0.879418401317257
Politics,30d,720.0,<=1h,75,77.5,75-80,4,3,0.75,0.7675,-0.01749999999999996,0.3006360524426366,0.9544139373553637
Politics,30d,720.0,<=1h,80,82.5,80-85,13,10,0.7692307692307693,0.8207692307692308,-0.05153846153846153,0.49743126004873084,0.918206209075343
Politics,30d,720.0,<=1h,85,87.5,85-90,9,9,1.0,0.8755555555555555,0.12444444444444447,0.7008472464490407,1.0
Politics,30d,720.0,<=1h,90,92.5,90-95,6,6,1.0,0.91,0.08999999999999997,0.6096569663469354,0.9999999999999999
Politics,30d,720.0,<=1h,95,97.5,95-100,30,30,1.0,0.9776666666666667,0.022333333333333316,0.8864829086095221,1.0
Politics,30d,720.0,<=6h,0,2.5,0-5,69,0,0.0,0.019855072463768116,-0.019855072463768116,0.0,0.05273909414400562
Politics,30d,720.0,<=6h,5,7.5,5-10,38,2,0.05263157894736842,0.06526315789473684,-0.012631578947368424,0.014553902448536798,0.17285766881068843
Politics,30d,720.0,<=6h,10,12.5,10-15,26,5,0.19230769230769232,0.11884615384615385,0.07346153846153847,0.08506935771788268,0.3787663615465
Politics,30d,720.0,<=6h,15,17.5,15-20,15,3,0.2,0.168,0.032,0.07047420643610414,0.4518593533465045
Politics,30d,720.0,<=6h,20,22.5,20-25,18,4,0.2222222222222222,0.21944444444444444,0.002777777777777768,0.09000781913382,0.4521502645230549
Politics,30d,720.0,<=6h,25,27.5,25-30,12,4,0.3333333333333333,0.27,0.0633333333333333,0.13811783989736134,0.609382412602386
Politics,30d,720.0,<=6h,30,32.5,30-35,12,4,0.3333333333333333,0.3183333333333333,0.015000000000000013,0.13811783989736134,0.609382412602386
Politics,30d,720.0,<=6h,35,37.5,35-40,11,6,0.5454545454545454,0.36363636363636365,0.18181818181818177,0.28008775568998817,0.7872904245601196
Politics,30d,720.0,<=6h,40,42.5,40-45,7,3,0.42857142857142855,0.4114285714285715,0.01714285714285707,0.15821692226262685,0.7495457695909742
Politics,30d,720.0,<=6h,45,47.5,45-50,10,7,0.7,0.46799999999999997,0.23199999999999998,0.39677321997956516,0.892210712513788
Politics,30d,720.0,<=6h,50,52.5,50-55,12,6,0.5,0.5216666666666666,-0.021666666666666612,0.2537781703934222,0.7462218296065778
Politics,30d,720.0,<=6h,55,57.5,55-60,9,5,0.5555555555555556,0.5766666666666667,-0.02111111111111108,0.2666473457440297,0.811224570528086
Politics,30d,720.0,<=6h,60,62.5,60-65,9,3,0.3333333333333333,0.62,-0.2866666666666667,0.12058159868274293,0.6458026525009102
Politics,30d,720.0,<=6h,65,67.5,65-70,10,8,0.8,0.6709999999999999,0.12900000000000011,0.49015684672072335,0.9433190520193067
Politics,30d,720.0,<=6h,70,72.5,70-75,11,8,0.7272727272727273,0.7109090909090909,0.016363636363636358,0.4343497069897537,0.9025411942607853
Politics,30d,720.0,<=6h,75,77.5,75-80,10,9,0.9,0.769,0.131,0.5958436145024278,0.9821242504842788
Politics,30d,720.0,<=6h,80,82.5,80-85,20,13,0.65,0.82,-0.16999999999999993,0.43285051021946463,0.8188104521320554
Politics,30d,720.0,<=6h,85,87.5,85-90,19,19,1.0,0.8721052631578948,0.12789473684210517,0.8318156346315496,1.0
Politics,30d,720.0,<=6h,90,92.5,90-95,17,17,1.0,0.9170588235294117,0.0829411764705883,0.8156763396284354,1.0
Politics,30d,720.0,<=6h,95,97.5,95-100,47,47,1.0,0.9761702127659575,0.0238297872340425,0.9244398288016114,1.0
Politics,30d,720.0,<=24h,0,2.5,0-5,182,0,0.0,0.019175824175824176,-0.019175824175824176,0.0,0.020671367444102935
Politics,30d,720.0,<=24h,5,7.5,5-10,60,2,0.03333333333333333,0.064,-0.03066666666666667,0.009189126490150246,0.11363987528925378
Politics,30d,720.0,<=24h,10,12.5,10-15,45,8,0.17777777777777778,0.11933333333333333,0.05844444444444445,0.0929427892585383,0.3133010684365414
Politics,30d,720.0,<=24h,15,17.5,15-20,26,5,0.19230769230769232,0.17115384615384616,0.021153846153846162,0.08506935771788268,0.3787663615465
Politics,30d,720.0,<=24h,20,22.5,20-25,30,6,0.2,0.22,-0.01999999999999999,0.09504978102401235,0.37306047381027446
Politics,30d,720.0,<=24h,25,27.5,25-30,22,7,0.3181818181818182,0.2690909090909091,0.049090909090909074,0.1636038735469248,0.5268177721716065
Politics,30d,720.0,<=24h,30,32.5,30-35,21,7,0.3333333333333333,0.31761904761904763,0.01571428571428568,0.17194536432683688,0.5462692434278971
Politics,30d,720.0,<=24h,35,37.5,35-40,19,8,0.42105263157894735,0.36526315789473685,0.0557894736842105,0.2314162039203038,0.6372444853483988
Politics,30d,720.0,<=24h,40,42.5,40-45,12,4,0.3333333333333333,0.41583333333333333,-0.08250000000000002,0.13811783989736134,0.609382412602386
Politics,30d,720.0,<=24h,45,47.5,45-50,15,8,0.5333333333333333,0.4653333333333333,0.068,0.3011663015105079,0.7519077474025355
Politics,30d,720.0,<=24h,50,52.5,50-55,18,11,0.6111111111111112,0.5233333333333333,0.08777777777777784,0.3861866858065617,0.7969500807306884
Politics,30d,720.0,<=24h,55,57.5,55-60,11,5,0.45454545454545453,0.5754545454545454,-0.12090909090909091,0.21270957543988045,0.7199122443100118
Politics,30d,720.0,<=24h,60,62.5,60-65,9,3,0.3333333333333333,0.62,-0.2866666666666667,0.12058159868274293,0.6458026525009102
Politics,30d,720.0,<=24h,65,67.5,65-70,17,12,0.7058823529411765,0.6723529411764706,0.03352941176470592,0.468664666737861,0.8672020613444361
Politics,30d,720.0,<=24h,70,72.5,70-75,19,15,0.7894736842105263,0.7163157894736842,0.07315789473684209,0.5666528575973392,0.9149246150840843
Politics,30d,720.0,<=24h,75,77.5,75-80,18,14,0.7777777777777778,0.7683333333333333,0.009444444444444478,0.5478497354769452,0.90999218086618
Politics,30d,720.0,<=24h,80,82.5,80-85,26,19,0.7307692307692307,0.8203846153846154,-0.08961538461538465,0.5391659658023868,0.8629572447493261
Politics,30d,720.0,<=24h,85,87.5,85-90,31,31,1.0,0.8729032258064516,0.12709677419354837,0.889740999265246,0.9999999999999999
Politics,30d,720.0,<=24h,90,92.5,90-95,28,27,0.9642857142857143,0.9210714285714287,0.04321428571428565,0.8228742388150135,0.9936676435024582
Politics,30d,720.0,<=24h,95,97.5,95-100,92,85,0.9239130434782609,0.9742391304347826,-0.05032608695652174,0.8511859253416171,0.9626569153455166
Politics,7d,168.0,all,0,2.5,0-5,1300,3,0.002307692307692308,0.013776923076923077,-0.01146923076923077,0.0007851129927413294,0.0067630431636506744
Politics,7d,168.0,all,5,7.5,5-10,157,12,0.07643312101910828,0.0673248407643312,0.00910828025477707,0.04426062501130635,0.12883887163632712
Politics,7d,168.0,all,10,12.5,10-15,102,9,0.08823529411764706,0.11833333333333335,-0.03009803921568628,0.047115025691464585,0.15924617822079679
Politics,7d,168.0,all,15,17.5,15-20,81,8,0.09876543209876543,0.17098765432098767,-0.07222222222222224,0.05089950757441662,0.1829668975853163
Politics,7d,168.0,all,20,22.5,20-25,78,20,0.2564102564102564,0.21807692307692306,0.03833333333333333,0.1725530857155662,0.36313536612310743
Politics,7d,168.0,all,25,27.5,25-30,70,22,0.3142857142857143,0.26771428571428574,0.04657142857142854,0.21762136964668138,0.4302735838754525
Politics,7d,168.0,all,30,32.5,30-35,45,17,0.37777777777777777,0.31666666666666665,0.061111111111111116,0.25107885298349863,0.5237032999353246
Politics,7d,168.0,all,35,37.5,35-40,43,16,0.37209302325581395,0.36627906976744184,0.005813953488372103,0.2437613889377433,0.5214046173472684
Politics,7d,168.0,all,40,42.5,40-45,45,20,0.4444444444444444,0.4168888888888889,0.0275555555555555,0.30938708549039107,0.5882411658363468
Politics,7d,168.0,all,45,47.5,45-50,49,23,0.46938775510204084,0.4708163265306123,-0.0014285714285714457,0.33703281897894777,0.6061937298008014
Politics,7d,168.0,all,50,52.5,50-55,31,16,0.5161290322580645,0.52,-0.003870967741935516,0.34840118286973176,0.6803001396872117
Politics,7d,168.0,all,55,57.5,55-60,42,26,0.6190476190476191,0.5657142857142857,0.053333333333333344,0.46813768219996377,0.7500047910121407
Politics,7d,168.0,all,60,62.5,60-65,50,29,0.58,0.6218,-0.04180000000000006,0.4423319668777783,0.7062520276543307
Politics,7d,168.0,all,65,67.5,65-70,63,36,0.5714285714285714,0.6701587301587302,-0.09873015873015878,0.44861395082594024,0.6860327362671276
Politics,7d,168.0,all,70,72.5,70-75,72,37,0.5138888888888888,0.7201388888888889,-0.20625000000000004,0.40069555910198956,0.625675192569916
Politics,7d,168.0,all,75,77.5,75-80,63,47,0.746031746031746,0.7671428571428571,-0.02111111111111108,0.6265857791515483,0.8371972541690185
Politics,7d,168.0,all,80,82.5,80-85,61,49,0.8032786885245902,0.8185245901639344,-0.01524590163934425,0.6868982151122219,0.8837231144046315
Politics,7d,168.0,all,85,87.5,85-90,63,58,0.9206349206349206,0.8668253968253968,0.05380952380952375,0.8272947198845853,0.9656246596634805
Politics,7d,168.0,all,90,92.5,90-95,81,70,0.8641975308641975,0.9214814814814816,-0.057283950617284085,0.7729674087144436,0.9224461619867217
Politics,7d,168.0,all,95,97.5,95-100,451,446,0.9889135254988913,0.9811751662971175,0.007738359201773792,0.9743127557515371,0.9952555511051796
Politics,7d,168.0,<=1h,0,2.5,0-5,83,0,0.0,0.021204819277108437,-0.021204819277108437,3.469446951953614e-18,0.04423686343872062
Politics,7d,168.0,<=1h,5,7.5,5-10,35,2,0.05714285714285714,0.06942857142857144,-0.012285714285714296,0.015812829614043955,0.1860738073937003
Politics,7d,168.0,<=1h,10,12.5,10-15,19,1,0.05263157894736842,0.12263157894736842,-0.07,0.009351752490529969,0.2463921533654521
Politics,7d,168.0,<=1h,15,17.5,15-20,22,1,0.045454545454545456,0.17045454545454547,-0.125,0.008069219301147859,0.21798489499518053
Politics,7d,168.0,<=1h,20,22.5,20-25,29,8,0.27586206896551724,0.22068965517241382,0.05517241379310342,0.1469858133850274,0.4571747634443597
Politics,7d,168.0,<=1h,25,27.5,25-30,28,8,0.2857142857142857,0.2675,0.018214285714285683,0.15253815848329969,0.470596357370175
Politics,7d,168.0,<=1h,30,32.5,30-35,20,9,0.45,0.321,0.129,0.25819502085709295,0.6579179916924003
Politics,7d,168.0,<=1h,35,37.5,35-40,10,4,0.4,0.368,0.03200000000000003,0.16817758120350967,0.6873304525498135
Politics,7d,168.0,<=1h,40,42.5,40-45,21,13,0.6190476190476191,0.4147619047619047,0.20428571428571435,0.40878295815501514,0.7924923220201749
Politics,7d,168.0,<=1h,45,47.5,45-50,12,9,0.75,0.4716666666666666,0.2783333333333334,0.46768966087934005,0.9110599603710386
Politics,7d,168.0,<=1h,50,52.5,50-55,7,4,0.5714285714285714,0.5142857142857143,0.05714285714285705,0.2504542304090258,0.8417830777373732
Politics,7d,168.0,<=1h,55,57.5,55-60,18,14,0.7777777777777778,0.5638888888888889,0.2138888888888889,0.5478497354769452,0.90999218086618
Politics,7d,168.0,<=1h,60,62.5,60-65,20,9,0.45,0.625,-0.175,0.25819502085709295,0.6579179916924003
Politics,7d,168.0,<=1h,65,67.5,65-70,24,16,0.6666666666666666,0.6725,-0.005833333333333357,0.4670595949408046,0.8202802131162036
Politics,7d,168.0,<=1h,70,72.5,70-75,16,11,0.6875,0.71625,-0.028750000000000053,0.4440393186673406,0.8583556494803894
Politics,7d,168.0,<=1h,75,77.5,75-80,18,12,0.6666666666666666,0.7677777777777777,-0.10111111111111104,0.4374906934425036,0.8372144563633714
Politics,7d,168.0,<=1h,80,82.5,80-85,17,14,0.8235294117647058,0.8205882352941177,0.002941176470588114,0.5897007098262422,0.9380898628745101
Politics,7d,168.0,<=1h,85,87.5,85-90,16,16,1.0,0.865,0.135,0.8063865817272802,1.0
Politics,7d,168.0,<=1h,90,92.5,90-95,21,16,0.7619047619047619,0.9214285714285714,-0.1595238095238095,0.5490841802765406,0.8937214361088773
Politics,7d,168.0,<=1h,95,97.5,95-100,44,44,1.0,0.9736363636363636,0.026363636363636367,0.9197016822179859,0.9999999999999999
Politics,7d,168.0,<=6h,0,2.5,0-5,168,0,0.0,0.01958333333333333,-0.01958333333333333,0.0,0.02235547155054422
Politics,7d,168.0,<=6h,5,7.5,5-10,65,7,0.1076923076923077,0.07046153846153846,0.037230769230769234,0.05315354431925605,0.20601533031468616
Politics,7d,168.0,<=6h,10,12.5,10-15,37,2,0.05405405405405406,0.11837837837837839,-0.06432432432432433,0.01495066277053994,0.1770496506353991
Politics,7d,168.0,<=6h,15,17.5,15-20,49,2,0.04081632653061224,0.17183673469387756,-0.13102040816326532,0.011265396927928273,0.13713283476831106
Politics,7d,168.0,<=6h,20,22.5,20-25,42,11,0.2619047619047619,0.21833333333333332,0.043571428571428594,0.15302485372603591,0.41069019984975563
Politics,7d,168.0,<=6h,25,27.5,25-30,51,16,0.3137254901960784,0.2670588235294118,0.046666666666666634,0.20327509667785154,0.45027257516250324
Politics,7d,168.0,<=6h,30,32.5,30-35,29,11,0.3793103448275862,0.3179310344827586,0.061379310344827576,0.22687795730867344,0.5599777379071503
Politics,7d,168.0,<=6h,35,37.5,35-40,25,11,0.44,0.36719999999999997,0.07280000000000003,0.2666537494700256,0.6293298298043557
Politics,7d,168.0,<=6h,40,42.5,40-45,31,15,0.4838709677419355,0.41516129032258065,0.06870967741935485,0.3196998603127883,0.6515988171302683
Politics,7d,168.0,<=6h,45,47.5,45-50,28,16,0.5714285714285714,0.4714285714285715,0.09999999999999992,0.390704789856154,0.7349170381926877
Politics,7d,168.0,<=6h,50,52.5,50-55,18,8,0.4444444444444444,0.5238888888888888,-0.07944444444444443,0.24559231101389126,0.6628393057174837
Politics,7d,168.0,<=6h,55,57.5,55-60,30,19,0.6333333333333333,0.5666666666666667,0.06666666666666665,0.45513246433604937,0.7812629779598231
Politics,7d,168.0,<=6h,60,62.5,60-65,33,18,0.5454545454545454,0.6233333333333334,-0.07787878787878799,0.3798565794374957,0.701573108741085
Politics,7d,168.0,<=6h,65,67.5,65-70,44,27,0.6136363636363636,0.6706818181818182,-0.05704545454545451,0.46623309846201666,0.7427900111329802
Politics,7d,168.0,<=6h,70,72.5,70-75,44,23,0.5227272727272727,0.7188636363636364,-0.19613636363636366,0.379352201361717,0.6624524205572824
Politics,7d,168.0,<=6h,75,77.5,75-80,37,26,0.7027027027027027,0.7683783783783784,-0.06567567567567567,0.5421656082795643,0.825106976535918
Politics,7d,168.0,<=6h,80,82.5,80-85,35,29,0.8285714285714286,0.8220000000000001,0.006571428571428561,0.6731739236041119,0.9189747005514328
Politics,7d,168.0,<=6h,85,87.5,85-90,27,26,0.9629629629629629,0.8655555555555555,0.09740740740740739,0.8171614606584348,0.9934320234669025
Politics,7d,168.0,<=6h,90,92.5,90-95,34,26,0.7647058823529411,0.9217647058823529,-0.1570588235294118,0.6000353719173557,0.8756316189075566
Politics,7d,168.0,<=6h,95,97.5,95-100,109,109,1.0,0.9775229357798164,0.022477064220183585,0.9659558177126165,0.9999999999999999
Politics,7d,168.0,<=24h,0,2.5,0-5,319,2,0.006269592476489028,0.017962382445141065,-0.011692789968652037,0.0017209995305411223,0.02256831138849781
Politics,7d,168.0,<=24h,5,7.5,5-10,96,10,0.10416666666666667,0.06885416666666667,0.0353125,0.0575709119553797,0.1812233381367663
Politics,7d,168.0,<=24h,10,12.5,10-15,62,8,0.12903225806451613,0.11919354838709678,0.009838709677419344,0.06685798258498754,0.23449556896904517
Politics,7d,168.0,<=24h,15,17.5,15-20,62,3,0.04838709677419355,0.17161290322580644,-0.1232258064516129,0.016591385000846108,0.13288250384754152
Politics,7d,168.0,<=24h,20,22.5,20-25,61,15,0.2459016393442623,0.21754098360655738,0.02836065573770491,0.15506522999562844,0.36684662905781873
Politics,7d,168.0,<=24h,25,27.5,25-30,62,18,0.2903225806451613,0.2667741935483871,0.023548387096774204,0.19223406385395198,0.4128788131113709
Politics,7d,168.0,<=24h,30,32.5,30-35,38,15,0.39473684210526316,0.3173684210526316,0.07736842105263159,0.25597859263618905,0.5528241300130403
Politics,7d,168.0,<=24h,35,37.5,35-40,35,13,0.37142857142857144,0.366,0.005428571428571449,0.23165607368891059,0.5366335951197893
Politics,7d,168.0,<=24h,40,42.5,40-45,41,20,0.4878048780487805,0.4165853658536585,0.07121951219512196,0.3425418723993569,0.6351574068413481
Politics,7d,168.0,<=24h,45,47.5,45-50,40,19,0.475,0.4715,0.003500000000000003,0.32935229550181694,0.6250289314607027
Politics,7d,168.0,<=24h,50,52.5,50-55,26,13,0.5,0.5215384615384615,-0.021538461538461506,0.32060306315002074,0.6793969368499793
Politics,7d,168.0,<=24h,55,57.5,55-60,37,23,0.6216216216216216,0.5662162162162162,0.055405405405405395,0.4610014255281996,0.7593621253610898
Politics,7d,168.0,<=24h,60,62.5,60-65,42,22,0.5238095238095238,0.6223809523809524,-0.09857142857142853,0.3772221394020704,0.6664063552403504
Politics,7d,168.0,<=24h,65,67.5,65-70,60,35,0.5833333333333334,0.6706666666666666,-0.08733333333333326,0.45727854313239624,0.6993591351212818
Politics,7d,168.0,<=24h,70,72.5,70-75,64,31,0.484375,0.71890625,-0.23453124999999997,0.36633348565783896,0.6041860775600096
Politics,7d,168.0,<=24h,75,77.5,75-80,46,34,0.7391304347826086,0.7684782608695652,-0.02934782608695652,0.5974057019172069,0.8439926480555066
Politics,7d,168.0,<=24h,80,82.5,80-85,51,41,0.803921568627451,0.8198039215686275,-0.01588235294117646,0.6754165732550456,0.8898477516370072
Politics,7d,168.0,<=24h,85,87.5,85-90,44,41,0.9318181818181818,0.8652272727272726,0.06659090909090915,0.8177467866338279,0.9765410298271597
Politics,7d,168.0,<=24h,90,92.5,90-95,63,53,0.8412698412698413,0.9228571428571429,-0.08158730158730165,0.7318819237681832,0.9114300256764741
Politics,7d,168.0,<=24h,95,97.5,95-100,213,212,0.9953051643192489,0.9776525821596245,0.017652582159624397,0.9738897334907749,0.9991707862618927
Politics,3d,72.0,all,0,2.5,0-5,1513,4,0.0026437541308658294,0.013998678122934568,-0.011354923992068739,0.0010285532655914778,0.006778194650604913
Politics,3d,72.0,all,5,7.5,5-10,205,10,0.04878048780487805,0.06541463414634147,-0.016634146341463416,0.02670908340599352,0.08745207988714347
Politics,3d,72.0,all,10,12.5,10-15,148,16,0.10810810810810811,0.11817567567567569,-0.010067567567567576,0.06764686156864927,0.16839912319441966
Politics,3d,72.0,all,15,17.5,15-20,81,17,0.20987654320987653,0.16814814814814813,0.0417283950617284,0.1353706249001661,0.3106558526768715
Politics,3d,72.0,all,20,22.5,20-25,110,27,0.24545454545454545,0.2159090909090909,0.02954545454545454,0.17452312248223445,0.33356530916313953
Politics,3d,72.0,all,25,27.5,25-30,80,23,0.2875,0.27149999999999996,0.016000000000000014,0.19986786008396254,0.3946055278284818
Politics,3d,72.0,all,30,32.5,30-35,88,32,0.36363636363636365,0.32125,0.042386363636363666,0.27079145605030686,0.4678890547421881
Politics,3d,72.0,all,35,37.5,35-40,65,21,0.3230769230769231,0.3658461538461538,-0.042769230769230726,0.22203729362311722,0.4438623949372881
Politics,3d,72.0,all,40,42.5,40-45,68,32,0.47058823529411764,0.4202941176470588,0.05029411764705882,0.3567291108779441,0.5875928418625294
Politics,3d,72.0,all,45,47.5,45-50,59,34,0.576271186440678,0.46694915254237285,0.10932203389830514,0.4493425547283663,0.6938746771689757
Politics,3d,72.0,all,50,52.5,50-55,57,35,0.6140350877192983,0.5168421052631579,0.09719298245614039,0.484294964443229,0.7293746300447528
Politics,3d,72.0,all,55,57.5,55-60,77,41,0.5324675324675324,0.5679220779220779,-0.035454545454545516,0.4221482516277276,0.6397010932640111
Politics,3d,72.0,all,60,62.5,60-65,85,56,0.6588235294117647,0.6191764705882352,0.03964705882352948,0.5531293986319203,0.7507822823823793
Politics,3d,72.0,all,65,67.5,65-70,116,73,0.6293103448275862,0.6681896551724138,-0.03887931034482761,0.5385910533249667,0.7117393828507852
Politics,3d,72.0,all,70,72.5,70-75,79,52,0.6582278481012658,0.720379746835443,-0.06215189873417726,0.548488933568034,0.7532918142688015
Politics,3d,72.0,all,75,77.5,75-80,86,64,0.7441860465116279,0.7675581395348837,-0.023372093023255824,0.642918949392298,0.8245704987030165
Politics,3d,72.0,all,80,82.5,80-85,82,65,0.7926829268292683,0.814390243902439,-0.02170731707317064,0.6928322530568152,0.8663371939246018
Politics,3d,72.0,all,85,87.5,85-90,64,55,0.859375,0.86671875,-0.007343749999999982,0.7538349160536257,0.9242151299358556
Politics,3d,72.0,all,90,92.5,90-95,96,88,0.9166666666666666,0.9192708333333333,-0.0026041666666666297,0.8440993218899774,0.9571698885393426
Politics,3d,72.0,all,95,97.5,95-100,604,596,0.9867549668874173,0.9823013245033113,0.004453642384105949,0.9740836157261278,0.993273669461329
Politics,3d,72.0,<=1h,0,2.5,0-5,118,0,0.0,0.019152542372881356,-0.019152542372881356,0.0,0.03152946120208532
Politics,3d,72.0,<=1h,5,7.5,5-10,40,1,0.025,0.06475,-0.03975,0.0044267174077949195,0.1288165948800778
Politics,3d,72.0,<=1h,10,12.5,10-15,32,6,0.1875,0.1196875,0.0678125,0.08889423936162782,0.3530949575492244
Politics,3d,72.0,<=1h,15,17.5,15-20,24,5,0.20833333333333334,0.1716666666666667,0.03666666666666665,0.0924468910478809,0.40470844485235474
Politics,3d,72.0,<=1h,20,22.5,20-25,33,11,0.3333333333333333,0.21484848484848484,0.11848484848484847,0.19750029467803698,0.5039241820005003
Politics,3d,72.0,<=1h,25,27.5,25-30,28,9,0.32142857142857145,0.27071428571428574,0.05071428571428571,0.1793304754342074,0.5066149544436882
Politics,3d,72.0,<=1h,30,32.5,30-35,32,11,0.34375,0.32125,0.02250000000000002,0.20410233354328552,0.5168922649121406
Politics,3d,72.0,<=1h,35,37.5,35-40,17,5,0.29411764705882354,0.3635294117647059,-0.06941176470588234,0.13279793865556402,0.5313353332621391
Politics,3d,72.0,<=1h,40,42.5,40-45,19,13,0.6842105263157895,0.4226315789473684,0.2615789473684211,0.4601001017506463,0.846358289955714
Politics,3d,72.0,<=1h,45,47.5,45-50,18,14,0.7777777777777778,0.46888888888888886,0.30888888888888894,0.5478497354769452,0.90999218086618
Politics,3d,72.0,<=1h,50,52.5,50-55,27,17,0.6296296296296297,0.5166666666666666,0.11296296296296304,0.442289046234463,0.7846771293206314
Politics,3d,72.0,<=1h,55,57.5,55-60,30,14,0.4666666666666667,0.568,-0.10133333333333328,0.30232127224128236,0.6385798671847496
Politics,3d,72.0,<=1h,60,62.5,60-65,32,21,0.65625,0.616875,0.03937500000000005,0.4831077350878594,0.7958976664567146
Politics,3d,72.0,<=1h,65,67.5,65-70,27,20,0.7407407407407407,0.6703703703703704,0.0703703703703703,0.553210695973843,0.8682979157713322
Politics,3d,72.0,<=1h,70,72.5,70-75,22,11,0.5,0.7213636363636364,-0.22136363636363643,0.3072180469247956,0.6927819530752044
Politics,3d,72.0,<=1h,75,77.5,75-80,19,16,0.8421052631578947,0.7684210526315789,0.0736842105263158,0.6243407235682331,0.9447962896007217
Politics,3d,72.0,<=1h,80,82.5,80-85,25,23,0.92,0.8144,0.10560000000000003,0.7503348787704218,0.977780066308908
Politics,3d,72.0,<=1h,85,87.5,85-90,21,18,0.8571428571428571,0.8671428571428571,-0.010000000000000009,0.6536350585077049,0.950190782017865
Politics,3d,72.0,<=1h,90,92.5,90-95,21,20,0.9523809523809523,0.9204761904761906,0.03190476190476177,0.7733018341376452,0.9915442305280766
Politics,3d,72.0,<=1h,95,97.5,95-100,79,79,1.0,0.9787341772151898,0.02126582278481015,0.9536271631644004,1.0
Politics,3d,72.0,<=6h,0,2.5,0-5,230,1,0.004347826086956522,0.019217391304347825,-0.014869565217391304,0.0007678910476641258,0.024213121740479644
Politics,3d,72.0,<=6h,5,7.5,5-10,85,4,0.047058823529411764,0.06552941176470588,-0.018470588235294114,0.018449962264952775,0.11483894743500761
Politics,3d,72.0,<=6h,10,12.5,10-15,61,7,0.11475409836065574,0.11852459016393442,-0.0037704918032786805,0.0567113064337431,0.2184453830989026
Politics,3d,72.0,<=6h,15,17.5,15-20,47,11,0.23404255319148937,0.17148936170212767,0.0625531914893617,0.13603136423924592,0.3722453225684077
Politics,3d,72.0,<=6h,20,22.5,20-25,66,17,0.25757575757575757,0.21606060606060606,0.041515151515151505,0.16748707345896682,0.37433327429938923
Politics,3d,72.0,<=6h,25,27.5,25-30,59,18,0.3050847457627119,0.2711864406779661,0.03389830508474578,0.20253473477602124,0.4314656725974384
Politics,3d,72.0,<=6h,30,32.5,30-35,55,17,0.3090909090909091,0.3207272727272727,-0.011636363636363611,0.20282124520577244,0.4402883915138273
Politics,3d,72.0,<=6h,35,37.5,35-40,36,13,0.3611111111111111,0.36583333333333334,-0.004722222222222239,0.2247538679218132,0.5242521960916802
Politics,3d,72.0,<=6h,40,42.5,40-45,34,19,0.5588235294117647,0.42294117647058826,0.13588235294117645,0.3945361778918369,0.7111675978470325
Politics,3d,72.0,<=6h,45,47.5,45-50,36,22,0.6111111111111112,0.46611111111111114,0.14500000000000002,0.4486417029674347,0.7521534458217705
Politics,3d,72.0,<=6h,50,52.5,50-55,39,26,0.6666666666666666,0.5171794871794871,0.1494871794871795,0.5097710432024052,0.7936723389308484
Politics,3d,72.0,<=6h,55,57.5,55-60,53,28,0.5283018867924528,0.5675471698113208,-0.03924528301886798,0.3965985230075645,0.6561797239101858
Politics,3d,72.0,<=6h,60,62.5,60-65,61,41,0.6721311475409836,0.6190163934426229,0.05311475409836064,0.5472157118133126,0.7766504481827393
Politics,3d,72.0,<=6h,65,67.5,65-70,62,40,0.6451612903225806,0.6695161290322581,-0.024354838709677473,0.5208089986340214,0.7525743942361396
Politics,3d,72.0,<=6h,70,72.5,70-75,47,28,0.5957446808510638,0.7208510638297873,-0.12510638297872345,0.45341868236312644,0.7236017103861182
Politics,3d,72.0,<=6h,75,77.5,75-80,39,26,0.6666666666666666,0.7687179487179487,-0.10205128205128211,0.5097710432024052,0.7936723389308484
Politics,3d,72.0,<=6h,80,82.5,80-85,44,37,0.8409090909090909,0.8138636363636365,0.027045454545454484,0.7063350943621745,0.920734234422816
Politics,3d,72.0,<=6h,85,87.5,85-90,31,27,0.8709677419354839,0.8664516129032258,0.004516129032258065,0.7114724304561464,0.9486579883535524
Politics,3d,72.0,<=6h,90,92.5,90-95,40,37,0.925,0.9185,0.006500000000000061,0.8013546984090248,0.9741644432281419
Politics,3d,72.0,<=6h,95,97.5,95-100,176,172,0.9772727272727273,0.9798295454545455,-0.002556818181818188,0.9430281041261744,0.9911272859504262
Politics,3d,72.0,<=24h,0,2.5,0-5,434,3,0.0069124423963133645,0.01792626728110599,-0.011013824884792623,0.002353539801602132,0.020123995453156664
Politics,3d,72.0,<=24h,5,7.5,5-10,127,7,0.05511811023622047,0.0668503937007874,-0.011732283464566923,0.026952431461022795,0.10940786984987524
Politics,3d,72.0,<=24h,10,12.5,10-15,101,13,0.12871287128712872,0.11851485148514852,0.010198019801980193,0.07678641606600466,0.2078486906092082
Politics,3d,72.0,<=24h,15,17.5,15-20,65,15,0.23076923076923078,0.16892307692307693,0.061846153846153856,0.14513708450988846,0.3464493980820327
Politics,3d,72.0,<=24h,20,22.5,20-25,96,22,0.22916666666666666,0.2164583333333333,0.01270833333333335,0.15648804837983807,0.32268696484110393
Politics,3d,72.0,<=24h,25,27.5,25-30,70,20,0.2857142857142857,0.27114285714285713,0.014571428571428569,0.1932207659180313,0.40050418045366165
Politics,3d,72.0,<=24h,30,32.5,30-35,77,28,0.36363636363636365,0.3216883116883117,0.041948051948051956,0.26505270593089814,0.47518004552379856
Politics,3d,72.0,<=24h,35,37.5,35-40,54,17,0.3148148148148148,0.3655555555555556,-0.05074074074074075,0.2067911428909822,0.44743695591679633
Politics,3d,72.0,<=24h,40,42.5,40-45,61,28,0.45901639344262296,0.42114754098360657,0.03786885245901639,0.3401273088828912,0.5827617006418584
Politics,3d,72.0,<=24h,45,47.5,45-50,54,33,0.6111111111111112,0.4674074074074074,0.14370370370370378,0.47788056581508337,0.7295825749002496
Politics,3d,72.0,<=24h,50,52.5,50-55,52,33,0.6346153846153846,0.5169230769230769,0.11769230769230765,0.4987142858480117,0.7519948628869816
Politics,3d,72.0,<=24h,55,57.5,55-60,64,34,0.53125,0.5675,-0.036250000000000004,0.41071875000475133,0.6482421235595515
Politics,3d,72.0,<=24h,60,62.5,60-65,77,49,0.6363636363636364,0.6197402597402598,0.01662337662337654,0.5248199544762014,0.7349472940691019
Politics,3d,72.0,<=24h,65,67.5,65-70,99,65,0.6565656565656566,0.6686868686868687,-0.012121212121212088,0.5587543290447314,0.7426801099371592
Politics,3d,72.0,<=24h,70,72.5,70-75,67,42,0.6268656716417911,0.7202985074626865,-0.09343283582089545,0.5071518645751268,0.7328201292815902
Politics,3d,72.0,<=24h,75,77.5,75-80,72,54,0.75,0.7690277777777778,-0.019027777777777755,0.6390627413475594,0.8356107887467423
Politics,3d,72.0,<=24h,80,82.5,80-85,68,54,0.7941176470588235,0.8133823529411766,-0.019264705882353073,0.6835749340049412,0.8732055385903238
Politics,3d,72.0,<=24h,85,87.5,85-90,50,42,0.84,0.8676,-0.02760000000000007,0.7148551903823401,0.9166267863791231
Politics,3d,72.0,<=24h,90,92.5,90-95,67,62,0.9253731343283582,0.9192537313432836,0.006119402985074629,0.8369075523798613,0.967704427022072
Politics,3d,72.0,<=24h,95,97.5,95-100,288,282,0.9791666666666666,0.9802777777777777,-0.0011111111111110628,0.9553006110478205,0.990417888302512
Politics,1d,24.0,all,0,2.5,0-5,1842,9,0.004885993485342019,0.013387622149837132,-0.008501628664495112,0.0025726421811716076,0.009260225817902635
Politics,1d,24.0,all,5,7.5,5-10,230,14,0.06086956521739131,0.0658695652173913,-0.0049999999999999975,0.03660110069194115,0.099566287830888
Politics,1d,24.0,all,10,12.5,10-15,132,8,0.06060606060606061,0.11530303030303031,-0.0546969696969697,0.031026512547256788,0.11503772697877941
Politics,1d,24.0,all,15,17.5,15-20,83,10,0.12048192771084337,0.16759036144578313,-0.04710843373493975,0.06677618440538881,0.2077650492890618
Politics,1d,24.0,all,20,22.5,20-25,96,20,0.20833333333333334,0.2171875,-0.008854166666666663,0.13910723657424498,0.30000431612523104
Politics,1d,24.0,all,25,27.5,25-30,105,22,0.20952380952380953,0.2714285714285714,-0.06190476190476188,0.1426344996383833,0.29691802439654447
Politics,1d,24.0,all,30,32.5,30-35,125,37,0.296,0.31784,-0.021840000000000026,0.22302390784930143,0.38114120652369604
Politics,1d,24.0,all,35,37.5,35-40,102,45,0.4411764705882353,0.3688235294117647,0.07235294117647056,0.3486917254481499,0.5379313036821732
Politics,1d,24.0,all,40,42.5,40-45,94,39,0.4148936170212766,0.41734042553191486,-0.0024468085106382764,0.32054873736395484,0.5159216392447679
Politics,1d,24.0,all,45,47.5,45-50,102,46,0.45098039215686275,0.46931372549019607,-0.018333333333333313,0.35794458285356257,0.5475746080883734
Politics,1d,24.0,all,50,52.5,50-55,86,43,0.5,0.5181395348837209,-0.018139534883720887,0.39660790465524204,0.603392095344758
Politics,1d,24.0,all,55,57.5,55-60,132,73,0.553030303030303,0.5687121212121212,-0.01568181818181824,0.4679081278549537,0.6351530846160418
Politics,1d,24.0,all,60,62.5,60-65,122,66,0.5409836065573771,0.6214754098360656,-0.08049180327868855,0.4526571969934354,0.6268077812013746
Politics,1d,24.0,all,65,67.5,65-70,138,69,0.5,0.6673188405797101,-0.16731884057971014,0.4177143195324772,0.5822856804675228
Politics,1d,24.0,all,70,72.5,70-75,127,79,0.6220472440944882,0.7193700787401575,-0.09732283464566927,0.5353033403327326,0.7016243646173751
Politics,1d,24.0,all,75,77.5,75-80,113,78,0.6902654867256637,0.7685840707964602,-0.0783185840707965,0.5999350263379167,0.7680845831162503
Politics,1d,24.0,all,80,82.5,80-85,99,83,0.8383838383838383,0.8207070707070707,0.017676767676767624,0.7534859492631247,0.8980013866009613
Politics,1d,24.0,all,85,87.5,85-90,89,76,0.8539325842696629,0.8704494382022472,-0.016516853932584286,0.7659688971390856,0.9126062243581742
Politics,1d,24.0,all,90,92.5,90-95,130,126,0.9692307692307692,0.919923076923077,0.049307692307692275,0.9235543553908409,0.9879709102963595
Politics,1d,24.0,all,95,97.5,95-100,816,810,0.9926470588235294,0.9840563725490196,0.008590686274509873,0.9840513462051604,0.996625896813491
Politics,1d,24.0,<=1h,0,2.5,0-5,253,3,0.011857707509881422,0.016798418972332016,-0.004940711462450594,0.00404065983633348,0.034277120460939225
Politics,1d,24.0,<=1h,5,7.5,5-10,76,5,0.06578947368421052,0.06842105263157895,-0.0026315789473684292,0.02842611306337576,0.1449371461899458
Politics,1d,24.0,<=1h,10,12.5,10-15,43,2,0.046511627906976744,0.11744186046511627,-0.07093023255813953,0.012848990317319689,0.15455775923863058
Politics,1d,24.0,<=1h,15,17.5,15-20,40,6,0.15,0.16949999999999998,-0.01949999999999999,0.07061091708507435,0.2907262603902003
Politics,1d,24.0,<=1h,20,22.5,20-25,42,11,0.2619047619047619,0.21761904761904763,0.04428571428571429,0.15302485372603591,0.41069019984975563
Politics,1d,24.0,<=1h,25,27.5,25-30,48,11,0.22916666666666666,0.27020833333333333,-0.04104166666666667,0.13307691028989044,0.36539535908451154
Politics,1d,24.0,<=1h,30,32.5,30-35,73,22,0.3013698630136986,0.3187671232876712,-0.017397260273972592,0.2082244364335746,0.41437582175990395
Politics,1d,24.0,<=1h,35,37.5,35-40,47,21,0.44680851063829785,0.3687234042553192,0.07808510638297866,0.31410747474911305,0.5875478626124176
Politics,1d,24.0,<=1h,40,42.5,40-45,47,21,0.44680851063829785,0.4193617021276596,0.027446808510638243,0.31410747474911305,0.5875478626124176
Politics,1d,24.0,<=1h,45,47.5,45-50,61,24,0.39344262295081966,0.47065573770491803,-0.07721311475409837,0.28068166862043625,0.5188297561439126
Politics,1d,24.0,<=1h,50,52.5,50-55,46,24,0.5217391304347826,0.5197826086956522,0.0019565217391304124,0.38137172148151327,0.6587554012432788
Politics,1d,24.0,<=1h,55,57.5,55-60,81,45,0.5555555555555556,0.5687654320987654,-0.01320987654320982,0.44727379297278025,0.6588062432358722
Politics,1d,24.0,<=1h,60,62.5,60-65,56,30,0.5357142857142857,0.6216071428571428,-0.0858928571428571,0.4070395665724008,0.6598035659641625
Politics,1d,24.0,<=1h,65,67.5,65-70,76,33,0.4342105263157895,0.6684210526315789,-0.23421052631578942,0.32860752483199596,0.5461444841457801
Politics,1d,24.0,<=1h,70,72.5,70-75,63,34,0.5396825396825397,0.7185714285714286,-0.17888888888888899,0.41789036921596123,0.656913345835743
Politics,1d,24.0,<=1h,75,77.5,75-80,57,36,0.631578947368421,0.7671929824561404,-0.1356140350877194,0.5017755948554761,0.7447662449383492
Politics,1d,24.0,<=1h,80,82.5,80-85,37,27,0.7297297297297297,0.8208108108108108,-0.09108108108108104,0.5702152452607867,0.8460270175300932
Politics,1d,24.0,<=1h,85,87.5,85-90,43,36,0.8372093023255814,0.8693023255813954,-0.03209302325581398,0.7002730466408176,0.9188347549714246
Politics,1d,24.0,<=1h,90,92.5,90-95,65,62,0.9538461538461539,0.918923076923077,0.034923076923076946,0.8728594829309505,0.9841804464140967
Politics,1d,24.0,<=1h,95,97.5,95-100,153,153,1.0,0.9819607843137256,0.018039215686274424,0.9755064982759676,1.0
Politics,1d,24.0,<=6h,0,2.5,0-5,460,5,0.010869565217391304,0.01591304347826087,-0.005043478260869566,0.004651448597827075,0.025189773060601144
Politics,1d,24.0,<=6h,5,7.5,5-10,117,6,0.05128205128205128,0.06717948717948719,-0.015897435897435905,0.023712055277476288,0.10738187264138609
Politics,1d,24.0,<=6h,10,12.5,10-15,73,5,0.0684931506849315,0.11712328767123287,-0.048630136986301364,0.029608602066378893,0.15052299331945376
Politics,1d,24.0,<=6h,15,17.5,15-20,54,8,0.14814814814814814,0.1688888888888889,-0.020740740740740754,0.07702971308229412,0.266003674652485
Politics,1d,24.0,<=6h,20,22.5,20-25,68,17,0.25,0.21955882352941178,0.03044117647058822,0.16234881695499528,0.3643877813390294
Politics,1d,24.0,<=6h,25,27.5,25-30,81,20,0.24691358024691357,0.27123456790123457,-0.024320987654321002,0.16590187380267346,0.35084462791346566
Politics,1d,24.0,<=6h,30,32.5,30-35,103,31,0.30097087378640774,0.31776699029126215,-0.016796116504854408,0.22085799615777002,0.39539634671991064
Politics,1d,24.0,<=6h,35,37.5,35-40,81,37,0.4567901234567901,0.3695061728395062,0.08728395061728389,0.352731535009501,0.564761770161547
Politics,1d,24.0,<=6h,40,42.5,40-45,76,33,0.4342105263157895,0.41776315789473684,0.016447368421052655,0.32860752483199596,0.5461444841457801
Politics,1d,24.0,<=6h,45,47.5,45-50,85,39,0.4588235294117647,0.46952941176470586,-0.010705882352941176,0.3569695582911919,0.5642385244088045
Politics,1d,24.0,<=6h,50,52.5,50-55,70,35,0.5,0.519,-0.019000000000000017,0.3859551898733622,0.6140448101266378
Politics,1d,24.0,<=6h,55,57.5,55-60,111,62,0.5585585585585585,0.568018018018018,-0.009459459459459474,0.46575944163398997,0.6474399564935177
Politics,1d,24.0,<=6h,60,62.5,60-65,96,52,0.5416666666666666,0.6219791666666666,-0.08031250000000001,0.4423137449970821,0.6378131760458498
Politics,1d,24.0,<=6h,65,67.5,65-70,115,57,0.4956521739130435,0.6680869565217391,-0.1724347826086956,0.4058997051926706,0.5856857329030805
Politics,1d,24.0,<=6h,70,72.5,70-75,106,65,0.6132075471698113,0.7195283018867924,-0.1063207547169811,0.5180838092839641,0.7004126437902809
Politics,1d,24.0,<=6h,75,77.5,75-80,86,59,0.686046511627907,0.7693023255813953,-0.08325581395348836,0.5817939831445498,0.7743884534994991
Politics,1d,24.0,<=6h,80,82.5,80-85,75,61,0.8133333333333334,0.8206666666666667,-0.007333333333333303,0.7107120474561753,0.8854199437768794
Politics,1d,24.0,<=6h,85,87.5,85-90,67,58,0.8656716417910447,0.8702985074626866,-0.004626865671641833,0.7639940822527299,0.92768990004016
Politics,1d,24.0,<=6h,90,92.5,90-95,88,85,0.9659090909090909,0.9198863636363636,0.04602272727272738,0.904502374005803,0.9883392141198396
Politics,1d,24.0,<=6h,95,97.5,95-100,331,328,0.9909365558912386,0.9829305135951661,0.00800604229607249,0.9736952189692515,0.9969129730833489
Politics,1d,24.0,<=24h,0,2.5,0-5,706,7,0.009915014164305949,0.014957507082152974,-0.005042492917847025,0.004810905297615413,0.020323716285565962
Politics,1d,24.0,<=24h,5,7.5,5-10,154,12,0.07792207792207792,0.06707792207792208,0.010844155844155837,0.04513383849469349,0.13125565578311413
Politics,1d,24.0,<=24h,10,12.5,10-15,101,7,0.06930693069306931,0.11455445544554456,-0.045247524752475246,0.033974895429948894,0.13620182831329805
Politics,1d,24.0,<=24h,15,17.5,15-20,66,9,0.13636363636363635,0.1684848484848485,-0.032121212121212134,0.07343237343346894,0.23929814820406514
Politics,1d,24.0,<=24h,20,22.5,20-25,81,17,0.20987654320987653,0.21876543209876545,-0.008888888888888918,0.1353706249001661,0.3106558526768715
Politics,1d,24.0,<=24h,25,27.5,25-30,94,22,0.23404255319148937,0.27117021276595743,-0.037127659574468064,0.15994105293764954,0.3290288739646088
Politics,1d,24.0,<=24h,30,32.5,30-35,115,34,0.2956521739130435,0.31756521739130433,-0.02191304347826084,0.21994658625708916,0.38456900424320695
Politics,1d,24.0,<=24h,35,37.5,35-40,93,43,0.46236559139784944,0.3697849462365591,0.09258064516129033,0.36454451284102324,0.5631725013347029
Politics,1d,24.0,<=24h,40,42.5,40-45,90,38,0.4222222222222222,0.4171111111111111,0.005111111111111122,0.32542241309246966,0.525390019773125
Politics,1d,24.0,<=24h,45,47.5,45-50,96,44,0.4583333333333333,0.46927083333333336,-0.010937500000000044,0.36218682395415014,0.5576862550029179
Politics,1d,24.0,<=24h,50,52.5,50-55,83,41,0.4939759036144578,0.5181927710843374,-0.024216867469879555,0.38908687956649984,0.5993979019207136
Politics,1d,24.0,<=24h,55,57.5,55-60,124,68,0.5483870967741935,0.5685483870967741,-0.020161290322580627,0.4606534174133777,0.6332127419588452
Politics,1d,24.0,<=24h,60,62.5,60-65,113,61,0.5398230088495575,0.6214159292035398,-0.08159292035398236,0.44812978705794104,0.628897573060373
Politics,1d,24.0,<=24h,65,67.5,65-70,127,64,0.5039370078740157,0.6684251968503936,-0.16448818897637785,0.418149182069332,0.5894936471226071
Politics,1d,24.0,<=24h,70,72.5,70-75,122,75,0.6147540983606558,0.7193442622950819,-0.1045901639344261,0.5261504993162165,0.6963514396292514
Politics,1d,24.0,<=24h,75,77.5,75-80,103,70,0.6796116504854369,0.7693203883495146,-0.08970873786407763,0.5844362166569979,0.7618708397704612
Politics,1d,24.0,<=24h,80,82.5,80-85,90,75,0.8333333333333334,0.8207777777777778,0.012555555555555542,0.7430592627681392,0.8963160249507403
Politics,1d,24.0,<=24h,85,87.5,85-90,79,67,0.8481012658227848,0.87,-0.021898734177215218,0.7529994484509047,0.9109181967901335
Politics,1d,24.0,<=24h,90,92.5,90-95,108,105,0.9722222222222222,0.9203703703703704,0.051851851851851816,0.9214952880548753,0.9905088320578553
Politics,1d,24.0,<=24h,95,97.5,95-100,470,467,0.9936170212765958,0.9835531914893617,0.01006382978723408,0.9814032652734979,0.9978269247309257
Politics,6h,6.0,all,0,2.5,0-5,2809,6,0.002135991456034176,0.012484870060519758,-0.010348878604485582,0.0009792869428719118,0.004652597909798071
Politics,6h,6.0,all,5,7.5,5-10,218,8,0.03669724770642202,0.06472477064220183,-0.028027522935779814,0.01871003688801032,0.07073035661798677
Politics,6h,6.0,all,10,12.5,10-15,106,7,0.0660377358490566,0.11716981132075471,-0.05113207547169811,0.0323537353402859,0.13007652787510787
Politics,6h,6.0,all,15,17.5,15-20,102,10,0.09803921568627451,0.16833333333333333,-0.07029411764705883,0.05412743684309119,0.171129928880783
Politics,6h,6.0,all,20,22.5,20-25,106,21,0.19811320754716982,0.21660377358490568,-0.018490566037735856,0.1333879484800526,0.28395484332196047
Politics,6h,6.0,all,25,27.5,25-30,116,24,0.20689655172413793,0.26870689655172414,-0.06181034482758621,0.14316009603424576,0.2894242486340497
Politics,6h,6.0,all,30,32.5,30-35,121,40,0.3305785123966942,0.32033057851239666,0.010247933884297566,0.25310657482797755,0.41847725620270443
Politics,6h,6.0,all,35,37.5,35-40,109,36,0.3302752293577982,0.3664220183486238,-0.03614678899082563,0.24908361228527495,0.4230231284911763
Politics,6h,6.0,all,40,42.5,40-45,86,36,0.4186046511627907,0.41837209302325584,0.00023255813953487747,0.3200128276155241,0.5241573563527044
Politics,6h,6.0,all,45,47.5,45-50,85,35,0.4117647058823529,0.4681176470588235,-0.056352941176470606,0.3131683862386879,0.51799179097559
Politics,6h,6.0,all,50,52.5,50-55,86,38,0.4418604651162791,0.5182558139534883,-0.07639534883720922,0.3416256631747516,0.547067325373983
Politics,6h,6.0,all,55,57.5,55-60,106,62,0.5849056603773585,0.5686792452830188,0.01622641509433964,0.48973968919736066,0.6741326506083232
Politics,6h,6.0,all,60,62.5,60-65,133,76,0.5714285714285714,0.6211278195488722,-0.0496992481203008,0.4864828528600956,0.652363813650673
Politics,6h,6.0,all,65,67.5,65-70,130,81,0.6230769230769231,0.6677692307692308,-0.0446923076923077,0.5373655824315526,0.7017230118470572
Politics,6h,6.0,all,70,72.5,70-75,113,74,0.6548672566371682,0.7197345132743362,-0.06486725663716808,0.5634212472892778,0.7361295976152767
Politics,6h,6.0,all,75,77.5,75-80,125,96,0.768,0.7696,-0.0015999999999999348,0.6866850458237092,0.8333333333333334
Politics,6h,6.0,all,80,82.5,80-85,117,99,0.8461538461538461,0.8207692307692308,0.02538461538461534,0.769884730178067,0.9004142397130962
Politics,6h,6.0,all,85,87.5,85-90,118,100,0.847457627118644,0.8713559322033899,-0.023898305084745886,0.7717264797068207,0.9012784709832554
Politics,6h,6.0,all,90,92.5,90-95,119,113,0.9495798319327731,0.9187394957983193,0.030840336134453805,0.8943504337593848,0.9766899955414383
Politics,6h,6.0,all,95,97.5,95-100,1601,1597,0.9975015615240475,0.9862023735165522,0.011299188007495298,0.9935933218275863,0.9990280060343038
Politics,6h,6.0,<=1h,0,2.5,0-5,339,1,0.0029498525073746312,0.013952802359882006,-0.011002949852507375,0.0005208979238408486,0.016517874500509053
Politics,6h,6.0,<=1h,5,7.5,5-10,69,4,0.057971014492753624,0.06594202898550725,-0.007971014492753621,0.022772020303367495,0.13979442524423166
Politics,6h,6.0,<=1h,10,12.5,10-15,44,4,0.09090909090909091,0.11954545454545455,-0.02863636363636364,0.035921611478836546,0.21159519397917487
Politics,6h,6.0,<=1h,15,17.5,15-20,66,9,0.13636363636363635,0.17030303030303032,-0.033939393939393964,0.07343237343346894,0.23929814820406514
Politics,6h,6.0,<=1h,20,22.5,20-25,57,13,0.22807017543859648,0.2170175438596491,0.01105263157894737,0.13841760968495653,0.3520625880744711
Politics,6h,6.0,<=1h,25,27.5,25-30,74,18,0.24324324324324326,0.2697297297297297,-0.026486486486486438,0.15976371232727524,0.35206543815267366
Politics,6h,6.0,<=1h,30,32.5,30-35,85,29,0.3411764705882353,0.3204705882352941,0.020705882352941185,0.24921771761762068,0.44687060136807966
Politics,6h,6.0,<=1h,35,37.5,35-40,78,26,0.3333333333333333,0.3662820512820513,-0.03294871794871801,0.23872517005631883,0.4435879812017211
Politics,6h,6.0,<=1h,40,42.5,40-45,68,31,0.45588235294117646,0.41955882352941176,0.0363235294117647,0.3430469069536447,0.5734360221570655
Politics,6h,6.0,<=1h,45,47.5,45-50,61,23,0.3770491803278688,0.46868852459016397,-0.09163934426229514,0.2661433042836724,0.5025237242905762
Politics,6h,6.0,<=1h,50,52.5,50-55,67,30,0.44776119402985076,0.5192537313432836,-0.0714925373134328,0.33476201784797566,0.5664259846816114
Politics,6h,6.0,<=1h,55,57.5,55-60,82,48,0.5853658536585366,0.5691463414634146,0.016219512195121966,0.477254991169574,0.6858360975333392
Politics,6h,6.0,<=1h,60,62.5,60-65,101,60,0.594059405940594,0.6216831683168317,-0.02762376237623765,0.49654808521743277,0.6846776877581798
Politics,6h,6.0,<=1h,65,67.5,65-70,93,62,0.6666666666666666,0.6681720430107526,-0.0015053763440859846,0.5659327976152322,0.7541775681779805
Politics,6h,6.0,<=1h,70,72.5,70-75,82,49,0.5975609756097561,0.7201219512195123,-0.1225609756097562,0.489362574712238,0.6970272409482342
Politics,6h,6.0,<=1h,75,77.5,75-80,97,72,0.7422680412371134,0.7709278350515464,-0.028659793814432954,0.6471721989159662,0.8189052929128029
Politics,6h,6.0,<=1h,80,82.5,80-85,80,65,0.8125,0.8221250000000001,-0.009625000000000106,0.7134147429619243,0.8829479218727162
Politics,6h,6.0,<=1h,85,87.5,85-90,87,71,0.8160919540229885,0.870919540229885,-0.05482758620689654,0.721943165293875,0.8835063204043074
Politics,6h,6.0,<=1h,90,92.5,90-95,62,58,0.9354838709677419,0.9167741935483871,0.01870967741935481,0.8455226734181273,0.974627505192356
Politics,6h,6.0,<=1h,95,97.5,95-100,414,413,0.9975845410628019,0.9854347826086957,0.012149758454106263,0.986446086708762,0.9995734958316073
Politics,6h,6.0,<=6h,0,2.5,0-5,1093,4,0.0036596523330283625,0.013083257090576395,-0.009423604757548032,0.0014240367072027305,0.009372052719018887
Politics,6h,6.0,<=6h,5,7.5,5-10,129,6,0.046511627906976744,0.06612403100775194,-0.019612403100775194,0.021488293026176247,0.09776350761458688
Politics,6h,6.0,<=6h,10,12.5,10-15,66,6,0.09090909090909091,0.11924242424242423,-0.02833333333333332,0.042332398591397716,0.18448943825082814
Politics,6h,6.0,<=6h,15,17.5,15-20,82,10,0.12195121951219512,0.16878048780487806,-0.04682926829268294,0.06760780907257918,0.21013165524309063
Politics,6h,6.0,<=6h,20,22.5,20-25,84,16,0.19047619047619047,0.21738095238095237,-0.026904761904761904,0.12078595196346183,0.2872394027659602
Politics,6h,6.0,<=6h,25,27.5,25-30,100,24,0.24,0.2691,-0.029100000000000015,0.16691211265459965,0.3323251872329213
Politics,6h,6.0,<=6h,30,32.5,30-35,110,38,0.34545454545454546,0.321,0.02445454545454545,0.26316254590275023,0.4381768590247983
Politics,6h,6.0,<=6h,35,37.5,35-40,98,33,0.336734693877551,0.36673469387755103,-0.030000000000000027,0.25089992900091485,0.4348866258057654
Politics,6h,6.0,<=6h,40,42.5,40-45,81,35,0.43209876543209874,0.4183950617283951,0.013703703703703662,0.329719027705932,0.540627594705715
Politics,6h,6.0,<=6h,45,47.5,45-50,72,30,0.4166666666666667,0.46847222222222223,-0.05180555555555555,0.30985038222496447,0.5319251077436017
Politics,6h,6.0,<=6h,50,52.5,50-55,79,36,0.45569620253164556,0.5182278481012659,-0.06253164556962032,0.35048276758066016,0.5650186230250259
Politics,6h,6.0,<=6h,55,57.5,55-60,98,57,0.5816326530612245,0.568469387755102,0.01316326530612244,0.4826969984136946,0.6744097241829652
Politics,6h,6.0,<=6h,60,62.5,60-65,123,70,0.5691056910569106,0.6207317073170732,-0.05162601626016261,0.4808071908005235,0.6532182393422689
Politics,6h,6.0,<=6h,65,67.5,65-70,111,72,0.6486486486486487,0.6677477477477477,-0.019099099099099015,0.5562210561838965,0.7311312621397772
Politics,6h,6.0,<=6h,70,72.5,70-75,102,65,0.6372549019607843,0.7193137254901961,-0.08205882352941185,0.5405399180148325,0.7240063473477469
Politics,6h,6.0,<=6h,75,77.5,75-80,116,89,0.7672413793103449,0.77,-0.0027586206896551557,0.6825305162579259,0.8348190518386281
Politics,6h,6.0,<=6h,80,82.5,80-85,103,86,0.8349514563106796,0.8214563106796117,0.013495145631067906,0.7514932393345533,0.8943226226517891
Politics,6h,6.0,<=6h,85,87.5,85-90,101,84,0.8316831683168316,0.8705940594059406,-0.038910891089108945,0.7468861586113437,0.8921731460921326
Politics,6h,6.0,<=6h,90,92.5,90-95,89,83,0.9325842696629213,0.917752808988764,0.014831460674157304,0.860630552017983,0.9687390409231124
Politics,6h,6.0,<=6h,95,97.5,95-100,899,897,0.9977753058954394,0.9863515016685206,0.011423804226918799,0.9919248247650966,0.9993897092572613
Politics,6h,6.0,<=24h,0,2.5,0-5,1674,5,0.002986857825567503,0.012765830346475509,-0.009778972520908005,0.0012764424050765032,0.006973204045458517
Politics,6h,6.0,<=24h,5,7.5,5-10,159,7,0.0440251572327044,0.06547169811320755,-0.02144654088050315,0.021486646808347526,0.08807749405000809
Politics,6h,6.0,<=24h,10,12.5,10-15,81,7,0.08641975308641975,0.1182716049382716,-0.03185185185185185,0.04249204303723253,0.1678010207427999
Politics,6h,6.0,<=24h,15,17.5,15-20,91,10,0.10989010989010989,0.16901098901098902,-0.05912087912087913,0.06079407536219415,0.19058928383883156
Politics,6h,6.0,<=24h,20,22.5,20-25,97,19,0.1958762886597938,0.21783505154639177,-0.021958762886597955,0.12913839844599528,0.28578560117320945
Politics,6h,6.0,<=24h,25,27.5,25-30,111,24,0.21621621621621623,0.2683783783783784,-0.052162162162162184,0.1498210872799431,0.30159721410213447
Politics,6h,6.0,<=24h,30,32.5,30-35,117,40,0.3418803418803419,0.3202564102564103,0.021623931623931614,0.2621836857875492,0.43163036500290713
Politics,6h,6.0,<=24h,35,37.5,35-40,107,36,0.3364485981308411,0.3667289719626168,-0.030280373831775675,0.2539713264752684,0.4302627517047651
Politics,6h,6.0,<=24h,40,42.5,40-45,83,36,0.43373493975903615,0.4181927710843374,0.015542168674698764,0.33238992463542916,0.5409426717239195
Politics,6h,6.0,<=24h,45,47.5,45-50,81,34,0.41975308641975306,0.46802469135802466,-0.048271604938271595,0.3183079093457035,0.528465371686243
Politics,6h,6.0,<=24h,50,52.5,50-55,85,38,0.4470588235294118,0.5183529411764706,-0.07129411764705879,0.34593481844164153,0.5527612878869254
Politics,6h,6.0,<=24h,55,57.5,55-60,104,60,0.5769230769230769,0.5688461538461539,0.008076923076922982,0.4808963374391583,0.6674694138108231
Politics,6h,6.0,<=24h,60,62.5,60-65,131,75,0.5725190839694656,0.6209160305343512,-0.04839694656488558,0.486925365253153,0.6539807052770098
Politics,6h,6.0,<=24h,65,67.5,65-70,125,79,0.632,0.6683199999999999,-0.03631999999999991,0.5446970725427289,0.7114313828629786
Politics,6h,6.0,<=24h,70,72.5,70-75,112,74,0.6607142857142857,0.7199107142857143,-0.059196428571428594,0.5689989507563177,0.7417702375145626
Politics,6h,6.0,<=24h,75,77.5,75-80,122,93,0.7622950819672131,0.7695081967213114,-0.00721311475409836,0.6794835556059362,0.8290923048408476
Politics,6h,6.0,<=24h,80,82.5,80-85,113,95,0.8407079646017699,0.8206194690265487,0.020088495575221188,0.7622115153455369,0.8968003434444831
Politics,6h,6.0,<=24h,85,87.5,85-90,111,93,0.8378378378378378,0.8713513513513513,-0.033513513513513504,0.7581803433040711,0.8948931074315508
Politics,6h,6.0,<=24h,90,92.5,90-95,102,96,0.9411764705882353,0.9180392156862744,0.023137254901960835,0.8775625496622301,0.972764731860347
Politics,6h,6.0,<=24h,95,97.5,95-100,1266,1263,0.9976303317535545,0.9863665086887836,0.011263823064770917,0.9930559485693486,0.9991937934457185
Politics,1h,1.0,all,0,2.5,0-5,3652,7,0.0019167579408543264,0.012198795180722892,-0.010282037239868565,0.0009287828363428196,0.003951516135034933
Politics,1h,1.0,all,5,7.5,5-10,216,5,0.023148148148148147,0.0636574074074074,-0.04050925925925925,0.009926951496738449,0.053034744560786606
Politics,1h,1.0,all,10,12.5,10-15,95,5,0.05263157894736842,0.11599999999999999,-0.06336842105263157,0.022687778480124224,0.11735042405807834
Politics,1h,1.0,all,15,17.5,15-20,66,7,0.10606060606060606,0.16772727272727272,-0.06166666666666666,0.05233280771918242,0.20312525738814619
Politics,1h,1.0,all,20,22.5,20-25,46,12,0.2608695652173913,0.21304347826086956,0.04782608695652174,0.15600735194449333,0.402594298082793
Politics,1h,1.0,all,25,27.5,25-30,36,10,0.2777777777777778,0.2688888888888889,0.00888888888888889,0.15848170025813796,0.43992800216345146
Politics,1h,1.0,all,30,32.5,30-35,29,7,0.2413793103448276,0.31482758620689655,-0.07344827586206895,0.12218268185062131,0.4210795221832869
Politics,1h,1.0,all,35,37.5,35-40,34,11,0.3235294117647059,0.3673529411764706,-0.043823529411764706,0.19131451326458573,0.4915741595188061
Politics,1h,1.0,all,40,42.5,40-45,23,4,0.17391304347826086,0.42130434782608694,-0.24739130434782608,0.06978540350612772,0.37138054785295666
Politics,1h,1.0,all,45,47.5,45-50,24,7,0.2916666666666667,0.4691666666666666,-0.17749999999999994,0.14914460334164278,0.49168063658709704
Politics,1h,1.0,all,50,52.5,50-55,24,6,0.25,0.5141666666666667,-0.26416666666666666,0.1199920347934233,0.4489982531210644
Politics,1h,1.0,all,55,57.5,55-60,16,8,0.5,0.56625,-0.06625000000000003,0.2799923761135083,0.7200076238864916
Politics,1h,1.0,all,60,62.5,60-65,24,11,0.4583333333333333,0.6208333333333333,-0.16250000000000003,0.2789105835168143,0.6492544644689336
Politics,1h,1.0,all,65,67.5,65-70,27,13,0.48148148148148145,0.6688888888888889,-0.1874074074074074,0.3074295064970908,0.6601467541378958
Politics,1h,1.0,all,70,72.5,70-75,18,13,0.7222222222222222,0.7188888888888889,0.0033333333333332993,0.49126922453805477,0.8750043085364452
Politics,1h,1.0,all,75,77.5,75-80,19,12,0.631578947368421,0.756842105263158,-0.12526315789473697,0.4103915749815672,0.8085072762372616
Politics,1h,1.0,all,80,82.5,80-85,29,24,0.8275862068965517,0.8182758620689655,0.009310344827586192,0.6545119942718488,0.9240225472852007
Politics,1h,1.0,all,85,87.5,85-90,36,31,0.8611111111111112,0.8733333333333333,-0.012222222222222134,0.7134014871960681,0.9391827463688489
Politics,1h,1.0,all,90,92.5,90-95,71,68,0.9577464788732394,0.9219718309859155,0.035774647887323874,0.8829739389031531,0.9855270017501733
Politics,1h,1.0,all,95,97.5,95-100,2505,2500,0.998003992015968,0.9875009980039919,0.010502994011976075,0.9953357268150159,0.9991471452802171
Politics,1h,1.0,<=1h,0,2.5,0-5,1034,3,0.0029013539651837525,0.012620889748549323,-0.00971953578336557,0.0009871842503161735,0.00849557304135531
Politics,1h,1.0,<=1h,5,7.5,5-10,84,3,0.03571428571428571,0.06404761904761905,-0.028333333333333335,0.01221944777306612,0.09981858432106694
Politics,1h,1.0,<=1h,10,12.5,10-15,45,5,0.1111111111111111,0.11555555555555555,-0.004444444444444445,0.04840400437825558,0.23499375490890945
Politics,1h,1.0,<=1h,15,17.5,15-20,47,5,0.10638297872340426,0.1695744680851064,-0.06319148936170214,0.046304099555199416,0.22594539692012788
Politics,1h,1.0,<=1h,20,22.5,20-25,32,9,0.28125,0.2146875,0.0665625,0.15564406845647866,0.4537483693811179
Politics,1h,1.0,<=1h,25,27.5,25-30,28,9,0.32142857142857145,0.26785714285714285,0.0535714285714286,0.1793304754342074,0.5066149544436882
Politics,1h,1.0,<=1h,30,32.5,30-35,22,6,0.2727272727272727,0.3145454545454545,-0.04181818181818181,0.1315058201581444,0.4815212369900198
Politics,1h,1.0,<=1h,35,37.5,35-40,24,11,0.4583333333333333,0.36791666666666667,0.09041666666666665,0.2789105835168143,0.6492544644689336
Politics,1h,1.0,<=1h,40,42.5,40-45,19,3,0.15789473684210525,0.42,-0.26210526315789473,0.055203710399278266,0.3756592764317668
Politics,1h,1.0,<=1h,45,47.5,45-50,16,4,0.25,0.4675,-0.21750000000000003,0.10181901984237346,0.49498768929398645
Politics,1h,1.0,<=1h,50,52.5,50-55,16,5,0.3125,0.513125,-0.20062500000000005,0.14164435051961052,0.5559606813326594
Politics,1h,1.0,<=1h,55,57.5,55-60,10,4,0.4,0.565,-0.16499999999999992,0.16817758120350967,0.6873304525498135
Politics,1h,1.0,<=1h,60,62.5,60-65,18,9,0.5,0.6216666666666666,-0.12166666666666659,0.2903070395897999,0.7096929604102
Politics,1h,1.0,<=1h,65,67.5,65-70,20,11,0.55,0.6705,-0.12049999999999994,0.3420820083075997,0.7418049791429071
Politics,1h,1.0,<=1h,70,72.5,70-75,14,10,0.7142857142857143,0.717857142857143,-0.0035714285714286698,0.4535045882751561,0.882788120898909
Politics,1h,1.0,<=1h,75,77.5,75-80,10,6,0.6,0.759,-0.15900000000000003,0.3126695474501864,0.8318224187964902
Politics,1h,1.0,<=1h,80,82.5,80-85,19,16,0.8421052631578947,0.8163157894736842,0.025789473684210473,0.6243407235682331,0.9447962896007217
Politics,1h,1.0,<=1h,85,87.5,85-90,21,18,0.8571428571428571,0.8752380952380951,-0.018095238095238053,0.6536350585077049,0.950190782017865
Politics,1h,1.0,<=1h,90,92.5,90-95,37,35,0.9459459459459459,0.9202702702702703,0.025675675675675635,0.822950349364601,0.9850493372294601
Politics,1h,1.0,<=1h,95,97.5,95-100,1111,1108,0.9972997299729973,0.9878577857785779,0.00944194419441946,0.9920909333654918,0.9990812654473261
Politics,1h,1.0,<=6h,0,2.5,0-5,1713,3,0.0017513134851138354,0.012440163455925277,-0.010688849970811442,0.0005957686442460606,0.005136618082636605
Politics,1h,1.0,<=6h,5,7.5,5-10,118,4,0.03389830508474576,0.0647457627118644,-0.030847457627118637,0.01325961911756434,0.08392886166404062
Politics,1h,1.0,<=6h,10,12.5,10-15,59,5,0.0847457627118644,0.11677966101694916,-0.032033898305084754,0.036741491306199775,0.1835202461416055
Politics,1h,1.0,<=6h,15,17.5,15-20,53,7,0.1320754716981132,0.16962264150943399,-0.03754716981132078,0.06547770200689572,0.2484050880623493
Politics,1h,1.0,<=6h,20,22.5,20-25,35,10,0.2857142857142857,0.21485714285714283,0.07085714285714287,0.16326363398295565,0.45055248069821086
Politics,1h,1.0,<=6h,25,27.5,25-30,32,10,0.3125,0.2684375,0.044062500000000004,0.17952352116618736,0.4856699969803239
Politics,1h,1.0,<=6h,30,32.5,30-35,22,6,0.2727272727272727,0.3145454545454545,-0.04181818181818181,0.1315058201581444,0.4815212369900198
Politics,1h,1.0,<=6h,35,37.5,35-40,26,11,0.4230769230769231,0.3680769230769231,0.05499999999999999,0.255441899027294,0.6105170307888017
Politics,1h,1.0,<=6h,40,42.5,40-45,19,3,0.15789473684210525,0.42,-0.26210526315789473,0.055203710399278266,0.3756592764317668
Politics,1h,1.0,<=6h,45,47.5,45-50,16,4,0.25,0.4675,-0.21750000000000003,0.10181901984237346,0.49498768929398645
Politics,1h,1.0,<=6h,50,52.5,50-55,18,5,0.2777777777777778,0.5122222222222222,-0.23444444444444446,0.12499569146355474,0.5087307754619452
Politics,1h,1.0,<=6h,55,57.5,55-60,10,4,0.4,0.565,-0.16499999999999992,0.16817758120350967,0.6873304525498135
Politics,1h,1.0,<=6h,60,62.5,60-65,21,9,0.42857142857142855,0.62,-0.19142857142857145,0.24469699486521043,0.6345378370296754
Politics,1h,1.0,<=6h,65,67.5,65-70,22,12,0.5454545454545454,0.6722727272727274,-0.12681818181818194,0.34659473289041554,0.7307998556799515
Politics,1h,1.0,<=6h,70,72.5,70-75,15,11,0.7333333333333333,0.7173333333333334,0.015999999999999903,0.4804911034231324,0.8910272389681718
Politics,1h,1.0,<=6h,75,77.5,75-80,13,8,0.6153846153846154,0.7569230769230769,-0.1415384615384615,0.35522480972268555,0.8229055341876319
Politics,1h,1.0,<=6h,80,82.5,80-85,22,17,0.7727272727272727,0.8177272727272726,-0.04499999999999993,0.5655964393704065,0.8987710920517964
Politics,1h,1.0,<=6h,85,87.5,85-90,27,23,0.8518518518518519,0.874074074074074,-0.022222222222222143,0.6752093665317052,0.9408416814035512
Politics,1h,1.0,<=6h,90,92.5,90-95,48,45,0.9375,0.9214583333333333,0.016041666666666732,0.8316430233725778,0.9785171568687727
Politics,1h,1.0,<=6h,95,97.5,95-100,1766,1763,0.9983012457531144,0.9878992072480182,0.010402038505096245,0.9950171601200047,0.9994221162536551
Politics,1h,1.0,<=24h,0,2.5,0-5,2488,6,0.002411575562700965,0.012282958199356913,-0.009871382636655948,0.0011056857950165508,0.005251700645598295
Politics,1h,1.0,<=24h,5,7.5,5-10,158,4,0.02531645569620253,0.06424050632911392,-0.03892405063291139,0.009887970714336322,0.06327986746818287
Politics,1h,1.0,<=24h,10,12.5,10-15,71,5,0.07042253521126761,0.11732394366197184,-0.04690140845070423,0.03045315340626454,0.1544921176729214
Politics,1h,1.0,<=24h,15,17.5,15-20,58,7,0.1206896551724138,0.16879310344827586,-0.04810344827586206,0.059708902448596696,0.22879592278231584
Politics,1h,1.0,<=24h,20,22.5,20-25,38,10,0.2631578947368421,0.2155263157894737,0.047631578947368386,0.14971462389701296,0.42009150206375323
Politics,1h,1.0,<=24h,25,27.5,25-30,32,10,0.3125,0.2684375,0.044062500000000004,0.17952352116618736,0.4856699969803239
Politics,1h,1.0,<=24h,30,32.5,30-35,25,7,0.28,0.3136,-0.03359999999999996,0.1428367383738157,0.47576971896558296
Politics,1h,1.0,<=24h,35,37.5,35-40,32,11,0.34375,0.3684375,-0.024687499999999973,0.20410233354328552,0.5168922649121406
Politics,1h,1.0,<=24h,40,42.5,40-45,20,4,0.2,0.42100000000000004,-0.22100000000000003,0.0806563532712,0.41602172202575993
Politics,1h,1.0,<=24h,45,47.5,45-50,20,6,0.3,0.469,-0.16899999999999998,0.14547527396899385,0.5189767762289793
Politics,1h,1.0,<=24h,50,52.5,50-55,23,6,0.2608695652173913,0.5143478260869565,-0.2534782608695652,0.1254844588924897,0.4647039054375056
Politics,1h,1.0,<=24h,55,57.5,55-60,13,5,0.38461538461538464,0.5676923076923077,-0.18307692307692308,0.17709446581236818,0.6447751902773146
Politics,1h,1.0,<=24h,60,62.5,60-65,23,10,0.43478260869565216,0.62,-0.18521739130434783,0.25634368332198654,0.6318895069498304
Politics,1h,1.0,<=24h,65,67.5,65-70,24,12,0.5,0.67125,-0.17125,0.31427131627763083,0.6857286837223692
Politics,1h,1.0,<=24h,70,72.5,70-75,17,13,0.7647058823529411,0.72,0.04470588235294115,0.5273775411082839,0.9044511092832406
Politics,1h,1.0,<=24h,75,77.5,75-80,18,11,0.6111111111111112,0.7566666666666667,-0.14555555555555555,0.3861866858065617,0.7969500807306884
Politics,1h,1.0,<=24h,80,82.5,80-85,26,21,0.8076923076923077,0.8165384615384617,-0.008846153846153948,0.6212336384535001,0.9149306422821174
Politics,1h,1.0,<=24h,85,87.5,85-90,30,25,0.8333333333333334,0.8740000000000001,-0.04066666666666674,0.6643529481431982,0.9266356575964831
Politics,1h,1.0,<=24h,90,92.5,90-95,56,53,0.9464285714285714,0.921607142857143,0.02482142857142844,0.8539246046357077,0.9816145520713321
Politics,1h,1.0,<=24h,95,97.5,95-100,2174,2169,0.9977000919963201,0.9877460901563937,0.009954001839926452,0.9946271059808951,0.999017243543882
Science/Tech,30d,720.0,all,0,2.5,0-5,50,1,0.02,0.022400000000000003,-0.002400000000000003,0.0035391680889764604,0.10495686471836953
Science/Tech,30d,720.0,all,5,7.5,5-10,28,2,0.07142857142857142,0.06821428571428571,0.003214285714285711,0.019811647447770794,0.2264573842591786
Science/Tech,30d,720.0,all,10,12.5,10-15,16,3,0.1875,0.118125,0.069375,0.06591478773586765,0.4300935986845823
Science/Tech,30d,720.0,all,15,17.5,15-20,10,2,0.2,0.17600000000000002,0.023999999999999994,0.056680947980693314,0.5098431532792765
Science/Tech,30d,720.0,all,20,22.5,20-25,12,1,0.08333333333333333,0.21416666666666667,-0.13083333333333336,0.014864709450773478,0.35388592179859524
Science/Tech,30d,720.0,all,25,27.5,25-30,3,1,0.3333333333333333,0.2533333333333333,0.08000000000000002,0.0614903152761605,0.7923450448735121
Science/Tech,30d,720.0,all,30,32.5,30-35,5,2,0.4,0.316,0.08400000000000002,0.1176182311592533,0.769280067791163
Science/Tech,30d,720.0,all,35,37.5,35-40,4,0,0.0,0.3625,-0.3625,0.0,0.48990002040399916
Science/Tech,30d,720.0,all,40,42.5,40-45,4,2,0.5,0.4325,0.0675,0.15003570882017148,0.8499642911798285
Science/Tech,30d,720.0,all,45,47.5,45-50,4,2,0.5,0.4825,0.017500000000000016,0.15003570882017148,0.8499642911798285
Science/Tech,30d,720.0,all,50,52.5,50-55,3,2,0.6666666666666666,0.5166666666666666,0.15000000000000002,0.2076549551264879,0.9385096847238394
Science/Tech,30d,720.0,all,55,57.5,55-60,4,3,0.75,0.57,0.18000000000000005,0.3006360524426366,0.9544139373553637
Science/Tech,30d,720.0,all,60,62.5,60-65,6,2,0.3333333333333333,0.6183333333333334,-0.2850000000000001,0.09676933255921683,0.7000116786584712
Science/Tech,30d,720.0,all,65,67.5,65-70,8,5,0.625,0.67375,-0.04874999999999996,0.30573785458380187,0.863158240538479
Science/Tech,30d,720.0,all,70,72.5,70-75,5,1,0.2,0.7120000000000001,-0.512,0.03622316096978745,0.6244717358814613
Science/Tech,30d,720.0,all,75,77.5,75-80,3,3,1.0,0.78,0.21999999999999997,0.43849391955098227,1.0
Science/Tech,30d,720.0,all,80,82.5,80-85,5,5,1.0,0.81,0.18999999999999995,0.5655085052479191,1.0
Science/Tech,30d,720.0,all,85,87.5,85-90,3,2,0.6666666666666666,0.8733333333333333,-0.20666666666666667,0.2076549551264879,0.9385096847238394
Science/Tech,30d,720.0,all,90,92.5,90-95,4,4,1.0,0.92,0.07999999999999996,0.5100999795960008,1.0
Science/Tech,30d,720.0,all,95,97.5,95-100,10,10,1.0,0.968,0.03200000000000003,0.7224598312333834,1.0
Science/Tech,30d,720.0,<=1h,0,2.5,0-5,1,0,0.0,0.03,-0.03,0.0,0.7934567085261071
Science/Tech,30d,720.0,<=1h,5,7.5,5-10,1,1,1.0,0.05,0.95,0.20654329147389294,1.0
Science/Tech,30d,720.0,<=1h,10,12.5,10-15,3,0,0.0,0.12,-0.12,0.0,0.5615060804490177
Science/Tech,30d,720.0,<=1h,20,22.5,20-25,1,0,0.0,0.21,-0.21,0.0,0.7934567085261071
Science/Tech,30d,720.0,<=1h,30,32.5,30-35,1,0,0.0,0.31,-0.31,0.0,0.7934567085261071
Science/Tech,30d,720.0,<=1h,45,47.5,45-50,2,1,0.5,0.48,0.020000000000000018,0.09452865480086614,0.9054713451991339
Science/Tech,30d,720.0,<=1h,50,52.5,50-55,1,1,1.0,0.5,0.5,0.20654329147389294,1.0
Science/Tech,30d,720.0,<=1h,60,62.5,60-65,3,1,0.3333333333333333,0.6133333333333334,-0.2800000000000001,0.0614903152761605,0.7923450448735121
Science/Tech,30d,720.0,<=1h,65,67.5,65-70,1,1,1.0,0.69,0.31000000000000005,0.20654329147389294,1.0
Science/Tech,30d,720.0,<=1h,70,72.5,70-75,2,1,0.5,0.72,-0.21999999999999997,0.09452865480086614,0.9054713451991339
Science/Tech,30d,720.0,<=6h,0,2.5,0-5,8,0,0.0,0.02375,-0.02375,0.0,0.3244156195108769
Science/Tech,30d,720.0,<=6h,5,7.5,5-10,5,1,0.2,0.07,0.13,0.03622316096978745,0.6244717358814613
Science/Tech,30d,720.0,<=6h,10,12.5,10-15,5,0,0.0,0.122,-0.122,0.0,0.43449149475208104
Science/Tech,30d,720.0,<=6h,15,17.5,15-20,1,0,0.0,0.16,-0.16,0.0,0.7934567085261071
Science/Tech,30d,720.0,<=6h,20,22.5,20-25,3,0,0.0,0.21333333333333332,-0.21333333333333332,0.0,0.5615060804490177
Science/Tech,30d,720.0,<=6h,25,27.5,25-30,1,0,0.0,0.25,-0.25,0.0,0.7934567085261071
Science/Tech,30d,720.0,<=6h,30,32.5,30-35,2,1,0.5,0.315,0.185,0.09452865480086614,0.9054713451991339
Science/Tech,30d,720.0,<=6h,35,37.5,35-40,2,0,0.0,0.365,-0.365,0.0,0.6576280471103807
Science/Tech,30d,720.0,<=6h,40,42.5,40-45,1,0,0.0,0.44,-0.44,0.0,0.7934567085261071
Science/Tech,30d,720.0,<=6h,45,47.5,45-50,3,2,0.6666666666666666,0.48333333333333334,0.1833333333333333,0.2076549551264879,0.9385096847238394
Science/Tech,30d,720.0,<=6h,50,52.5,50-55,1,1,1.0,0.5,0.5,0.20654329147389294,1.0
Science/Tech,30d,720.0,<=6h,55,57.5,55-60,1,0,0.0,0.56,-0.56,0.0,0.7934567085261071
Science/Tech,30d,720.0,<=6h,60,62.5,60-65,3,1,0.3333333333333333,0.6133333333333334,-0.2800000000000001,0.0614903152761605,0.7923450448735121
Science/Tech,30d,720.0,<=6h,65,67.5,65-70,1,1,1.0,0.69,0.31000000000000005,0.20654329147389294,1.0
Science/Tech,30d,720.0,<=6h,70,72.5,70-75,3,1,0.3333333333333333,0.7166666666666667,-0.38333333333333336,0.0614903152761605,0.7923450448735121
Science/Tech,30d,720.0,<=6h,80,82.5,80-85,3,3,1.0,0.81,0.18999999999999995,0.43849391955098227,1.0
Science/Tech,30d,720.0,<=6h,85,87.5,85-90,1,1,1.0,0.85,0.15000000000000002,0.20654329147389294,1.0
Science/Tech,30d,720.0,<=6h,90,92.5,90-95,1,1,1.0,0.91,0.08999999999999997,0.20654329147389294,1.0
Science/Tech,30d,720.0,<=6h,95,97.5,95-100,1,1,1.0,0.96,0.040000000000000036,0.20654329147389294,1.0
Science/Tech,30d,720.0,<=24h,0,2.5,0-5,21,1,0.047619047619047616,0.020952380952380955,0.02666666666666666,0.008455769471923294,0.22669816586235464
Science/Tech,30d,720.0,<=24h,5,7.5,5-10,10,1,0.1,0.068,0.032,0.01787574951572113,0.4041563854975721
Science/Tech,30d,720.0,<=24h,10,12.5,10-15,8,2,0.25,0.11875,0.13125,0.07147768885802763,0.5907301208974108
Science/Tech,30d,720.0,<=24h,15,17.5,15-20,2,0,0.0,0.16,-0.16,0.0,0.6576280471103807
Science/Tech,30d,720.0,<=24h,20,22.5,20-25,9,1,0.1111111111111111,0.21444444444444444,-0.10333333333333333,0.019890371327130535,0.4350062147680601
Science/Tech,30d,720.0,<=24h,25,27.5,25-30,2,1,0.5,0.255,0.245,0.09452865480086614,0.9054713451991339
Science/Tech,30d,720.0,<=24h,30,32.5,30-35,3,1,0.3333333333333333,0.31,0.023333333333333317,0.0614903152761605,0.7923450448735121
Science/Tech,30d,720.0,<=24h,35,37.5,35-40,4,0,0.0,0.3625,-0.3625,0.0,0.48990002040399916
Science/Tech,30d,720.0,<=24h,40,42.5,40-45,2,0,0.0,0.435,-0.435,0.0,0.6576280471103807
Science/Tech,30d,720.0,<=24h,45,47.5,45-50,3,2,0.6666666666666666,0.48333333333333334,0.1833333333333333,0.2076549551264879,0.9385096847238394
Science/Tech,30d,720.0,<=24h,50,52.5,50-55,1,1,1.0,0.5,0.5,0.20654329147389294,1.0
Science/Tech,30d,720.0,<=24h,55,57.5,55-60,3,2,0.6666666666666666,0.5633333333333334,0.10333333333333328,0.2076549551264879,0.9385096847238394
Science/Tech,30d,720.0,<=24h,60,62.5,60-65,4,1,0.25,0.6175,-0.36750000000000005,0.045586062644636216,0.6993639475573634
Science/Tech,30d,720.0,<=24h,65,67.5,65-70,5,4,0.8,0.682,0.118,0.3755282641185388,0.9637768390302125
Science/Tech,30d,720.0,<=24h,70,72.5,70-75,4,1,0.25,0.715,-0.46499999999999997,0.045586062644636216,0.6993639475573634
Science/Tech,30d,720.0,<=24h,75,77.5,75-80,2,2,1.0,0.78,0.21999999999999997,0.34237195288961925,1.0
Science/Tech,30d,720.0,<=24h,80,82.5,80-85,4,4,1.0,0.8075,0.1925,0.5100999795960008,1.0
Science/Tech,30d,720.0,<=24h,85,87.5,85-90,3,2,0.6666666666666666,0.8733333333333333,-0.20666666666666667,0.2076549551264879,0.9385096847238394
Science/Tech,30d,720.0,<=24h,90,92.5,90-95,2,2,1.0,0.915,0.08499999999999996,0.34237195288961925,1.0
Science/Tech,30d,720.0,<=24h,95,97.5,95-100,3,3,1.0,0.9633333333333333,0.036666666666666736,0.43849391955098227,1.0
Science/Tech,7d,168.0,all,0,2.5,0-5,128,2,0.015625,0.0184375,-0.002812499999999999,0.004295359707748747,0.055182073818543405
Science/Tech,7d,168.0,all,5,7.5,5-10,32,1,0.03125,0.0675,-0.036250000000000004,0.005537717362550945,0.15744607800372734
Science/Tech,7d,168.0,all,10,12.5,10-15,12,1,0.08333333333333333,0.1225,-0.03916666666666667,0.014864709450773478,0.35388592179859524
Science/Tech,7d,168.0,all,15,17.5,15-20,7,1,0.14285714285714285,0.16571428571428573,-0.02285714285714288,0.02567895594897479,0.51313450331903
Science/Tech,7d,168.0,all,20,22.5,20-25,7,0,0.0,0.20857142857142857,-0.20857142857142857,0.0,0.35433884297520657
Science/Tech,7d,168.0,all,25,27.5,25-30,7,3,0.42857142857142855,0.27428571428571424,0.1542857142857143,0.15821692226262685,0.7495457695909742
Science/Tech,7d,168.0,all,30,32.5,30-35,8,2,0.25,0.32,-0.07,0.07147768885802763,0.5907301208974108
Science/Tech,7d,168.0,all,35,37.5,35-40,5,2,0.4,0.366,0.03400000000000003,0.1176182311592533,0.769280067791163
Science/Tech,7d,168.0,all,40,42.5,40-45,3,1,0.3333333333333333,0.43333333333333335,-0.10000000000000003,0.0614903152761605,0.7923450448735121
Science/Tech,7d,168.0,all,45,47.5,45-50,4,4,1.0,0.4675,0.5325,0.5100999795960008,1.0
Science/Tech,7d,168.0,all,50,52.5,50-55,5,2,0.4,0.518,-0.118,0.1176182311592533,0.769280067791163
Science/Tech,7d,168.0,all,55,57.5,55-60,4,1,0.25,0.56,-0.31000000000000005,0.045586062644636216,0.6993639475573634
Science/Tech,7d,168.0,all,60,62.5,60-65,6,4,0.6666666666666666,0.61,0.05666666666666664,0.29998832134152864,0.9032306674407831
Science/Tech,7d,168.0,all,65,67.5,65-70,7,4,0.5714285714285714,0.6814285714285714,-0.10999999999999999,0.2504542304090258,0.8417830777373732
Science/Tech,7d,168.0,all,70,72.5,70-75,4,3,0.75,0.7225,0.02749999999999997,0.3006360524426366,0.9544139373553637
Science/Tech,7d,168.0,all,75,77.5,75-80,6,5,0.8333333333333334,0.7766666666666667,0.05666666666666664,0.43649056343635395,0.9699474141282697
Science/Tech,7d,168.0,all,80,82.5,80-85,9,7,0.7777777777777778,0.8233333333333333,-0.04555555555555546,0.4525833436728054,0.9367762376877727
Science/Tech,7d,168.0,all,85,87.5,85-90,7,7,1.0,0.8728571428571429,0.1271428571428571,0.6456611570247934,1.0
Science/Tech,7d,168.0,all,90,92.5,90-95,14,14,1.0,0.9235714285714286,0.0764285714285714,0.7846829880728186,1.0
Science/Tech,7d,168.0,all,95,97.5,95-100,34,34,1.0,0.9770588235294118,0.022941176470588243,0.8984820937803899,1.0
Science/Tech,7d,168.0,<=1h,0,2.5,0-5,5,0,0.0,0.026000000000000002,-0.026000000000000002,0.0,0.43449149475208104
Science/Tech,7d,168.0,<=1h,5,7.5,5-10,2,0,0.0,0.05,-0.05,0.0,0.6576280471103807
Science/Tech,7d,168.0,<=1h,15,17.5,15-20,5,1,0.2,0.17,0.03,0.03622316096978745,0.6244717358814613
Science/Tech,7d,168.0,<=1h,20,22.5,20-25,1,0,0.0,0.2,-0.2,0.0,0.7934567085261071
Science/Tech,7d,168.0,<=1h,25,27.5,25-30,1,0,0.0,0.25,-0.25,0.0,0.7934567085261071
Science/Tech,7d,168.0,<=1h,30,32.5,30-35,6,1,0.16666666666666666,0.32166666666666666,-0.155,0.03005258587173032,0.563509436563646
Science/Tech,7d,168.0,<=1h,35,37.5,35-40,1,0,0.0,0.37,-0.37,0.0,0.7934567085261071
Science/Tech,7d,168.0,<=1h,40,42.5,40-45,1,0,0.0,0.44,-0.44,0.0,0.7934567085261071
Science/Tech,7d,168.0,<=1h,45,47.5,45-50,1,1,1.0,0.46,0.54,0.20654329147389294,1.0
Science/Tech,7d,168.0,<=1h,55,57.5,55-60,1,0,0.0,0.58,-0.58,0.0,0.7934567085261071
Science/Tech,7d,168.0,<=1h,60,62.5,60-65,2,1,0.5,0.62,-0.12,0.09452865480086614,0.9054713451991339
Science/Tech,7d,168.0,<=1h,65,67.5,65-70,2,0,0.0,0.69,-0.69,0.0,0.6576280471103807
Science/Tech,7d,168.0,<=1h,75,77.5,75-80,3,2,0.6666666666666666,0.7733333333333333,-0.10666666666666669,0.2076549551264879,0.9385096847238394
Science/Tech,7d,168.0,<=1h,80,82.5,80-85,3,2,0.6666666666666666,0.8266666666666667,-0.16000000000000003,0.2076549551264879,0.9385096847238394
Science/Tech,7d,168.0,<=1h,85,87.5,85-90,2,2,1.0,0.865,0.135,0.34237195288961925,1.0
Science/Tech,7d,168.0,<=1h,90,92.5,90-95,1,1,1.0,0.94,0.06000000000000005,0.20654329147389294,1.0
Science/Tech,7d,168.0,<=1h,95,97.5,95-100,4,4,1.0,0.965,0.03500000000000003,0.5100999795960008,1.0
Science/Tech,7d,168.0,<=6h,0,2.5,0-5,16,0,0.0,0.024375,-0.024375,0.0,0.19361341827271994
Science/Tech,7d,168.0,<=6h,5,7.5,5-10,5,1,0.2,0.06,0.14,0.03622316096978745,0.6244717358814613
Science/Tech,7d,168.0,<=6h,15,17.5,15-20,5,1,0.2,0.17,0.03,0.03622316096978745,0.6244717358814613
Science/Tech,7d,168.0,<=6h,20,22.5,20-25,3,0,0.0,0.2033333333333333,-0.2033333333333333,0.0,0.5615060804490177
Science/Tech,7d,168.0,<=6h,25,27.5,25-30,3,1,0.3333333333333333,0.27,0.0633333333333333,0.0614903152761605,0.7923450448735121
Science/Tech,7d,168.0,<=6h,30,32.5,30-35,7,2,0.2857142857142857,0.32,-0.03428571428571431,0.0822171657090155,0.6410709098517873
Science/Tech,7d,168.0,<=6h,35,37.5,35-40,2,0,0.0,0.365,-0.365,0.0,0.6576280471103807
Science/Tech,7d,168.0,<=6h,40,42.5,40-45,1,0,0.0,0.44,-0.44,0.0,0.7934567085261071
Science/Tech,7d,168.0,<=6h,45,47.5,45-50,2,2,1.0,0.465,0.5349999999999999,0.34237195288961925,1.0
Science/Tech,7d,168.0,<=6h,50,52.5,50-55,4,2,0.5,0.5225,-0.022499999999999964,0.15003570882017148,0.8499642911798285
Science/Tech,7d,168.0,<=6h,55,57.5,55-60,1,0,0.0,0.58,-0.58,0.0,0.7934567085261071
Science/Tech,7d,168.0,<=6h,60,62.5,60-65,3,2,0.6666666666666666,0.6133333333333334,0.05333333333333323,0.2076549551264879,0.9385096847238394
Science/Tech,7d,168.0,<=6h,65,67.5,65-70,3,1,0.3333333333333333,0.69,-0.35666666666666663,0.0614903152761605,0.7923450448735121
Science/Tech,7d,168.0,<=6h,70,72.5,70-75,1,0,0.0,0.7,-0.7,0.0,0.7934567085261071
Science/Tech,7d,168.0,<=6h,75,77.5,75-80,3,2,0.6666666666666666,0.7733333333333333,-0.10666666666666669,0.2076549551264879,0.9385096847238394
Science/Tech,7d,168.0,<=6h,80,82.5,80-85,4,3,0.75,0.82,-0.06999999999999995,0.3006360524426366,0.9544139373553637
Science/Tech,7d,168.0,<=6h,85,87.5,85-90,2,2,1.0,0.865,0.135,0.34237195288961925,1.0
Science/Tech,7d,168.0,<=6h,90,92.5,90-95,3,3,1.0,0.9266666666666667,0.07333333333333325,0.43849391955098227,1.0
Science/Tech,7d,168.0,<=6h,95,97.5,95-100,10,10,1.0,0.975,0.025000000000000022,0.7224598312333834,1.0
Science/Tech,7d,168.0,<=24h,0,2.5,0-5,47,1,0.02127659574468085,0.020638297872340425,0.0006382978723404251,0.003765671010464995,0.11113236524331144
Science/Tech,7d,168.0,<=24h,5,7.5,5-10,9,1,0.1111111111111111,0.06777777777777777,0.043333333333333335,0.019890371327130535,0.4350062147680601
Science/Tech,7d,168.0,<=24h,10,12.5,10-15,3,0,0.0,0.12,-0.12,0.0,0.5615060804490177
Science/Tech,7d,168.0,<=24h,15,17.5,15-20,5,1,0.2,0.17,0.03,0.03622316096978745,0.6244717358814613
Science/Tech,7d,168.0,<=24h,20,22.5,20-25,5,0,0.0,0.20600000000000002,-0.20600000000000002,0.0,0.43449149475208104
Science/Tech,7d,168.0,<=24h,25,27.5,25-30,3,1,0.3333333333333333,0.27,0.0633333333333333,0.0614903152761605,0.7923450448735121
Science/Tech,7d,168.0,<=24h,30,32.5,30-35,8,2,0.25,0.32,-0.07,0.07147768885802763,0.5907301208974108
Science/Tech,7d,168.0,<=24h,35,37.5,35-40,4,1,0.25,0.37,-0.12,0.045586062644636216,0.6993639475573634
Science/Tech,7d,168.0,<=24h,40,42.5,40-45,3,1,0.3333333333333333,0.43333333333333335,-0.10000000000000003,0.0614903152761605,0.7923450448735121
Science/Tech,7d,168.0,<=24h,45,47.5,45-50,2,2,1.0,0.465,0.5349999999999999,0.34237195288961925,1.0
Science/Tech,7d,168.0,<=24h,50,52.5,50-55,5,2,0.4,0.518,-0.118,0.1176182311592533,0.769280067791163
Science/Tech,7d,168.0,<=24h,55,57.5,55-60,1,0,0.0,0.58,-0.58,0.0,0.7934567085261071
Science/Tech,7d,168.0,<=24h,60,62.5,60-65,6,4,0.6666666666666666,0.61,0.05666666666666664,0.29998832134152864,0.9032306674407831
Science/Tech,7d,168.0,<=24h,65,67.5,65-70,4,2,0.5,0.6875,-0.1875,0.15003570882017148,0.8499642911798285
Science/Tech,7d,168.0,<=24h,70,72.5,70-75,2,1,0.5,0.715,-0.21499999999999997,0.09452865480086614,0.9054713451991339
Science/Tech,7d,168.0,<=24h,75,77.5,75-80,3,2,0.6666666666666666,0.7733333333333333,-0.10666666666666669,0.2076549551264879,0.9385096847238394
Science/Tech,7d,168.0,<=24h,80,82.5,80-85,7,5,0.7142857142857143,0.8214285714285714,-0.1071428571428571,0.35892909014821267,0.9177828342909844
Science/Tech,7d,168.0,<=24h,85,87.5,85-90,3,3,1.0,0.8733333333333333,0.1266666666666667,0.43849391955098227,1.0
Science/Tech,7d,168.0,<=24h,90,92.5,90-95,8,8,1.0,0.925,0.07499999999999996,0.6755843804891231,1.0
Science/Tech,7d,168.0,<=24h,95,97.5,95-100,19,19,1.0,0.973157894736842,0.026842105263158,0.8318156346315496,1.0
Science/Tech,3d,72.0,all,0,2.5,0-5,147,1,0.006802721088435374,0.01578231292517007,-0.008979591836734694,0.001201827420326599,0.03752488987781927
Science/Tech,3d,72.0,all,5,7.5,5-10,31,1,0.03225806451612903,0.06516129032258065,-0.03290322580645162,0.00571707408694444,0.16194457176169622
Science/Tech,3d,72.0,all,10,12.5,10-15,14,1,0.07142857142857142,0.11428571428571428,-0.04285714285714286,0.012721886112291636,0.3146926955395781
Science/Tech,3d,72.0,all,15,17.5,15-20,8,2,0.25,0.1725,0.07750000000000001,0.07147768885802763,0.5907301208974108
Science/Tech,3d,72.0,all,20,22.5,20-25,6,0,0.0,0.22,-0.22,0.0,0.3903430336530645
Science/Tech,3d,72.0,all,25,27.5,25-30,11,3,0.2727272727272727,0.26454545454545453,0.008181818181818179,0.09745880573921467,0.5656502930102463
Science/Tech,3d,72.0,all,30,32.5,30-35,11,3,0.2727272727272727,0.31636363636363635,-0.04363636363636364,0.09745880573921467,0.5656502930102463
Science/Tech,3d,72.0,all,35,37.5,35-40,3,2,0.6666666666666666,0.37333333333333335,0.2933333333333333,0.2076549551264879,0.9385096847238394
Science/Tech,3d,72.0,all,40,42.5,40-45,2,0,0.0,0.405,-0.405,0.0,0.6576280471103807
Science/Tech,3d,72.0,all,45,47.5,45-50,7,1,0.14285714285714285,0.47285714285714286,-0.33,0.02567895594897479,0.51313450331903
Science/Tech,3d,72.0,all,50,52.5,50-55,6,4,0.6666666666666666,0.5233333333333333,0.1433333333333333,0.29998832134152864,0.9032306674407831
Science/Tech,3d,72.0,all,55,57.5,55-60,9,3,0.3333333333333333,0.5722222222222222,-0.23888888888888887,0.12058159868274293,0.6458026525009102
Science/Tech,3d,72.0,all,60,62.5,60-65,8,5,0.625,0.615,0.010000000000000009,0.30573785458380187,0.863158240538479
Science/Tech,3d,72.0,all,65,67.5,65-70,10,5,0.5,0.684,-0.18400000000000005,0.23658959361548731,0.7634104063845126
Science/Tech,3d,72.0,all,70,72.5,70-75,6,3,0.5,0.7266666666666667,-0.22666666666666668,0.18761280689940868,0.8123871931005913
Science/Tech,3d,72.0,all,75,77.5,75-80,8,5,0.625,0.7775,-0.15249999999999997,0.30573785458380187,0.863158240538479
Science/Tech,3d,72.0,all,80,82.5,80-85,6,5,0.8333333333333334,0.825,0.008333333333333415,0.43649056343635395,0.9699474141282697
Science/Tech,3d,72.0,all,85,87.5,85-90,10,7,0.7,0.866,-0.16600000000000004,0.39677321997956516,0.892210712513788
Science/Tech,3d,72.0,all,90,92.5,90-95,16,16,1.0,0.92,0.07999999999999996,0.8063865817272802,1.0
Science/Tech,3d,72.0,all,95,97.5,95-100,58,57,0.9827586206896551,0.9782758620689656,0.004482758620689586,0.9085892732270167,0.9969500401154581
Science/Tech,3d,72.0,<=1h,0,2.5,0-5,10,0,0.0,0.02,-0.02,0.0,0.2775401687666166
Science/Tech,3d,72.0,<=1h,5,7.5,5-10,4,0,0.0,0.0675,-0.0675,0.0,0.48990002040399916
Science/Tech,3d,72.0,<=1h,10,12.5,10-15,1,0,0.0,0.13,-0.13,0.0,0.7934567085261071
Science/Tech,3d,72.0,<=1h,30,32.5,30-35,1,0,0.0,0.32,-0.32,0.0,0.7934567085261071
Science/Tech,3d,72.0,<=1h,35,37.5,35-40,1,0,0.0,0.35,-0.35,0.0,0.7934567085261071
Science/Tech,3d,72.0,<=1h,50,52.5,50-55,2,2,1.0,0.53,0.47,0.34237195288961925,1.0
Science/Tech,3d,72.0,<=1h,60,62.5,60-65,2,2,1.0,0.63,0.37,0.34237195288961925,1.0
Science/Tech,3d,72.0,<=1h,65,67.5,65-70,6,3,0.5,0.6866666666666668,-0.18666666666666676,0.18761280689940868,0.8123871931005913
Science/Tech,3d,72.0,<=1h,70,72.5,70-75,3,2,0.6666666666666666,0.74,-0.07333333333333336,0.2076549551264879,0.9385096847238394
Science/Tech,3d,72.0,<=1h,75,77.5,75-80,1,1,1.0,0.77,0.22999999999999998,0.20654329147389294,1.0
Science/Tech,3d,72.0,<=1h,80,82.5,80-85,1,1,1.0,0.84,0.16000000000000003,0.20654329147389294,1.0
Science/Tech,3d,72.0,<=1h,85,87.5,85-90,1,1,1.0,0.85,0.15000000000000002,0.20654329147389294,1.0
Science/Tech,3d,72.0,<=1h,90,92.5,90-95,1,1,1.0,0.91,0.08999999999999997,0.20654329147389294,1.0
Science/Tech,3d,72.0,<=1h,95,97.5,95-100,5,5,1.0,0.976,0.02400000000000002,0.5655085052479191,1.0
Science/Tech,3d,72.0,<=6h,0,2.5,0-5,24,0,0.0,0.017083333333333332,-0.017083333333333332,0.0,0.13798057582897535
Science/Tech,3d,72.0,<=6h,5,7.5,5-10,4,0,0.0,0.0675,-0.0675,0.0,0.48990002040399916
Science/Tech,3d,72.0,<=6h,10,12.5,10-15,1,0,0.0,0.13,-0.13,0.0,0.7934567085261071
Science/Tech,3d,72.0,<=6h,15,17.5,15-20,1,1,1.0,0.15,0.85,0.20654329147389294,1.0
Science/Tech,3d,72.0,<=6h,20,22.5,20-25,1,0,0.0,0.23,-0.23,0.0,0.7934567085261071
Science/Tech,3d,72.0,<=6h,25,27.5,25-30,1,0,0.0,0.27,-0.27,0.0,0.7934567085261071
Science/Tech,3d,72.0,<=6h,30,32.5,30-35,4,2,0.5,0.315,0.185,0.15003570882017148,0.8499642911798285
Science/Tech,3d,72.0,<=6h,35,37.5,35-40,1,0,0.0,0.35,-0.35,0.0,0.7934567085261071
Science/Tech,3d,72.0,<=6h,45,47.5,45-50,2,0,0.0,0.47,-0.47,0.0,0.6576280471103807
Science/Tech,3d,72.0,<=6h,50,52.5,50-55,3,3,1.0,0.5266666666666666,0.4733333333333334,0.43849391955098227,1.0
Science/Tech,3d,72.0,<=6h,55,57.5,55-60,2,1,0.5,0.575,-0.07499999999999996,0.09452865480086614,0.9054713451991339
Science/Tech,3d,72.0,<=6h,60,62.5,60-65,4,4,1.0,0.6225,0.37749999999999995,0.5100999795960008,1.0
Science/Tech,3d,72.0,<=6h,65,67.5,65-70,6,3,0.5,0.6866666666666668,-0.18666666666666676,0.18761280689940868,0.8123871931005913
Science/Tech,3d,72.0,<=6h,70,72.5,70-75,3,2,0.6666666666666666,0.74,-0.07333333333333336,0.2076549551264879,0.9385096847238394
Science/Tech,3d,72.0,<=6h,75,77.5,75-80,3,1,0.3333333333333333,0.77,-0.4366666666666667,0.0614903152761605,0.7923450448735121
Science/Tech,3d,72.0,<=6h,80,82.5,80-85,3,3,1.0,0.8266666666666667,0.17333333333333334,0.43849391955098227,1.0
Science/Tech,3d,72.0,<=6h,85,87.5,85-90,2,1,0.5,0.86,-0.36,0.09452865480086614,0.9054713451991339
Science/Tech,3d,72.0,<=6h,90,92.5,90-95,3,3,1.0,0.9133333333333333,0.08666666666666667,0.43849391955098227,1.0
Science/Tech,3d,72.0,<=6h,95,97.5,95-100,11,11,1.0,0.9736363636363636,0.026363636363636367,0.7411599827511859,1.0
Science/Tech,3d,72.0,<=24h,0,2.5,0-5,62,1,0.016129032258064516,0.016451612903225808,-0.00032258064516129184,0.0028527936922403963,0.08586923007388922
Science/Tech,3d,72.0,<=24h,5,7.5,5-10,12,0,0.0,0.065,-0.065,0.0,0.2425007574992425
Science/Tech,3d,72.0,<=24h,10,12.5,10-15,4,0,0.0,0.12,-0.12,0.0,0.48990002040399916
Science/Tech,3d,72.0,<=24h,15,17.5,15-20,4,1,0.25,0.16,0.09,0.045586062644636216,0.6993639475573634
Science/Tech,3d,72.0,<=24h,20,22.5,20-25,2,0,0.0,0.225,-0.225,0.0,0.6576280471103807
Science/Tech,3d,72.0,<=24h,25,27.5,25-30,4,1,0.25,0.2625,-0.012500000000000011,0.045586062644636216,0.6993639475573634
Science/Tech,3d,72.0,<=24h,30,32.5,30-35,9,2,0.2222222222222222,0.32,-0.0977777777777778,0.06322376231222723,0.5474166563271946
Science/Tech,3d,72.0,<=24h,35,37.5,35-40,3,2,0.6666666666666666,0.37333333333333335,0.2933333333333333,0.2076549551264879,0.9385096847238394
Science/Tech,3d,72.0,<=24h,40,42.5,40-45,1,0,0.0,0.4,-0.4,0.0,0.7934567085261071
Science/Tech,3d,72.0,<=24h,45,47.5,45-50,5,0,0.0,0.47,-0.47,0.0,0.43449149475208104
Science/Tech,3d,72.0,<=24h,50,52.5,50-55,5,3,0.6,0.526,0.07399999999999995,0.23071993220883708,0.8823817688407467
Science/Tech,3d,72.0,<=24h,55,57.5,55-60,8,3,0.375,0.57125,-0.19625000000000004,0.13684175946152105,0.6942621454161981
Science/Tech,3d,72.0,<=24h,60,62.5,60-65,7,5,0.7142857142857143,0.6171428571428571,0.0971428571428572,0.35892909014821267,0.9177828342909844
Science/Tech,3d,72.0,<=24h,65,67.5,65-70,8,3,0.375,0.6825,-0.3075,0.13684175946152105,0.6942621454161981
Science/Tech,3d,72.0,<=24h,70,72.5,70-75,5,2,0.4,0.728,-0.32799999999999996,0.1176182311592533,0.769280067791163
Science/Tech,3d,72.0,<=24h,75,77.5,75-80,4,2,0.5,0.7725,-0.27249999999999996,0.15003570882017148,0.8499642911798285
Science/Tech,3d,72.0,<=24h,80,82.5,80-85,6,5,0.8333333333333334,0.825,0.008333333333333415,0.43649056343635395,0.9699474141282697
Science/Tech,3d,72.0,<=24h,85,87.5,85-90,8,6,0.75,0.86125,-0.11124999999999996,0.40926987910258916,0.9285223111419724
Science/Tech,3d,72.0,<=24h,90,92.5,90-95,12,12,1.0,0.9191666666666667,0.08083333333333331,0.7574992425007574,1.0
Science/Tech,3d,72.0,<=24h,95,97.5,95-100,27,27,1.0,0.9744444444444444,0.025555555555555554,0.8754409628553641,1.0
Science/Tech,1d,24.0,all,0,2.5,0-5,163,0,0.0,0.015398773006134969,-0.015398773006134969,0.0,0.023025432506041655
Science/Tech,1d,24.0,all,5,7.5,5-10,33,3,0.09090909090909091,0.06333333333333332,0.027575757575757587,0.03140337104926305,0.23572943534351032
Science/Tech,1d,24.0,all,10,12.5,10-15,17,3,0.17647058823529413,0.11588235294117646,0.060588235294117665,0.0619101371254899,0.41029929017375777
Science/Tech,1d,24.0,all,15,17.5,15-20,6,0,0.0,0.17,-0.17,0.0,0.3903430336530645
Science/Tech,1d,24.0,all,20,22.5,20-25,9,2,0.2222222222222222,0.21666666666666667,0.005555555555555536,0.06322376231222723,0.5474166563271946
Science/Tech,1d,24.0,all,25,27.5,25-30,8,2,0.25,0.26625,-0.016249999999999987,0.07147768885802763,0.5907301208974108
Science/Tech,1d,24.0,all,30,32.5,30-35,7,2,0.2857142857142857,0.32,-0.03428571428571431,0.0822171657090155,0.6410709098517873
Science/Tech,1d,24.0,all,35,37.5,35-40,1,1,1.0,0.38,0.62,0.20654329147389294,1.0
Science/Tech,1d,24.0,all,40,42.5,40-45,5,1,0.2,0.42200000000000004,-0.22200000000000003,0.03622316096978745,0.6244717358814613
Science/Tech,1d,24.0,all,45,47.5,45-50,4,2,0.5,0.4575,0.04249999999999998,0.15003570882017148,0.8499642911798285
Science/Tech,1d,24.0,all,50,52.5,50-55,8,4,0.5,0.515,-0.015000000000000013,0.21521252682444186,0.7847874731755582
Science/Tech,1d,24.0,all,55,57.5,55-60,3,0,0.0,0.57,-0.57,0.0,0.5615060804490177
Science/Tech,1d,24.0,all,60,62.5,60-65,11,8,0.7272727272727273,0.620909090909091,0.10636363636363633,0.4343497069897537,0.9025411942607853
Science/Tech,1d,24.0,all,65,67.5,65-70,10,6,0.6,0.6679999999999999,-0.06799999999999995,0.3126695474501864,0.8318224187964902
Science/Tech,1d,24.0,all,70,72.5,70-75,8,3,0.375,0.715,-0.33999999999999997,0.13684175946152105,0.6942621454161981
Science/Tech,1d,24.0,all,75,77.5,75-80,7,4,0.5714285714285714,0.7771428571428571,-0.20571428571428574,0.2504542304090258,0.8417830777373732
Science/Tech,1d,24.0,all,80,82.5,80-85,7,4,0.5714285714285714,0.8157142857142857,-0.24428571428571433,0.2504542304090258,0.8417830777373732
Science/Tech,1d,24.0,all,85,87.5,85-90,14,13,0.9285714285714286,0.8728571428571429,0.055714285714285716,0.6853073044604219,0.9872781138877085
Science/Tech,1d,24.0,all,90,92.5,90-95,16,16,1.0,0.925625,0.07437499999999997,0.8063865817272802,1.0
Science/Tech,1d,24.0,all,95,97.5,95-100,76,75,0.9868421052631579,0.98,0.006842105263157872,0.929161553705025,0.9976735798594324
Science/Tech,1d,24.0,<=1h,0,2.5,0-5,10,0,0.0,0.011000000000000001,-0.011000000000000001,0.0,0.2775401687666166
Science/Tech,1d,24.0,<=1h,5,7.5,5-10,4,0,0.0,0.065,-0.065,0.0,0.48990002040399916
Science/Tech,1d,24.0,<=1h,10,12.5,10-15,1,0,0.0,0.13,-0.13,0.0,0.7934567085261071
Science/Tech,1d,24.0,<=1h,20,22.5,20-25,5,1,0.2,0.222,-0.021999999999999992,0.03622316096978745,0.6244717358814613
Science/Tech,1d,24.0,<=1h,25,27.5,25-30,1,0,0.0,0.28,-0.28,0.0,0.7934567085261071
Science/Tech,1d,24.0,<=1h,30,32.5,30-35,1,0,0.0,0.33,-0.33,0.0,0.7934567085261071
Science/Tech,1d,24.0,<=1h,40,42.5,40-45,4,0,0.0,0.4225,-0.4225,0.0,0.48990002040399916
Science/Tech,1d,24.0,<=1h,45,47.5,45-50,1,1,1.0,0.46,0.54,0.20654329147389294,1.0
Science/Tech,1d,24.0,<=1h,50,52.5,50-55,2,1,0.5,0.52,-0.020000000000000018,0.09452865480086614,0.9054713451991339
Science/Tech,1d,24.0,<=1h,60,62.5,60-65,6,5,0.8333333333333334,0.6183333333333334,0.21499999999999997,0.43649056343635395,0.9699474141282697
Science/Tech,1d,24.0,<=1h,65,67.5,65-70,4,3,0.75,0.6775,0.07250000000000001,0.3006360524426366,0.9544139373553637
Science/Tech,1d,24.0,<=1h,70,72.5,70-75,3,0,0.0,0.7133333333333333,-0.7133333333333333,0.0,0.5615060804490177
Science/Tech,1d,24.0,<=1h,75,77.5,75-80,3,2,0.6666666666666666,0.7733333333333333,-0.10666666666666669,0.2076549551264879,0.9385096847238394
Science/Tech,1d,24.0,<=1h,80,82.5,80-85,6,3,0.5,0.8183333333333332,-0.31833333333333325,0.18761280689940868,0.8123871931005913
Science/Tech,1d,24.0,<=1h,85,87.5,85-90,4,4,1.0,0.8825,0.11750000000000005,0.5100999795960008,1.0
Science/Tech,1d,24.0,<=1h,90,92.5,90-95,3,3,1.0,0.9066666666666667,0.09333333333333327,0.43849391955098227,1.0
Science/Tech,1d,24.0,<=1h,95,97.5,95-100,7,7,1.0,0.9714285714285714,0.02857142857142858,0.6456611570247934,1.0
Science/Tech,1d,24.0,<=6h,0,2.5,0-5,36,0,0.0,0.014722222222222223,-0.014722222222222223,0.0,0.09642183044857634
Science/Tech,1d,24.0,<=6h,5,7.5,5-10,5,0,0.0,0.062,-0.062,0.0,0.43449149475208104
Science/Tech,1d,24.0,<=6h,10,12.5,10-15,2,0,0.0,0.135,-0.135,0.0,0.6576280471103807
Science/Tech,1d,24.0,<=6h,20,22.5,20-25,5,1,0.2,0.222,-0.021999999999999992,0.03622316096978745,0.6244717358814613
Science/Tech,1d,24.0,<=6h,25,27.5,25-30,2,0,0.0,0.275,-0.275,0.0,0.6576280471103807
Science/Tech,1d,24.0,<=6h,30,32.5,30-35,2,1,0.5,0.335,0.16499999999999998,0.09452865480086614,0.9054713451991339
Science/Tech,1d,24.0,<=6h,40,42.5,40-45,4,0,0.0,0.4225,-0.4225,0.0,0.48990002040399916
Science/Tech,1d,24.0,<=6h,45,47.5,45-50,2,2,1.0,0.455,0.5449999999999999,0.34237195288961925,1.0
Science/Tech,1d,24.0,<=6h,50,52.5,50-55,3,2,0.6666666666666666,0.5266666666666666,0.14,0.2076549551264879,0.9385096847238394
Science/Tech,1d,24.0,<=6h,60,62.5,60-65,7,5,0.7142857142857143,0.6214285714285714,0.09285714285714286,0.35892909014821267,0.9177828342909844
Science/Tech,1d,24.0,<=6h,65,67.5,65-70,5,3,0.6,0.672,-0.07200000000000006,0.23071993220883708,0.8823817688407467
Science/Tech,1d,24.0,<=6h,70,72.5,70-75,4,1,0.25,0.72,-0.47,0.045586062644636216,0.6993639475573634
Science/Tech,1d,24.0,<=6h,75,77.5,75-80,4,2,0.5,0.7725,-0.27249999999999996,0.15003570882017148,0.8499642911798285
Science/Tech,1d,24.0,<=6h,80,82.5,80-85,6,3,0.5,0.8183333333333332,-0.31833333333333325,0.18761280689940868,0.8123871931005913
Science/Tech,1d,24.0,<=6h,85,87.5,85-90,5,5,1.0,0.882,0.118,0.5655085052479191,1.0
Science/Tech,1d,24.0,<=6h,90,92.5,90-95,5,5,1.0,0.9159999999999999,0.08400000000000007,0.5655085052479191,1.0
Science/Tech,1d,24.0,<=6h,95,97.5,95-100,17,17,1.0,0.9794117647058823,0.020588235294117685,0.8156763396284354,1.0
Science/Tech,1d,24.0,<=24h,0,2.5,0-5,68,0,0.0,0.014264705882352941,-0.014264705882352941,0.0,0.05347319658804926
Science/Tech,1d,24.0,<=24h,5,7.5,5-10,16,3,0.1875,0.06375,0.12375,0.06591478773586765,0.4300935986845823
Science/Tech,1d,24.0,<=24h,10,12.5,10-15,7,0,0.0,0.11571428571428571,-0.11571428571428571,0.0,0.35433884297520657
Science/Tech,1d,24.0,<=24h,15,17.5,15-20,5,0,0.0,0.168,-0.168,0.0,0.43449149475208104
Science/Tech,1d,24.0,<=24h,20,22.5,20-25,8,2,0.25,0.21875,0.03125,0.07147768885802763,0.5907301208974108
Science/Tech,1d,24.0,<=24h,25,27.5,25-30,5,0,0.0,0.266,-0.266,0.0,0.43449149475208104
Science/Tech,1d,24.0,<=24h,30,32.5,30-35,6,2,0.3333333333333333,0.3183333333333333,0.015000000000000013,0.09676933255921683,0.7000116786584712
Science/Tech,1d,24.0,<=24h,35,37.5,35-40,1,1,1.0,0.38,0.62,0.20654329147389294,1.0
Science/Tech,1d,24.0,<=24h,40,42.5,40-45,5,1,0.2,0.42200000000000004,-0.22200000000000003,0.03622316096978745,0.6244717358814613
Science/Tech,1d,24.0,<=24h,45,47.5,45-50,3,2,0.6666666666666666,0.45666666666666667,0.20999999999999996,0.2076549551264879,0.9385096847238394
Science/Tech,1d,24.0,<=24h,50,52.5,50-55,6,2,0.3333333333333333,0.515,-0.1816666666666667,0.09676933255921683,0.7000116786584712
Science/Tech,1d,24.0,<=24h,55,57.5,55-60,3,0,0.0,0.57,-0.57,0.0,0.5615060804490177
Science/Tech,1d,24.0,<=24h,60,62.5,60-65,11,8,0.7272727272727273,0.620909090909091,0.10636363636363633,0.4343497069897537,0.9025411942607853
Science/Tech,1d,24.0,<=24h,65,67.5,65-70,9,5,0.5555555555555556,0.6655555555555556,-0.10999999999999999,0.2666473457440297,0.811224570528086
Science/Tech,1d,24.0,<=24h,70,72.5,70-75,7,2,0.2857142857142857,0.7142857142857143,-0.4285714285714286,0.0822171657090155,0.6410709098517873
Science/Tech,1d,24.0,<=24h,75,77.5,75-80,5,2,0.4,0.774,-0.374,0.1176182311592533,0.769280067791163
Science/Tech,1d,24.0,<=24h,80,82.5,80-85,7,4,0.5714285714285714,0.8157142857142857,-0.24428571428571433,0.2504542304090258,0.8417830777373732
Science/Tech,1d,24.0,<=24h,85,87.5,85-90,8,8,1.0,0.8775,0.12250000000000005,0.6755843804891231,1.0
Science/Tech,1d,24.0,<=24h,90,92.5,90-95,10,10,1.0,0.922,0.07799999999999996,0.7224598312333834,1.0
Science/Tech,1d,24.0,<=24h,95,97.5,95-100,43,42,0.9767441860465116,0.9779069767441861,-0.001162790697674554,0.8794073213878312,0.9958830188225801
Science/Tech,6h,6.0,all,0,2.5,0-5,195,0,0.0,0.014358974358974359,-0.014358974358974359,0.0,0.019319900865814796
Science/Tech,6h,6.0,all,5,7.5,5-10,25,1,0.04,0.0644,-0.024399999999999998,0.007096050386699165,0.19544472405022525
Science/Tech,6h,6.0,all,10,12.5,10-15,11,2,0.18181818181818182,0.11181818181818182,0.07,0.05136660067100063,0.4769861375782448
Science/Tech,6h,6.0,all,15,17.5,15-20,6,1,0.16666666666666666,0.17,-0.003333333333333355,0.03005258587173032,0.563509436563646
Science/Tech,6h,6.0,all,20,22.5,20-25,8,2,0.25,0.22,0.03,0.07147768885802763,0.5907301208974108
Science/Tech,6h,6.0,all,25,27.5,25-30,4,1,0.25,0.26,-0.010000000000000009,0.045586062644636216,0.6993639475573634
Science/Tech,6h,6.0,all,30,32.5,30-35,3,1,0.3333333333333333,0.3133333333333333,0.020000000000000018,0.0614903152761605,0.7923450448735121
Science/Tech,6h,6.0,all,35,37.5,35-40,6,1,0.16666666666666666,0.36166666666666664,-0.19499999999999998,0.03005258587173032,0.563509436563646
Science/Tech,6h,6.0,all,40,42.5,40-45,2,0,0.0,0.435,-0.435,0.0,0.6576280471103807
Science/Tech,6h,6.0,all,45,47.5,45-50,1,1,1.0,0.45,0.55,0.20654329147389294,1.0
Science/Tech,6h,6.0,all,50,52.5,50-55,11,8,0.7272727272727273,0.51,0.21727272727272728,0.4343497069897537,0.9025411942607853
Science/Tech,6h,6.0,all,55,57.5,55-60,3,1,0.3333333333333333,0.57,-0.23666666666666664,0.0614903152761605,0.7923450448735121
Science/Tech,6h,6.0,all,60,62.5,60-65,8,3,0.375,0.61875,-0.24375000000000002,0.13684175946152105,0.6942621454161981
Science/Tech,6h,6.0,all,65,67.5,65-70,6,4,0.6666666666666666,0.6816666666666668,-0.015000000000000124,0.29998832134152864,0.9032306674407831
Science/Tech,6h,6.0,all,70,72.5,70-75,4,2,0.5,0.73,-0.22999999999999998,0.15003570882017148,0.8499642911798285
Science/Tech,6h,6.0,all,75,77.5,75-80,6,3,0.5,0.7633333333333333,-0.2633333333333333,0.18761280689940868,0.8123871931005913
Science/Tech,6h,6.0,all,80,82.5,80-85,8,8,1.0,0.815,0.18500000000000005,0.6755843804891231,1.0
Science/Tech,6h,6.0,all,85,87.5,85-90,8,8,1.0,0.87125,0.12875000000000003,0.6755843804891231,1.0
Science/Tech,6h,6.0,all,90,92.5,90-95,19,18,0.9473684210526315,0.92,0.027368421052631486,0.7536078466345479,0.99064824750947
Science/Tech,6h,6.0,all,95,97.5,95-100,91,90,0.989010989010989,0.9826373626373627,0.006373626373626373,0.9403491964093862,0.9980575786766521
Science/Tech,6h,6.0,<=1h,0,2.5,0-5,9,0,0.0,0.012222222222222223,-0.012222222222222223,0.0,0.2991527535509594
Science/Tech,6h,6.0,<=1h,5,7.5,5-10,2,0,0.0,0.07,-0.07,0.0,0.6576280471103807
Science/Tech,6h,6.0,<=1h,10,12.5,10-15,1,0,0.0,0.11,-0.11,0.0,0.7934567085261071
Science/Tech,6h,6.0,<=1h,25,27.5,25-30,1,1,1.0,0.26,0.74,0.20654329147389294,1.0
Science/Tech,6h,6.0,<=1h,30,32.5,30-35,1,0,0.0,0.31,-0.31,0.0,0.7934567085261071
Science/Tech,6h,6.0,<=1h,40,42.5,40-45,1,0,0.0,0.44,-0.44,0.0,0.7934567085261071
Science/Tech,6h,6.0,<=1h,50,52.5,50-55,5,3,0.6,0.508,0.09199999999999997,0.23071993220883708,0.8823817688407467
Science/Tech,6h,6.0,<=1h,60,62.5,60-65,2,0,0.0,0.62,-0.62,0.0,0.6576280471103807
Science/Tech,6h,6.0,<=1h,65,67.5,65-70,2,2,1.0,0.675,0.32499999999999996,0.34237195288961925,1.0
Science/Tech,6h,6.0,<=1h,75,77.5,75-80,2,1,0.5,0.75,-0.25,0.09452865480086614,0.9054713451991339
Science/Tech,6h,6.0,<=1h,80,82.5,80-85,2,2,1.0,0.81,0.18999999999999995,0.34237195288961925,1.0
Science/Tech,6h,6.0,<=1h,85,87.5,85-90,2,2,1.0,0.89,0.10999999999999999,0.34237195288961925,1.0
Science/Tech,6h,6.0,<=1h,90,92.5,90-95,4,3,0.75,0.905,-0.15500000000000003,0.3006360524426366,0.9544139373553637
Science/Tech,6h,6.0,<=1h,95,97.5,95-100,6,6,1.0,0.9833333333333333,0.01666666666666672,0.6096569663469354,0.9999999999999999
Science/Tech,6h,6.0,<=6h,0,2.5,0-5,54,0,0.0,0.014074074074074074,-0.014074074074074074,6.938893903907228e-18,0.06641586678100189
Science/Tech,6h,6.0,<=6h,5,7.5,5-10,3,0,0.0,0.06666666666666667,-0.06666666666666667,0.0,0.5615060804490177
Science/Tech,6h,6.0,<=6h,10,12.5,10-15,3,0,0.0,0.11333333333333334,-0.11333333333333334,0.0,0.5615060804490177
Science/Tech,6h,6.0,<=6h,15,17.5,15-20,2,1,0.5,0.18,0.32,0.09452865480086614,0.9054713451991339
Science/Tech,6h,6.0,<=6h,20,22.5,20-25,4,1,0.25,0.2275,0.022499999999999992,0.045586062644636216,0.6993639475573634
Science/Tech,6h,6.0,<=6h,25,27.5,25-30,3,1,0.3333333333333333,0.2633333333333333,0.07,0.0614903152761605,0.7923450448735121
Science/Tech,6h,6.0,<=6h,30,32.5,30-35,1,0,0.0,0.31,-0.31,0.0,0.7934567085261071
Science/Tech,6h,6.0,<=6h,35,37.5,35-40,4,1,0.25,0.3675,-0.1175,0.045586062644636216,0.6993639475573634
Science/Tech,6h,6.0,<=6h,40,42.5,40-45,1,0,0.0,0.44,-0.44,0.0,0.7934567085261071
Science/Tech,6h,6.0,<=6h,50,52.5,50-55,8,6,0.75,0.505,0.245,0.40926987910258916,0.9285223111419724
Science/Tech,6h,6.0,<=6h,55,57.5,55-60,2,1,0.5,0.57,-0.06999999999999995,0.09452865480086614,0.9054713451991339
Science/Tech,6h,6.0,<=6h,60,62.5,60-65,6,2,0.3333333333333333,0.62,-0.2866666666666667,0.09676933255921683,0.7000116786584712
Science/Tech,6h,6.0,<=6h,65,67.5,65-70,4,3,0.75,0.68,0.06999999999999995,0.3006360524426366,0.9544139373553637
Science/Tech,6h,6.0,<=6h,75,77.5,75-80,4,2,0.5,0.7525,-0.25249999999999995,0.15003570882017148,0.8499642911798285
Science/Tech,6h,6.0,<=6h,80,82.5,80-85,5,5,1.0,0.812,0.18799999999999994,0.5655085052479191,1.0
Science/Tech,6h,6.0,<=6h,85,87.5,85-90,4,4,1.0,0.8825,0.11750000000000005,0.5100999795960008,1.0
Science/Tech,6h,6.0,<=6h,90,92.5,90-95,9,8,0.8888888888888888,0.9166666666666667,-0.0277777777777779,0.5649937852319399,0.9801096286728695
Science/Tech,6h,6.0,<=6h,95,97.5,95-100,29,29,1.0,0.9848275862068965,0.015172413793103523,0.8830264055344442,1.0
Science/Tech,6h,6.0,<=24h,0,2.5,0-5,92,0,0.0,0.014456521739130434,-0.014456521739130434,0.0,0.04008280329209862
Science/Tech,6h,6.0,<=24h,5,7.5,5-10,11,0,0.0,0.06363636363636363,-0.06363636363636363,2.7755575615628914e-17,0.2588400172488141
Science/Tech,6h,6.0,<=24h,10,12.5,10-15,4,0,0.0,0.1125,-0.1125,0.0,0.48990002040399916
Science/Tech,6h,6.0,<=24h,15,17.5,15-20,4,1,0.25,0.17,0.07999999999999999,0.045586062644636216,0.6993639475573634
Science/Tech,6h,6.0,<=24h,20,22.5,20-25,5,1,0.2,0.228,-0.027999999999999997,0.03622316096978745,0.6244717358814613
Science/Tech,6h,6.0,<=24h,25,27.5,25-30,3,1,0.3333333333333333,0.2633333333333333,0.07,0.0614903152761605,0.7923450448735121
Science/Tech,6h,6.0,<=24h,30,32.5,30-35,2,1,0.5,0.305,0.195,0.09452865480086614,0.9054713451991339
Science/Tech,6h,6.0,<=24h,35,37.5,35-40,6,1,0.16666666666666666,0.36166666666666664,-0.19499999999999998,0.03005258587173032,0.563509436563646
Science/Tech,6h,6.0,<=24h,40,42.5,40-45,2,0,0.0,0.435,-0.435,0.0,0.6576280471103807
Science/Tech,6h,6.0,<=24h,45,47.5,45-50,1,1,1.0,0.45,0.55,0.20654329147389294,1.0
Science/Tech,6h,6.0,<=24h,50,52.5,50-55,10,7,0.7,0.51,0.18999999999999995,0.39677321997956516,0.892210712513788
Science/Tech,6h,6.0,<=24h,55,57.5,55-60,3,1,0.3333333333333333,0.57,-0.23666666666666664,0.0614903152761605,0.7923450448735121
Science/Tech,6h,6.0,<=24h,60,62.5,60-65,7,2,0.2857142857142857,0.6171428571428571,-0.3314285714285714,0.0822171657090155,0.6410709098517873
Science/Tech,6h,6.0,<=24h,65,67.5,65-70,5,3,0.6,0.68,-0.08000000000000007,0.23071993220883708,0.8823817688407467
Science/Tech,6h,6.0,<=24h,70,72.5,70-75,2,1,0.5,0.74,-0.24,0.09452865480086614,0.9054713451991339
Science/Tech,6h,6.0,<=24h,75,77.5,75-80,5,2,0.4,0.758,-0.358,0.1176182311592533,0.769280067791163
Science/Tech,6h,6.0,<=24h,80,82.5,80-85,8,8,1.0,0.815,0.18500000000000005,0.6755843804891231,1.0
Science/Tech,6h,6.0,<=24h,85,87.5,85-90,6,6,1.0,0.8716666666666667,0.1283333333333333,0.6096569663469354,0.9999999999999999
Science/Tech,6h,6.0,<=24h,90,92.5,90-95,16,15,0.9375,0.9175,0.020000000000000018,0.7167073163197013,0.9888809426916687
Science/Tech,6h,6.0,<=24h,95,97.5,95-100,55,55,1.0,0.9836363636363636,0.016363636363636358,0.9347128562105721,0.9999999999999999
Science/Tech,1h,1.0,all,0,2.5,0-5,199,1,0.005025125628140704,0.014170854271356783,-0.00914572864321608,0.0008875866694877336,0.02791123960677907
Science/Tech,1h,1.0,all,5,7.5,5-10,25,1,0.04,0.062,-0.022,0.007096050386699165,0.19544472405022525
Science/Tech,1h,1.0,all,10,12.5,10-15,10,2,0.2,0.113,0.08700000000000001,0.056680947980693314,0.5098431532792765
Science/Tech,1h,1.0,all,15,17.5,15-20,6,1,0.16666666666666666,0.17,-0.003333333333333355,0.03005258587173032,0.563509436563646
Science/Tech,1h,1.0,all,20,22.5,20-25,8,1,0.125,0.21625,-0.09125,0.02241690886329617,0.4708948057698615
Science/Tech,1h,1.0,all,25,27.5,25-30,5,1,0.2,0.262,-0.062,0.03622316096978745,0.6244717358814613
Science/Tech,1h,1.0,all,30,32.5,30-35,2,0,0.0,0.32,-0.32,0.0,0.6576280471103807
Science/Tech,1h,1.0,all,35,37.5,35-40,5,1,0.2,0.36200000000000004,-0.16200000000000003,0.03622316096978745,0.6244717358814613
Science/Tech,1h,1.0,all,40,42.5,40-45,3,1,0.3333333333333333,0.42666666666666664,-0.09333333333333332,0.0614903152761605,0.7923450448735121
Science/Tech,1h,1.0,all,45,47.5,45-50,1,1,1.0,0.45,0.55,0.20654329147389294,1.0
Science/Tech,1h,1.0,all,50,52.5,50-55,6,4,0.6666666666666666,0.515,0.15166666666666662,0.29998832134152864,0.9032306674407831
Science/Tech,1h,1.0,all,55,57.5,55-60,3,1,0.3333333333333333,0.5733333333333334,-0.24000000000000005,0.0614903152761605,0.7923450448735121
Science/Tech,1h,1.0,all,60,62.5,60-65,5,1,0.2,0.622,-0.422,0.03622316096978745,0.6244717358814613
Science/Tech,1h,1.0,all,65,67.5,65-70,5,3,0.6,0.6759999999999999,-0.07599999999999996,0.23071993220883708,0.8823817688407467
Science/Tech,1h,1.0,all,70,72.5,70-75,5,2,0.4,0.728,-0.32799999999999996,0.1176182311592533,0.769280067791163
Science/Tech,1h,1.0,all,75,77.5,75-80,5,3,0.6,0.764,-0.16400000000000003,0.23071993220883708,0.8823817688407467
Science/Tech,1h,1.0,all,80,82.5,80-85,6,6,1.0,0.81,0.18999999999999995,0.6096569663469354,0.9999999999999999
Science/Tech,1h,1.0,all,85,87.5,85-90,6,6,1.0,0.87,0.13,0.6096569663469354,0.9999999999999999
Science/Tech,1h,1.0,all,90,92.5,90-95,18,18,1.0,0.9211111111111111,0.0788888888888889,0.8241154494176252,1.0
Science/Tech,1h,1.0,all,95,97.5,95-100,103,102,0.9902912621359223,0.9826213592233011,0.0076699029126212626,0.9470405148534974,0.9982841526917287
Science/Tech,1h,1.0,<=1h,0,2.5,0-5,22,0,0.0,0.016363636363636365,-0.016363636363636365,1.3877787807814457e-17,0.14865952572596125
Science/Tech,1h,1.0,<=1h,25,27.5,25-30,2,1,0.5,0.265,0.235,0.09452865480086614,0.9054713451991339
Science/Tech,1h,1.0,<=1h,35,37.5,35-40,1,1,1.0,0.37,0.63,0.20654329147389294,1.0
Science/Tech,1h,1.0,<=1h,60,62.5,60-65,2,1,0.5,0.64,-0.14,0.09452865480086614,0.9054713451991339
Science/Tech,1h,1.0,<=1h,65,67.5,65-70,2,1,0.5,0.665,-0.16500000000000004,0.09452865480086614,0.9054713451991339
Science/Tech,1h,1.0,<=1h,70,72.5,70-75,1,0,0.0,0.72,-0.72,0.0,0.7934567085261071
Science/Tech,1h,1.0,<=1h,75,77.5,75-80,1,1,1.0,0.78,0.21999999999999997,0.20654329147389294,1.0
Science/Tech,1h,1.0,<=1h,80,82.5,80-85,2,2,1.0,0.8,0.19999999999999996,0.34237195288961925,1.0
Science/Tech,1h,1.0,<=1h,90,92.5,90-95,2,2,1.0,0.92,0.07999999999999996,0.34237195288961925,1.0
Science/Tech,1h,1.0,<=1h,95,97.5,95-100,20,20,1.0,0.9854999999999999,0.014500000000000068,0.8388698745050667,1.0
Science/Tech,1h,1.0,<=6h,0,2.5,0-5,41,1,0.024390243902439025,0.014390243902439023,0.010000000000000002,0.00431842027071648,0.12595347011678087
Science/Tech,1h,1.0,<=6h,5,7.5,5-10,4,0,0.0,0.0625,-0.0625,0.0,0.48990002040399916
Science/Tech,1h,1.0,<=6h,10,12.5,10-15,1,0,0.0,0.14,-0.14,0.0,0.7934567085261071
Science/Tech,1h,1.0,<=6h,20,22.5,20-25,2,0,0.0,0.215,-0.215,0.0,0.6576280471103807
Science/Tech,1h,1.0,<=6h,25,27.5,25-30,2,1,0.5,0.265,0.235,0.09452865480086614,0.9054713451991339
Science/Tech,1h,1.0,<=6h,30,32.5,30-35,1,0,0.0,0.31,-0.31,0.0,0.7934567085261071
Science/Tech,1h,1.0,<=6h,35,37.5,35-40,2,1,0.5,0.365,0.135,0.09452865480086614,0.9054713451991339
Science/Tech,1h,1.0,<=6h,40,42.5,40-45,2,1,0.5,0.425,0.07500000000000001,0.09452865480086614,0.9054713451991339
Science/Tech,1h,1.0,<=6h,50,52.5,50-55,2,1,0.5,0.53,-0.030000000000000027,0.09452865480086614,0.9054713451991339
Science/Tech,1h,1.0,<=6h,55,57.5,55-60,1,1,1.0,0.58,0.42000000000000004,0.20654329147389294,1.0
Science/Tech,1h,1.0,<=6h,60,62.5,60-65,3,1,0.3333333333333333,0.63,-0.2966666666666667,0.0614903152761605,0.7923450448735121
Science/Tech,1h,1.0,<=6h,65,67.5,65-70,4,2,0.5,0.6725,-0.1725,0.15003570882017148,0.8499642911798285
Science/Tech,1h,1.0,<=6h,70,72.5,70-75,1,0,0.0,0.72,-0.72,0.0,0.7934567085261071
Science/Tech,1h,1.0,<=6h,75,77.5,75-80,3,2,0.6666666666666666,0.76,-0.09333333333333338,0.2076549551264879,0.9385096847238394
Science/Tech,1h,1.0,<=6h,80,82.5,80-85,2,2,1.0,0.8,0.19999999999999996,0.34237195288961925,1.0
Science/Tech,1h,1.0,<=6h,85,87.5,85-90,2,2,1.0,0.88,0.12,0.34237195288961925,1.0
Science/Tech,1h,1.0,<=6h,90,92.5,90-95,5,5,1.0,0.92,0.07999999999999996,0.5655085052479191,1.0
Science/Tech,1h,1.0,<=6h,95,97.5,95-100,34,34,1.0,0.9844117647058823,0.01558823529411768,0.8984820937803899,1.0
Science/Tech,1h,1.0,<=24h,0,2.5,0-5,93,1,0.010752688172043012,0.014193548387096775,-0.0034408602150537634,0.001900593097955601,0.05842059118648415
Science/Tech,1h,1.0,<=24h,5,7.5,5-10,11,0,0.0,0.061818181818181814,-0.061818181818181814,2.7755575615628914e-17,0.2588400172488141
Science/Tech,1h,1.0,<=24h,10,12.5,10-15,3,0,0.0,0.11666666666666665,-0.11666666666666665,0.0,0.5615060804490177
Science/Tech,1h,1.0,<=24h,15,17.5,15-20,4,1,0.25,0.17,0.07999999999999999,0.045586062644636216,0.6993639475573634
Science/Tech,1h,1.0,<=24h,20,22.5,20-25,5,0,0.0,0.222,-0.222,0.0,0.43449149475208104
Science/Tech,1h,1.0,<=24h,25,27.5,25-30,4,1,0.25,0.265,-0.015000000000000013,0.045586062644636216,0.6993639475573634
Science/Tech,1h,1.0,<=24h,30,32.5,30-35,1,0,0.0,0.31,-0.31,0.0,0.7934567085261071
Science/Tech,1h,1.0,<=24h,35,37.5,35-40,5,1,0.2,0.36200000000000004,-0.16200000000000003,0.03622316096978745,0.6244717358814613
Science/Tech,1h,1.0,<=24h,40,42.5,40-45,3,1,0.3333333333333333,0.42666666666666664,-0.09333333333333332,0.0614903152761605,0.7923450448735121
Science/Tech,1h,1.0,<=24h,45,47.5,45-50,1,1,1.0,0.45,0.55,0.20654329147389294,1.0
Science/Tech,1h,1.0,<=24h,50,52.5,50-55,5,3,0.6,0.516,0.08399999999999996,0.23071993220883708,0.8823817688407467
Science/Tech,1h,1.0,<=24h,55,57.5,55-60,3,1,0.3333333333333333,0.5733333333333334,-0.24000000000000005,0.0614903152761605,0.7923450448735121
Science/Tech,1h,1.0,<=24h,60,62.5,60-65,5,1,0.2,0.622,-0.422,0.03622316096978745,0.6244717358814613
Science/Tech,1h,1.0,<=24h,65,67.5,65-70,4,2,0.5,0.6725,-0.1725,0.15003570882017148,0.8499642911798285
Science/Tech,1h,1.0,<=24h,70,72.5,70-75,2,0,0.0,0.73,-0.73,0.0,0.6576280471103807
Science/Tech,1h,1.0,<=24h,75,77.5,75-80,4,2,0.5,0.7575,-0.25749999999999995,0.15003570882017148,0.8499642911798285
Science/Tech,1h,1.0,<=24h,80,82.5,80-85,6,6,1.0,0.81,0.18999999999999995,0.6096569663469354,0.9999999999999999
Science/Tech,1h,1.0,<=24h,85,87.5,85-90,4,4,1.0,0.87,0.13,0.5100999795960008,1.0
Science/Tech,1h,1.0,<=24h,90,92.5,90-95,14,14,1.0,0.9178571428571429,0.08214285714285707,0.7846829880728186,1.0
Science/Tech,1h,1.0,<=24h,95,97.5,95-100,66,66,1.0,0.9833333333333333,0.01666666666666672,0.9449955327483907,1.0
World Events,30d,720.0,all,0,2.5,0-5,32,1,0.03125,0.0184375,0.012812500000000001,0.005537717362550945,0.15744607800372734
World Events,30d,720.0,all,5,7.5,5-10,22,6,0.2727272727272727,0.06954545454545454,0.20318181818181819,0.1315058201581444,0.4815212369900198
World Events,30d,720.0,all,10,12.5,10-15,17,7,0.4117647058823529,0.11411764705882353,0.2976470588235294,0.21610786039131383,0.6399492561448447
World Events,30d,720.0,all,15,17.5,15-20,7,2,0.2857142857142857,0.16142857142857142,0.12428571428571428,0.0822171657090155,0.6410709098517873
World Events,30d,720.0,all,20,22.5,20-25,8,5,0.625,0.21625,0.40875,0.30573785458380187,0.863158240538479
World Events,30d,720.0,all,25,27.5,25-30,5,2,0.4,0.27399999999999997,0.12600000000000006,0.1176182311592533,0.769280067791163
World Events,30d,720.0,all,30,32.5,30-35,3,2,0.6666666666666666,0.3133333333333333,0.35333333333333333,0.2076549551264879,0.9385096847238394
World Events,30d,720.0,all,35,37.5,35-40,2,2,1.0,0.39,0.61,0.34237195288961925,1.0
World Events,30d,720.0,all,40,42.5,40-45,2,0,0.0,0.415,-0.415,0.0,0.6576280471103807
World Events,30d,720.0,all,45,47.5,45-50,1,0,0.0,0.49,-0.49,0.0,0.7934567085261071
World Events,30d,720.0,all,50,52.5,50-55,1,1,1.0,0.52,0.48,0.20654329147389294,1.0
World Events,30d,720.0,all,55,57.5,55-60,1,1,1.0,0.58,0.42000000000000004,0.20654329147389294,1.0
World Events,30d,720.0,all,60,62.5,60-65,7,7,1.0,0.6142857142857143,0.3857142857142857,0.6456611570247934,1.0
World Events,30d,720.0,all,65,67.5,65-70,4,4,1.0,0.6575,0.3425,0.5100999795960008,1.0
World Events,30d,720.0,all,70,72.5,70-75,1,1,1.0,0.74,0.26,0.20654329147389294,1.0
World Events,30d,720.0,all,85,87.5,85-90,1,1,1.0,0.86,0.14,0.20654329147389294,1.0
World Events,30d,720.0,<=1h,15,17.5,15-20,1,0,0.0,0.15,-0.15,0.0,0.7934567085261071
World Events,30d,720.0,<=1h,20,22.5,20-25,2,2,1.0,0.225,0.775,0.34237195288961925,1.0
World Events,30d,720.0,<=1h,25,27.5,25-30,1,0,0.0,0.27,-0.27,0.0,0.7934567085261071
World Events,30d,720.0,<=1h,35,37.5,35-40,1,1,1.0,0.39,0.61,0.20654329147389294,1.0
World Events,30d,720.0,<=1h,40,42.5,40-45,1,0,0.0,0.43,-0.43,0.0,0.7934567085261071
World Events,30d,720.0,<=1h,60,62.5,60-65,1,1,1.0,0.62,0.38,0.20654329147389294,1.0
World Events,30d,720.0,<=6h,5,7.5,5-10,1,0,0.0,0.09,-0.09,0.0,0.7934567085261071
World Events,30d,720.0,<=6h,10,12.5,10-15,4,0,0.0,0.115,-0.115,0.0,0.48990002040399916
World Events,30d,720.0,<=6h,15,17.5,15-20,4,1,0.25,0.155,0.095,0.045586062644636216,0.6993639475573634
World Events,30d,720.0,<=6h,20,22.5,20-25,2,2,1.0,0.225,0.775,0.34237195288961925,1.0
World Events,30d,720.0,<=6h,25,27.5,25-30,3,1,0.3333333333333333,0.27666666666666667,0.05666666666666664,0.0614903152761605,0.7923450448735121
World Events,30d,720.0,<=6h,35,37.5,35-40,2,2,1.0,0.39,0.61,0.34237195288961925,1.0
World Events,30d,720.0,<=6h,40,42.5,40-45,1,0,0.0,0.43,-0.43,0.0,0.7934567085261071
World Events,30d,720.0,<=6h,60,62.5,60-65,3,3,1.0,0.6166666666666667,0.3833333333333333,0.43849391955098227,1.0
World Events,30d,720.0,<=6h,65,67.5,65-70,3,3,1.0,0.66,0.33999999999999997,0.43849391955098227,1.0
World Events,30d,720.0,<=6h,70,72.5,70-75,1,1,1.0,0.74,0.26,0.20654329147389294,1.0
World Events,30d,720.0,<=24h,0,2.5,0-5,7,0,0.0,0.018571428571428572,-0.018571428571428572,0.0,0.35433884297520657
World Events,30d,720.0,<=24h,5,7.5,5-10,11,2,0.18181818181818182,0.06545454545454546,0.11636363636363636,0.05136660067100063,0.4769861375782448
World Events,30d,720.0,<=24h,10,12.5,10-15,8,1,0.125,0.11375,0.011249999999999996,0.02241690886329617,0.4708948057698615
World Events,30d,720.0,<=24h,15,17.5,15-20,4,1,0.25,0.155,0.095,0.045586062644636216,0.6993639475573634
World Events,30d,720.0,<=24h,20,22.5,20-25,6,4,0.6666666666666666,0.22,0.44666666666666666,0.29998832134152864,0.9032306674407831
World Events,30d,720.0,<=24h,25,27.5,25-30,3,1,0.3333333333333333,0.27666666666666667,0.05666666666666664,0.0614903152761605,0.7923450448735121
World Events,30d,720.0,<=24h,30,32.5,30-35,3,2,0.6666666666666666,0.3133333333333333,0.35333333333333333,0.2076549551264879,0.9385096847238394
World Events,30d,720.0,<=24h,35,37.5,35-40,2,2,1.0,0.39,0.61,0.34237195288961925,1.0
World Events,30d,720.0,<=24h,40,42.5,40-45,2,0,0.0,0.415,-0.415,0.0,0.6576280471103807
World Events,30d,720.0,<=24h,45,47.5,45-50,1,0,0.0,0.49,-0.49,0.0,0.7934567085261071
World Events,30d,720.0,<=24h,60,62.5,60-65,7,7,1.0,0.6142857142857143,0.3857142857142857,0.6456611570247934,1.0
World Events,30d,720.0,<=24h,65,67.5,65-70,4,4,1.0,0.6575,0.3425,0.5100999795960008,1.0
World Events,30d,720.0,<=24h,70,72.5,70-75,1,1,1.0,0.74,0.26,0.20654329147389294,1.0
World Events,30d,720.0,<=24h,85,87.5,85-90,1,1,1.0,0.86,0.14,0.20654329147389294,1.0
World Events,7d,168.0,all,0,2.5,0-5,98,9,0.09183673469387756,0.019489795918367348,0.07234693877551021,0.04906865909068409,0.16539772792601637
World Events,7d,168.0,all,5,7.5,5-10,29,4,0.13793103448275862,0.0693103448275862,0.06862068965517241,0.05497350852047822,0.30559357712699325
World Events,7d,168.0,all,10,12.5,10-15,12,4,0.3333333333333333,0.12,0.21333333333333332,0.13811783989736134,0.609382412602386
World Events,7d,168.0,all,15,17.5,15-20,9,4,0.4444444444444444,0.16777777777777778,0.2766666666666666,0.188775429471914,0.7333526542559703
World Events,7d,168.0,all,20,22.5,20-25,9,3,0.3333333333333333,0.22111111111111112,0.1122222222222222,0.12058159868274293,0.6458026525009102
World Events,7d,168.0,all,25,27.5,25-30,3,3,1.0,0.27666666666666667,0.7233333333333334,0.43849391955098227,1.0
World Events,7d,168.0,all,30,32.5,30-35,3,2,0.6666666666666666,0.30333333333333334,0.3633333333333333,0.2076549551264879,0.9385096847238394
World Events,7d,168.0,all,35,37.5,35-40,1,0,0.0,0.36,-0.36,0.0,0.7934567085261071
World Events,7d,168.0,all,40,42.5,40-45,3,2,0.6666666666666666,0.4,0.2666666666666666,0.2076549551264879,0.9385096847238394
World Events,7d,168.0,all,50,52.5,50-55,1,0,0.0,0.54,-0.54,0.0,0.7934567085261071
World Events,7d,168.0,all,55,57.5,55-60,2,2,1.0,0.565,0.43500000000000005,0.34237195288961925,1.0
World Events,7d,168.0,all,60,62.5,60-65,6,6,1.0,0.63,0.37,0.6096569663469354,0.9999999999999999
World Events,7d,168.0,all,65,67.5,65-70,8,8,1.0,0.67125,0.32875,0.6755843804891231,1.0
World Events,7d,168.0,all,70,72.5,70-75,2,2,1.0,0.715,0.28500000000000003,0.34237195288961925,1.0
World Events,7d,168.0,all,85,87.5,85-90,1,1,1.0,0.86,0.14,0.20654329147389294,1.0
World Events,7d,168.0,all,90,92.5,90-95,3,3,1.0,0.91,0.08999999999999997,0.43849391955098227,1.0
World Events,7d,168.0,all,95,97.5,95-100,6,6,1.0,0.9816666666666667,0.018333333333333313,0.6096569663469354,0.9999999999999999
World Events,7d,168.0,<=1h,0,2.5,0-5,7,1,0.14285714285714285,0.027142857142857146,0.1157142857142857,0.02567895594897479,0.51313450331903
World Events,7d,168.0,<=1h,5,7.5,5-10,3,0,0.0,0.05666666666666667,-0.05666666666666667,0.0,0.5615060804490177
World Events,7d,168.0,<=1h,10,12.5,10-15,1,0,0.0,0.11,-0.11,0.0,0.7934567085261071
World Events,7d,168.0,<=1h,15,17.5,15-20,1,0,0.0,0.17,-0.17,0.0,0.7934567085261071
World Events,7d,168.0,<=1h,20,22.5,20-25,2,0,0.0,0.215,-0.215,0.0,0.6576280471103807
World Events,7d,168.0,<=1h,25,27.5,25-30,1,1,1.0,0.29,0.71,0.20654329147389294,1.0
World Events,7d,168.0,<=1h,30,32.5,30-35,1,1,1.0,0.31,0.69,0.20654329147389294,1.0
World Events,7d,168.0,<=1h,40,42.5,40-45,1,0,0.0,0.4,-0.4,0.0,0.7934567085261071
World Events,7d,168.0,<=1h,50,52.5,50-55,1,0,0.0,0.54,-0.54,0.0,0.7934567085261071
World Events,7d,168.0,<=1h,55,57.5,55-60,1,1,1.0,0.55,0.44999999999999996,0.20654329147389294,1.0
World Events,7d,168.0,<=1h,60,62.5,60-65,1,1,1.0,0.62,0.38,0.20654329147389294,1.0
World Events,7d,168.0,<=1h,95,97.5,95-100,2,2,1.0,0.98,0.020000000000000018,0.34237195288961925,1.0
World Events,7d,168.0,<=6h,0,2.5,0-5,14,1,0.07142857142857142,0.022857142857142857,0.04857142857142857,0.012721886112291636,0.3146926955395781
World Events,7d,168.0,<=6h,5,7.5,5-10,6,0,0.0,0.06666666666666667,-0.06666666666666667,0.0,0.3903430336530645
World Events,7d,168.0,<=6h,10,12.5,10-15,1,0,0.0,0.11,-0.11,0.0,0.7934567085261071
World Events,7d,168.0,<=6h,15,17.5,15-20,1,0,0.0,0.17,-0.17,0.0,0.7934567085261071
World Events,7d,168.0,<=6h,20,22.5,20-25,5,2,0.4,0.21600000000000003,0.184,0.1176182311592533,0.769280067791163
World Events,7d,168.0,<=6h,25,27.5,25-30,1,1,1.0,0.29,0.71,0.20654329147389294,1.0
World Events,7d,168.0,<=6h,30,32.5,30-35,3,2,0.6666666666666666,0.30333333333333334,0.3633333333333333,0.2076549551264879,0.9385096847238394
World Events,7d,168.0,<=6h,35,37.5,35-40,1,0,0.0,0.36,-0.36,0.0,0.7934567085261071
World Events,7d,168.0,<=6h,40,42.5,40-45,2,1,0.5,0.4,0.09999999999999998,0.09452865480086614,0.9054713451991339
World Events,7d,168.0,<=6h,50,52.5,50-55,1,0,0.0,0.54,-0.54,0.0,0.7934567085261071
World Events,7d,168.0,<=6h,55,57.5,55-60,1,1,1.0,0.55,0.44999999999999996,0.20654329147389294,1.0
World Events,7d,168.0,<=6h,60,62.5,60-65,5,5,1.0,0.628,0.372,0.5655085052479191,1.0
World Events,7d,168.0,<=6h,65,67.5,65-70,6,6,1.0,0.675,0.32499999999999996,0.6096569663469354,0.9999999999999999
World Events,7d,168.0,<=6h,90,92.5,90-95,1,1,1.0,0.91,0.08999999999999997,0.20654329147389294,1.0
World Events,7d,168.0,<=6h,95,97.5,95-100,4,4,1.0,0.985,0.015000000000000013,0.5100999795960008,1.0
World Events,7d,168.0,<=24h,0,2.5,0-5,47,1,0.02127659574468085,0.01957446808510638,0.0017021276595744692,0.003765671010464995,0.11113236524331144
World Events,7d,168.0,<=24h,5,7.5,5-10,16,1,0.0625,0.070625,-0.008124999999999993,0.01111905730833121,0.2832926836802987
World Events,7d,168.0,<=24h,10,12.5,10-15,6,1,0.16666666666666666,0.12166666666666666,0.045,0.03005258587173032,0.563509436563646
World Events,7d,168.0,<=24h,15,17.5,15-20,5,1,0.2,0.166,0.034,0.03622316096978745,0.6244717358814613
World Events,7d,168.0,<=24h,20,22.5,20-25,9,3,0.3333333333333333,0.22111111111111112,0.1122222222222222,0.12058159868274293,0.6458026525009102
World Events,7d,168.0,<=24h,25,27.5,25-30,2,2,1.0,0.275,0.725,0.34237195288961925,1.0
World Events,7d,168.0,<=24h,30,32.5,30-35,3,2,0.6666666666666666,0.30333333333333334,0.3633333333333333,0.2076549551264879,0.9385096847238394
World Events,7d,168.0,<=24h,35,37.5,35-40,1,0,0.0,0.36,-0.36,0.0,0.7934567085261071
World Events,7d,168.0,<=24h,40,42.5,40-45,3,2,0.6666666666666666,0.4,0.2666666666666666,0.2076549551264879,0.9385096847238394
World Events,7d,168.0,<=24h,50,52.5,50-55,1,0,0.0,0.54,-0.54,0.0,0.7934567085261071
World Events,7d,168.0,<=24h,55,57.5,55-60,1,1,1.0,0.55,0.44999999999999996,0.20654329147389294,1.0
World Events,7d,168.0,<=24h,60,62.5,60-65,6,6,1.0,0.63,0.37,0.6096569663469354,0.9999999999999999
World Events,7d,168.0,<=24h,65,67.5,65-70,8,8,1.0,0.67125,0.32875,0.6755843804891231,1.0
World Events,7d,168.0,<=24h,70,72.5,70-75,2,2,1.0,0.715,0.28500000000000003,0.34237195288961925,1.0
World Events,7d,168.0,<=24h,85,87.5,85-90,1,1,1.0,0.86,0.14,0.20654329147389294,1.0
World Events,7d,168.0,<=24h,90,92.5,90-95,3,3,1.0,0.91,0.08999999999999997,0.43849391955098227,1.0
World Events,7d,168.0,<=24h,95,97.5,95-100,6,6,1.0,0.9816666666666667,0.018333333333333313,0.6096569663469354,0.9999999999999999
World Events,3d,72.0,all,0,2.5,0-5,107,5,0.04672897196261682,0.01794392523364486,0.02878504672897196,0.020122360456377365,0.10475494192828685
World Events,3d,72.0,all,5,7.5,5-10,24,2,0.08333333333333333,0.06791666666666667,0.015416666666666662,0.023158327842973503,0.258492152014506
World Events,3d,72.0,all,10,12.5,10-15,15,3,0.2,0.11800000000000001,0.082,0.07047420643610414,0.4518593533465045
World Events,3d,72.0,all,15,17.5,15-20,9,5,0.5555555555555556,0.16666666666666669,0.3888888888888889,0.2666473457440297,0.811224570528086
World Events,3d,72.0,all,20,22.5,20-25,7,5,0.7142857142857143,0.22285714285714284,0.49142857142857144,0.35892909014821267,0.9177828342909844
World Events,3d,72.0,all,25,27.5,25-30,6,3,0.5,0.2733333333333333,0.22666666666666668,0.18761280689940868,0.8123871931005913
World Events,3d,72.0,all,30,32.5,30-35,4,3,0.75,0.31,0.44,0.3006360524426366,0.9544139373553637
World Events,3d,72.0,all,40,42.5,40-45,1,0,0.0,0.43,-0.43,0.0,0.7934567085261071
World Events,3d,72.0,all,45,47.5,45-50,1,1,1.0,0.45,0.55,0.20654329147389294,1.0
World Events,3d,72.0,all,55,57.5,55-60,2,2,1.0,0.55,0.44999999999999996,0.34237195288961925,1.0
World Events,3d,72.0,all,60,62.5,60-65,2,2,1.0,0.61,0.39,0.34237195288961925,1.0
World Events,3d,72.0,all,70,72.5,70-75,3,2,0.6666666666666666,0.72,-0.053333333333333344,0.2076549551264879,0.9385096847238394
World Events,3d,72.0,all,75,77.5,75-80,1,0,0.0,0.76,-0.76,0.0,0.7934567085261071
World Events,3d,72.0,all,80,82.5,80-85,7,7,1.0,0.8157142857142857,0.18428571428571427,0.6456611570247934,1.0
World Events,3d,72.0,all,85,87.5,85-90,5,5,1.0,0.862,0.138,0.5655085052479191,1.0
World Events,3d,72.0,all,90,92.5,90-95,8,8,1.0,0.9325,0.0675,0.6755843804891231,1.0
World Events,3d,72.0,all,95,97.5,95-100,18,18,1.0,0.9711111111111111,0.028888888888888853,0.8241154494176252,1.0
World Events,3d,72.0,<=1h,0,2.5,0-5,11,1,0.09090909090909091,0.021818181818181816,0.06909090909090909,0.01623175226282597,0.3773646254862038
World Events,3d,72.0,<=1h,5,7.5,5-10,3,0,0.0,0.07666666666666667,-0.07666666666666667,0.0,0.5615060804490177
World Events,3d,72.0,<=1h,10,12.5,10-15,3,0,0.0,0.11666666666666665,-0.11666666666666665,0.0,0.5615060804490177
World Events,3d,72.0,<=1h,15,17.5,15-20,1,0,0.0,0.17,-0.17,0.0,0.7934567085261071
World Events,3d,72.0,<=1h,20,22.5,20-25,3,3,1.0,0.2333333333333333,0.7666666666666667,0.43849391955098227,1.0
World Events,3d,72.0,<=1h,25,27.5,25-30,1,0,0.0,0.29,-0.29,0.0,0.7934567085261071
World Events,3d,72.0,<=1h,30,32.5,30-35,1,1,1.0,0.32,0.6799999999999999,0.20654329147389294,1.0
World Events,3d,72.0,<=1h,40,42.5,40-45,1,0,0.0,0.43,-0.43,0.0,0.7934567085261071
World Events,3d,72.0,<=1h,45,47.5,45-50,1,1,1.0,0.45,0.55,0.20654329147389294,1.0
World Events,3d,72.0,<=1h,55,57.5,55-60,1,1,1.0,0.55,0.44999999999999996,0.20654329147389294,1.0
World Events,3d,72.0,<=1h,60,62.5,60-65,2,2,1.0,0.61,0.39,0.34237195288961925,1.0
World Events,3d,72.0,<=1h,70,72.5,70-75,1,0,0.0,0.74,-0.74,0.0,0.7934567085261071
World Events,3d,72.0,<=1h,75,77.5,75-80,1,0,0.0,0.76,-0.76,0.0,0.7934567085261071
World Events,3d,72.0,<=1h,80,82.5,80-85,1,1,1.0,0.8,0.19999999999999996,0.20654329147389294,1.0
World Events,3d,72.0,<=1h,90,92.5,90-95,4,4,1.0,0.9325,0.0675,0.5100999795960008,1.0
World Events,3d,72.0,<=1h,95,97.5,95-100,2,2,1.0,0.985,0.015000000000000013,0.34237195288961925,1.0
World Events,3d,72.0,<=6h,0,2.5,0-5,29,1,0.034482758620689655,0.01793103448275862,0.016551724137931035,0.006113056614032261,0.1717589106470025
World Events,3d,72.0,<=6h,5,7.5,5-10,9,2,0.2222222222222222,0.07444444444444445,0.14777777777777776,0.06322376231222723,0.5474166563271946
World Events,3d,72.0,<=6h,10,12.5,10-15,7,1,0.14285714285714285,0.11714285714285713,0.025714285714285717,0.02567895594897479,0.51313450331903
World Events,3d,72.0,<=6h,15,17.5,15-20,5,2,0.4,0.166,0.234,0.1176182311592533,0.769280067791163
World Events,3d,72.0,<=6h,20,22.5,20-25,6,5,0.8333333333333334,0.22666666666666668,0.6066666666666667,0.43649056343635395,0.9699474141282697
World Events,3d,72.0,<=6h,25,27.5,25-30,3,1,0.3333333333333333,0.27666666666666667,0.05666666666666664,0.0614903152761605,0.7923450448735121
World Events,3d,72.0,<=6h,30,32.5,30-35,2,2,1.0,0.315,0.685,0.34237195288961925,1.0
World Events,3d,72.0,<=6h,40,42.5,40-45,1,0,0.0,0.43,-0.43,0.0,0.7934567085261071
World Events,3d,72.0,<=6h,45,47.5,45-50,1,1,1.0,0.45,0.55,0.20654329147389294,1.0
World Events,3d,72.0,<=6h,55,57.5,55-60,2,2,1.0,0.55,0.44999999999999996,0.34237195288961925,1.0
World Events,3d,72.0,<=6h,60,62.5,60-65,2,2,1.0,0.61,0.39,0.34237195288961925,1.0
World Events,3d,72.0,<=6h,70,72.5,70-75,1,0,0.0,0.74,-0.74,0.0,0.7934567085261071
World Events,3d,72.0,<=6h,75,77.5,75-80,1,0,0.0,0.76,-0.76,0.0,0.7934567085261071
World Events,3d,72.0,<=6h,80,82.5,80-85,2,2,1.0,0.81,0.18999999999999995,0.34237195288961925,1.0
World Events,3d,72.0,<=6h,85,87.5,85-90,1,1,1.0,0.85,0.15000000000000002,0.20654329147389294,1.0
World Events,3d,72.0,<=6h,90,92.5,90-95,4,4,1.0,0.9325,0.0675,0.5100999795960008,1.0
World Events,3d,72.0,<=6h,95,97.5,95-100,9,9,1.0,0.9688888888888889,0.03111111111111109,0.7008472464490407,1.0
World Events,3d,72.0,<=24h,0,2.5,0-5,52,2,0.038461538461538464,0.017884615384615384,0.02057692307692308,0.010611488322077554,0.12981428744365978
World Events,3d,72.0,<=24h,5,7.5,5-10,15,2,0.13333333333333333,0.07133333333333333,0.062,0.0373604698913593,0.3788249920651624
World Events,3d,72.0,<=24h,10,12.5,10-15,11,3,0.2727272727272727,0.11636363636363636,0.15636363636363634,0.09745880573921467,0.5656502930102463
World Events,3d,72.0,<=24h,15,17.5,15-20,7,4,0.5714285714285714,0.16571428571428573,0.4057142857142857,0.2504542304090258,0.8417830777373732
World Events,3d,72.0,<=24h,20,22.5,20-25,7,5,0.7142857142857143,0.22285714285714284,0.49142857142857144,0.35892909014821267,0.9177828342909844
World Events,3d,72.0,<=24h,25,27.5,25-30,4,2,0.5,0.275,0.22499999999999998,0.15003570882017148,0.8499642911798285
World Events,3d,72.0,<=24h,30,32.5,30-35,4,3,0.75,0.31,0.44,0.3006360524426366,0.9544139373553637
World Events,3d,72.0,<=24h,40,42.5,40-45,1,0,0.0,0.43,-0.43,0.0,0.7934567085261071
World Events,3d,72.0,<=24h,45,47.5,45-50,1,1,1.0,0.45,0.55,0.20654329147389294,1.0
World Events,3d,72.0,<=24h,55,57.5,55-60,2,2,1.0,0.55,0.44999999999999996,0.34237195288961925,1.0
World Events,3d,72.0,<=24h,60,62.5,60-65,2,2,1.0,0.61,0.39,0.34237195288961925,1.0
World Events,3d,72.0,<=24h,70,72.5,70-75,2,1,0.5,0.72,-0.21999999999999997,0.09452865480086614,0.9054713451991339
World Events,3d,72.0,<=24h,75,77.5,75-80,1,0,0.0,0.76,-0.76,0.0,0.7934567085261071
World Events,3d,72.0,<=24h,80,82.5,80-85,2,2,1.0,0.81,0.18999999999999995,0.34237195288961925,1.0
World Events,3d,72.0,<=24h,85,87.5,85-90,1,1,1.0,0.85,0.15000000000000002,0.20654329147389294,1.0
World Events,3d,72.0,<=24h,90,92.5,90-95,6,6,1.0,0.93,0.06999999999999995,0.6096569663469354,0.9999999999999999
World Events,3d,72.0,<=24h,95,97.5,95-100,16,16,1.0,0.97125,0.028750000000000053,0.8063865817272802,1.0
World Events,1d,24.0,all,0,2.5,0-5,106,2,0.018867924528301886,0.016226415094339624,0.002641509433962262,0.005189500019088127,0.0662005744153702
World Events,1d,24.0,all,5,7.5,5-10,24,0,0.0,0.06125,-0.06125,0.0,0.13798057582897535
World Events,1d,24.0,all,10,12.5,10-15,18,2,0.1111111111111111,0.10833333333333334,0.002777777777777768,0.031018868453582787,0.3280024486660421
World Events,1d,24.0,all,15,17.5,15-20,4,1,0.25,0.1525,0.0975,0.045586062644636216,0.6993639475573634
World Events,1d,24.0,all,20,22.5,20-25,3,1,0.3333333333333333,0.21,0.12333333333333332,0.0614903152761605,0.7923450448735121
World Events,1d,24.0,all,25,27.5,25-30,2,1,0.5,0.275,0.22499999999999998,0.09452865480086614,0.9054713451991339
World Events,1d,24.0,all,30,32.5,30-35,5,0,0.0,0.31,-0.31,0.0,0.43449149475208104
World Events,1d,24.0,all,40,42.5,40-45,2,2,1.0,0.42,0.5800000000000001,0.34237195288961925,1.0
World Events,1d,24.0,all,50,52.5,50-55,2,2,1.0,0.525,0.475,0.34237195288961925,1.0
World Events,1d,24.0,all,60,62.5,60-65,2,2,1.0,0.615,0.385,0.34237195288961925,1.0
World Events,1d,24.0,all,65,67.5,65-70,2,2,1.0,0.68,0.31999999999999995,0.34237195288961925,1.0
World Events,1d,24.0,all,70,72.5,70-75,1,1,1.0,0.72,0.28,0.20654329147389294,1.0
World Events,1d,24.0,all,75,77.5,75-80,4,4,1.0,0.765,0.235,0.5100999795960008,1.0
World Events,1d,24.0,all,80,82.5,80-85,3,3,1.0,0.8366666666666667,0.16333333333333333,0.43849391955098227,1.0
World Events,1d,24.0,all,85,87.5,85-90,3,3,1.0,0.8666666666666667,0.1333333333333333,0.43849391955098227,1.0
World Events,1d,24.0,all,90,92.5,90-95,11,11,1.0,0.9081818181818181,0.09181818181818191,0.7411599827511859,1.0
World Events,1d,24.0,all,95,97.5,95-100,37,36,0.972972972972973,0.9748648648648648,-0.0018918918918917615,0.8617562156243666,0.9952131489450924
World Events,1d,24.0,<=1h,0,2.5,0-5,23,1,0.043478260869565216,0.01956521739130435,0.023913043478260867,0.0077164669621267445,0.20991586494059142
World Events,1d,24.0,<=1h,5,7.5,5-10,9,0,0.0,0.06555555555555555,-0.06555555555555555,0.0,0.2991527535509594
World Events,1d,24.0,<=1h,10,12.5,10-15,9,1,0.1111111111111111,0.10333333333333333,0.007777777777777772,0.019890371327130535,0.4350062147680601
World Events,1d,24.0,<=1h,15,17.5,15-20,3,1,0.3333333333333333,0.15,0.18333333333333332,0.0614903152761605,0.7923450448735121
World Events,1d,24.0,<=1h,20,22.5,20-25,3,1,0.3333333333333333,0.21,0.12333333333333332,0.0614903152761605,0.7923450448735121
World Events,1d,24.0,<=1h,25,27.5,25-30,1,0,0.0,0.29,-0.29,0.0,0.7934567085261071
World Events,1d,24.0,<=1h,30,32.5,30-35,4,0,0.0,0.31,-0.31,0.0,0.48990002040399916
World Events,1d,24.0,<=1h,40,42.5,40-45,2,2,1.0,0.42,0.5800000000000001,0.34237195288961925,1.0
World Events,1d,24.0,<=1h,50,52.5,50-55,2,2,1.0,0.525,0.475,0.34237195288961925,1.0
World Events,1d,24.0,<=1h,60,62.5,60-65,2,2,1.0,0.615,0.385,0.34237195288961925,1.0
World Events,1d,24.0,<=1h,65,67.5,65-70,1,1,1.0,0.67,0.32999999999999996,0.20654329147389294,1.0
World Events,1d,24.0,<=1h,75,77.5,75-80,3,3,1.0,0.7666666666666667,0.23333333333333328,0.43849391955098227,1.0
World Events,1d,24.0,<=1h,80,82.5,80-85,1,1,1.0,0.84,0.16000000000000003,0.20654329147389294,1.0
World Events,1d,24.0,<=1h,90,92.5,90-95,4,4,1.0,0.9,0.09999999999999998,0.5100999795960008,1.0
World Events,1d,24.0,<=1h,95,97.5,95-100,10,10,1.0,0.9740000000000001,0.025999999999999912,0.7224598312333834,1.0
World Events,1d,24.0,<=6h,0,2.5,0-5,45,1,0.022222222222222223,0.01711111111111111,0.005111111111111111,0.003933497522757505,0.11566946388718813
World Events,1d,24.0,<=6h,5,7.5,5-10,15,0,0.0,0.06133333333333334,-0.06133333333333334,0.0,0.20388926630434784
World Events,1d,24.0,<=6h,10,12.5,10-15,14,2,0.14285714285714285,0.10642857142857143,0.03642857142857142,0.040093073737921175,0.39941907763863693
World Events,1d,24.0,<=6h,15,17.5,15-20,4,1,0.25,0.1525,0.0975,0.045586062644636216,0.6993639475573634
World Events,1d,24.0,<=6h,20,22.5,20-25,3,1,0.3333333333333333,0.21,0.12333333333333332,0.0614903152761605,0.7923450448735121
World Events,1d,24.0,<=6h,25,27.5,25-30,2,1,0.5,0.275,0.22499999999999998,0.09452865480086614,0.9054713451991339
World Events,1d,24.0,<=6h,30,32.5,30-35,4,0,0.0,0.31,-0.31,0.0,0.48990002040399916
World Events,1d,24.0,<=6h,40,42.5,40-45,2,2,1.0,0.42,0.5800000000000001,0.34237195288961925,1.0
World Events,1d,24.0,<=6h,50,52.5,50-55,2,2,1.0,0.525,0.475,0.34237195288961925,1.0
World Events,1d,24.0,<=6h,60,62.5,60-65,2,2,1.0,0.615,0.385,0.34237195288961925,1.0
World Events,1d,24.0,<=6h,65,67.5,65-70,2,2,1.0,0.68,0.31999999999999995,0.34237195288961925,1.0
World Events,1d,24.0,<=6h,70,72.5,70-75,1,1,1.0,0.72,0.28,0.20654329147389294,1.0
World Events,1d,24.0,<=6h,75,77.5,75-80,4,4,1.0,0.765,0.235,0.5100999795960008,1.0
World Events,1d,24.0,<=6h,80,82.5,80-85,3,3,1.0,0.8366666666666667,0.16333333333333333,0.43849391955098227,1.0
World Events,1d,24.0,<=6h,85,87.5,85-90,1,1,1.0,0.86,0.14,0.20654329147389294,1.0
World Events,1d,24.0,<=6h,90,92.5,90-95,7,7,1.0,0.9057142857142857,0.0942857142857143,0.6456611570247934,1.0
World Events,1d,24.0,<=6h,95,97.5,95-100,26,25,0.9615384615384616,0.9723076923076923,-0.010769230769230753,0.811068230080416,0.9931781910230102
World Events,1d,24.0,<=24h,0,2.5,0-5,66,1,0.015151515151515152,0.017424242424242425,-0.0022727272727272735,0.0026795715344567483,0.08096112398225534
World Events,1d,24.0,<=24h,5,7.5,5-10,21,0,0.0,0.06095238095238095,-0.06095238095238095,0.0,0.15464382326420195
World Events,1d,24.0,<=24h,10,12.5,10-15,15,2,0.13333333333333333,0.10866666666666668,0.024666666666666656,0.0373604698913593,0.3788249920651624
World Events,1d,24.0,<=24h,15,17.5,15-20,4,1,0.25,0.1525,0.0975,0.045586062644636216,0.6993639475573634
World Events,1d,24.0,<=24h,20,22.5,20-25,3,1,0.3333333333333333,0.21,0.12333333333333332,0.0614903152761605,0.7923450448735121
World Events,1d,24.0,<=24h,25,27.5,25-30,2,1,0.5,0.275,0.22499999999999998,0.09452865480086614,0.9054713451991339
World Events,1d,24.0,<=24h,30,32.5,30-35,4,0,0.0,0.31,-0.31,0.0,0.48990002040399916
World Events,1d,24.0,<=24h,40,42.5,40-45,2,2,1.0,0.42,0.5800000000000001,0.34237195288961925,1.0
World Events,1d,24.0,<=24h,50,52.5,50-55,2,2,1.0,0.525,0.475,0.34237195288961925,1.0
World Events,1d,24.0,<=24h,60,62.5,60-65,2,2,1.0,0.615,0.385,0.34237195288961925,1.0
World Events,1d,24.0,<=24h,65,67.5,65-70,2,2,1.0,0.68,0.31999999999999995,0.34237195288961925,1.0
World Events,1d,24.0,<=24h,70,72.5,70-75,1,1,1.0,0.72,0.28,0.20654329147389294,1.0
World Events,1d,24.0,<=24h,75,77.5,75-80,4,4,1.0,0.765,0.235,0.5100999795960008,1.0
World Events,1d,24.0,<=24h,80,82.5,80-85,3,3,1.0,0.8366666666666667,0.16333333333333333,0.43849391955098227,1.0
World Events,1d,24.0,<=24h,85,87.5,85-90,1,1,1.0,0.86,0.14,0.20654329147389294,1.0
World Events,1d,24.0,<=24h,90,92.5,90-95,11,11,1.0,0.9081818181818181,0.09181818181818191,0.7411599827511859,1.0
World Events,1d,24.0,<=24h,95,97.5,95-100,34,33,0.9705882352941176,0.973529411764706,-0.002941176470588336,0.8508409778365519,0.9947892280744034
World Events,6h,6.0,all,0,2.5,0-5,119,2,0.01680672268907563,0.01630252100840336,0.0005042016806722678,0.004621078613443866,0.059213974007166756
World Events,6h,6.0,all,5,7.5,5-10,22,1,0.045454545454545456,0.06363636363636363,-0.018181818181818174,0.008069219301147859,0.21798489499518053
World Events,6h,6.0,all,10,12.5,10-15,9,0,0.0,0.11,-0.11,0.0,0.2991527535509594
World Events,6h,6.0,all,15,17.5,15-20,3,0,0.0,0.16333333333333333,-0.16333333333333333,0.0,0.5615060804490177
World Events,6h,6.0,all,20,22.5,20-25,3,1,0.3333333333333333,0.21666666666666667,0.11666666666666664,0.0614903152761605,0.7923450448735121
World Events,6h,6.0,all,25,27.5,25-30,3,2,0.6666666666666666,0.26666666666666666,0.39999999999999997,0.2076549551264879,0.9385096847238394
World Events,6h,6.0,all,30,32.5,30-35,2,0,0.0,0.305,-0.305,0.0,0.6576280471103807
World Events,6h,6.0,all,35,37.5,35-40,2,1,0.5,0.37,0.13,0.09452865480086614,0.9054713451991339
World Events,6h,6.0,all,40,42.5,40-45,2,2,1.0,0.41,0.5900000000000001,0.34237195288961925,1.0
World Events,6h,6.0,all,45,47.5,45-50,2,2,1.0,0.455,0.5449999999999999,0.34237195288961925,1.0
World Events,6h,6.0,all,50,52.5,50-55,2,2,1.0,0.54,0.45999999999999996,0.34237195288961925,1.0
World Events,6h,6.0,all,55,57.5,55-60,1,1,1.0,0.55,0.44999999999999996,0.20654329147389294,1.0
World Events,6h,6.0,all,60,62.5,60-65,2,1,0.5,0.635,-0.135,0.09452865480086614,0.9054713451991339
World Events,6h,6.0,all,65,67.5,65-70,2,2,1.0,0.665,0.33499999999999996,0.34237195288961925,1.0
World Events,6h,6.0,all,70,72.5,70-75,2,2,1.0,0.72,0.28,0.34237195288961925,1.0
World Events,6h,6.0,all,75,77.5,75-80,2,1,0.5,0.765,-0.265,0.09452865480086614,0.9054713451991339
World Events,6h,6.0,all,80,82.5,80-85,1,1,1.0,0.81,0.18999999999999995,0.20654329147389294,1.0
World Events,6h,6.0,all,85,87.5,85-90,1,1,1.0,0.89,0.10999999999999999,0.20654329147389294,1.0
World Events,6h,6.0,all,90,92.5,90-95,20,20,1.0,0.92,0.07999999999999996,0.8388698745050667,1.0
World Events,6h,6.0,all,95,97.5,95-100,35,35,1.0,0.9797142857142858,0.02028571428571424,0.9010957324106112,1.0
World Events,6h,6.0,<=1h,0,2.5,0-5,13,0,0.0,0.014615384615384615,-0.014615384615384615,0.0,0.22810184305529166
World Events,6h,6.0,<=1h,5,7.5,5-10,3,0,0.0,0.06666666666666667,-0.06666666666666667,0.0,0.5615060804490177
World Events,6h,6.0,<=1h,10,12.5,10-15,2,0,0.0,0.12,-0.12,0.0,0.6576280471103807
World Events,6h,6.0,<=1h,15,17.5,15-20,2,0,0.0,0.165,-0.165,0.0,0.6576280471103807
World Events,6h,6.0,<=1h,20,22.5,20-25,1,1,1.0,0.23,0.77,0.20654329147389294,1.0
World Events,6h,6.0,<=1h,25,27.5,25-30,1,1,1.0,0.29,0.71,0.20654329147389294,1.0
World Events,6h,6.0,<=1h,40,42.5,40-45,2,2,1.0,0.41,0.5900000000000001,0.34237195288961925,1.0
World Events,6h,6.0,<=1h,45,47.5,45-50,2,2,1.0,0.455,0.5449999999999999,0.34237195288961925,1.0
World Events,6h,6.0,<=1h,50,52.5,50-55,2,2,1.0,0.54,0.45999999999999996,0.34237195288961925,1.0
World Events,6h,6.0,<=1h,55,57.5,55-60,1,1,1.0,0.55,0.44999999999999996,0.20654329147389294,1.0
World Events,6h,6.0,<=1h,60,62.5,60-65,2,1,0.5,0.635,-0.135,0.09452865480086614,0.9054713451991339
World Events,6h,6.0,<=1h,65,67.5,65-70,1,1,1.0,0.66,0.33999999999999997,0.20654329147389294,1.0
World Events,6h,6.0,<=1h,70,72.5,70-75,1,1,1.0,0.73,0.27,0.20654329147389294,1.0
World Events,6h,6.0,<=1h,75,77.5,75-80,2,1,0.5,0.765,-0.265,0.09452865480086614,0.9054713451991339
World Events,6h,6.0,<=1h,90,92.5,90-95,10,10,1.0,0.9209999999999999,0.07900000000000007,0.7224598312333834,1.0
World Events,6h,6.0,<=1h,95,97.5,95-100,12,12,1.0,0.9808333333333333,0.019166666666666665,0.7574992425007574,1.0
World Events,6h,6.0,<=6h,0,2.5,0-5,39,2,0.05128205128205128,0.019230769230769232,0.03205128205128205,0.014177657646399527,0.1688593904563791
World Events,6h,6.0,<=6h,5,7.5,5-10,11,0,0.0,0.06545454545454546,-0.06545454545454546,2.7755575615628914e-17,0.2588400172488141
World Events,6h,6.0,<=6h,10,12.5,10-15,6,0,0.0,0.11166666666666666,-0.11166666666666666,0.0,0.3903430336530645
World Events,6h,6.0,<=6h,15,17.5,15-20,3,0,0.0,0.16333333333333333,-0.16333333333333333,0.0,0.5615060804490177
World Events,6h,6.0,<=6h,20,22.5,20-25,2,1,0.5,0.22,0.28,0.09452865480086614,0.9054713451991339
World Events,6h,6.0,<=6h,25,27.5,25-30,3,2,0.6666666666666666,0.26666666666666666,0.39999999999999997,0.2076549551264879,0.9385096847238394
World Events,6h,6.0,<=6h,30,32.5,30-35,1,0,0.0,0.3,-0.3,0.0,0.7934567085261071
World Events,6h,6.0,<=6h,35,37.5,35-40,2,1,0.5,0.37,0.13,0.09452865480086614,0.9054713451991339
World Events,6h,6.0,<=6h,40,42.5,40-45,2,2,1.0,0.41,0.5900000000000001,0.34237195288961925,1.0
World Events,6h,6.0,<=6h,45,47.5,45-50,2,2,1.0,0.455,0.5449999999999999,0.34237195288961925,1.0
World Events,6h,6.0,<=6h,50,52.5,50-55,2,2,1.0,0.54,0.45999999999999996,0.34237195288961925,1.0
World Events,6h,6.0,<=6h,55,57.5,55-60,1,1,1.0,0.55,0.44999999999999996,0.20654329147389294,1.0
World Events,6h,6.0,<=6h,60,62.5,60-65,2,1,0.5,0.635,-0.135,0.09452865480086614,0.9054713451991339
World Events,6h,6.0,<=6h,65,67.5,65-70,2,2,1.0,0.665,0.33499999999999996,0.34237195288961925,1.0
World Events,6h,6.0,<=6h,70,72.5,70-75,2,2,1.0,0.72,0.28,0.34237195288961925,1.0
World Events,6h,6.0,<=6h,75,77.5,75-80,2,1,0.5,0.765,-0.265,0.09452865480086614,0.9054713451991339
World Events,6h,6.0,<=6h,80,82.5,80-85,1,1,1.0,0.81,0.18999999999999995,0.20654329147389294,1.0
World Events,6h,6.0,<=6h,90,92.5,90-95,15,15,1.0,0.9226666666666666,0.07733333333333337,0.7961107336956521,1.0
World Events,6h,6.0,<=6h,95,97.5,95-100,24,24,1.0,0.98,0.020000000000000018,0.8620194241710247,1.0
World Events,6h,6.0,<=24h,0,2.5,0-5,84,2,0.023809523809523808,0.017380952380952382,0.006428571428571426,0.006553765293517748,0.0827160112132854
World Events,6h,6.0,<=24h,5,7.5,5-10,18,1,0.05555555555555555,0.06444444444444444,-0.00888888888888889,0.009874935830924525,0.2575779980200754
World Events,6h,6.0,<=24h,10,12.5,10-15,7,0,0.0,0.11,-0.11,0.0,0.35433884297520657
World Events,6h,6.0,<=24h,15,17.5,15-20,3,0,0.0,0.16333333333333333,-0.16333333333333333,0.0,0.5615060804490177
World Events,6h,6.0,<=24h,20,22.5,20-25,3,1,0.3333333333333333,0.21666666666666667,0.11666666666666664,0.0614903152761605,0.7923450448735121
World Events,6h,6.0,<=24h,25,27.5,25-30,3,2,0.6666666666666666,0.26666666666666666,0.39999999999999997,0.2076549551264879,0.9385096847238394
World Events,6h,6.0,<=24h,30,32.5,30-35,1,0,0.0,0.3,-0.3,0.0,0.7934567085261071
World Events,6h,6.0,<=24h,35,37.5,35-40,2,1,0.5,0.37,0.13,0.09452865480086614,0.9054713451991339
World Events,6h,6.0,<=24h,40,42.5,40-45,2,2,1.0,0.41,0.5900000000000001,0.34237195288961925,1.0
World Events,6h,6.0,<=24h,45,47.5,45-50,2,2,1.0,0.455,0.5449999999999999,0.34237195288961925,1.0
World Events,6h,6.0,<=24h,50,52.5,50-55,2,2,1.0,0.54,0.45999999999999996,0.34237195288961925,1.0
World Events,6h,6.0,<=24h,55,57.5,55-60,1,1,1.0,0.55,0.44999999999999996,0.20654329147389294,1.0
World Events,6h,6.0,<=24h,60,62.5,60-65,2,1,0.5,0.635,-0.135,0.09452865480086614,0.9054713451991339
World Events,6h,6.0,<=24h,65,67.5,65-70,2,2,1.0,0.665,0.33499999999999996,0.34237195288961925,1.0
World Events,6h,6.0,<=24h,70,72.5,70-75,2,2,1.0,0.72,0.28,0.34237195288961925,1.0
World Events,6h,6.0,<=24h,75,77.5,75-80,2,1,0.5,0.765,-0.265,0.09452865480086614,0.9054713451991339
World Events,6h,6.0,<=24h,80,82.5,80-85,1,1,1.0,0.81,0.18999999999999995,0.20654329147389294,1.0
World Events,6h,6.0,<=24h,90,92.5,90-95,19,19,1.0,0.9210526315789473,0.07894736842105265,0.8318156346315496,1.0
World Events,6h,6.0,<=24h,95,97.5,95-100,34,34,1.0,0.9794117647058823,0.020588235294117685,0.8984820937803899,1.0
World Events,1h,1.0,all,0,2.5,0-5,129,1,0.007751937984496124,0.01503875968992248,-0.007286821705426357,0.0013696853368445096,0.04260449142706077
World Events,1h,1.0,all,5,7.5,5-10,17,1,0.058823529411764705,0.06294117647058824,-0.0041176470588235314,0.01046013064516424,0.269825452035628
World Events,1h,1.0,all,10,12.5,10-15,6,1,0.16666666666666666,0.10833333333333334,0.05833333333333332,0.03005258587173032,0.563509436563646
World Events,1h,1.0,all,15,17.5,15-20,4,0,0.0,0.1675,-0.1675,0.0,0.48990002040399916
World Events,1h,1.0,all,25,27.5,25-30,2,1,0.5,0.265,0.235,0.09452865480086614,0.9054713451991339
World Events,1h,1.0,all,30,32.5,30-35,2,1,0.5,0.315,0.185,0.09452865480086614,0.9054713451991339
World Events,1h,1.0,all,40,42.5,40-45,1,1,1.0,0.4,0.6,0.20654329147389294,1.0
World Events,1h,1.0,all,45,47.5,45-50,1,0,0.0,0.45,-0.45,0.0,0.7934567085261071
World Events,1h,1.0,all,50,52.5,50-55,2,1,0.5,0.52,-0.020000000000000018,0.09452865480086614,0.9054713451991339
World Events,1h,1.0,all,60,62.5,60-65,1,0,0.0,0.63,-0.63,0.0,0.7934567085261071
World Events,1h,1.0,all,65,67.5,65-70,1,1,1.0,0.68,0.31999999999999995,0.20654329147389294,1.0
World Events,1h,1.0,all,70,72.5,70-75,1,1,1.0,0.71,0.29000000000000004,0.20654329147389294,1.0
World Events,1h,1.0,all,75,77.5,75-80,4,3,0.75,0.7775,-0.02749999999999997,0.3006360524426366,0.9544139373553637
World Events,1h,1.0,all,80,82.5,80-85,3,3,1.0,0.8233333333333333,0.17666666666666675,0.43849391955098227,1.0
World Events,1h,1.0,all,85,87.5,85-90,2,2,1.0,0.885,0.11499999999999999,0.34237195288961925,1.0
World Events,1h,1.0,all,90,92.5,90-95,5,5,1.0,0.924,0.07599999999999996,0.5655085052479191,1.0
World Events,1h,1.0,all,95,97.5,95-100,55,55,1.0,0.9769090909090908,0.023090909090909162,0.9347128562105721,0.9999999999999999
World Events,1h,1.0,<=1h,0,2.5,0-5,39,1,0.02564102564102564,0.015128205128205128,0.010512820512820513,0.00454058606523737,0.13181286478627147
World Events,1h,1.0,<=1h,5,7.5,5-10,6,0,0.0,0.06666666666666667,-0.06666666666666667,0.0,0.3903430336530645
World Events,1h,1.0,<=1h,10,12.5,10-15,1,1,1.0,0.11,0.89,0.20654329147389294,1.0
World Events,1h,1.0,<=1h,15,17.5,15-20,3,0,0.0,0.1733333333333333,-0.1733333333333333,0.0,0.5615060804490177
World Events,1h,1.0,<=1h,25,27.5,25-30,2,1,0.5,0.265,0.235,0.09452865480086614,0.9054713451991339
World Events,1h,1.0,<=1h,30,32.5,30-35,1,1,1.0,0.32,0.6799999999999999,0.20654329147389294,1.0
World Events,1h,1.0,<=1h,40,42.5,40-45,1,1,1.0,0.4,0.6,0.20654329147389294,1.0
World Events,1h,1.0,<=1h,45,47.5,45-50,1,0,0.0,0.45,-0.45,0.0,0.7934567085261071
World Events,1h,1.0,<=1h,50,52.5,50-55,2,1,0.5,0.52,-0.020000000000000018,0.09452865480086614,0.9054713451991339
World Events,1h,1.0,<=1h,65,67.5,65-70,1,1,1.0,0.68,0.31999999999999995,0.20654329147389294,1.0
World Events,1h,1.0,<=1h,70,72.5,70-75,1,1,1.0,0.71,0.29000000000000004,0.20654329147389294,1.0
World Events,1h,1.0,<=1h,75,77.5,75-80,3,2,0.6666666666666666,0.7766666666666667,-0.1100000000000001,0.2076549551264879,0.9385096847238394
World Events,1h,1.0,<=1h,80,82.5,80-85,3,3,1.0,0.8233333333333333,0.17666666666666675,0.43849391955098227,1.0
World Events,1h,1.0,<=1h,85,87.5,85-90,1,1,1.0,0.88,0.12,0.20654329147389294,1.0
World Events,1h,1.0,<=1h,90,92.5,90-95,1,1,1.0,0.94,0.06000000000000005,0.20654329147389294,1.0
World Events,1h,1.0,<=1h,95,97.5,95-100,25,25,1.0,0.9764,0.023599999999999954,0.8668035060468213,1.0
World Events,1h,1.0,<=6h,0,2.5,0-5,65,1,0.015384615384615385,0.014923076923076923,0.0004615384615384629,0.002720874527486622,0.08213479413797146
World Events,1h,1.0,<=6h,5,7.5,5-10,11,1,0.09090909090909091,0.06454545454545454,0.026363636363636367,0.01623175226282597,0.3773646254862038
World Events,1h,1.0,<=6h,10,12.5,10-15,5,1,0.2,0.106,0.09400000000000001,0.03622316096978745,0.6244717358814613
World Events,1h,1.0,<=6h,15,17.5,15-20,4,0,0.0,0.1675,-0.1675,0.0,0.48990002040399916
World Events,1h,1.0,<=6h,25,27.5,25-30,2,1,0.5,0.265,0.235,0.09452865480086614,0.9054713451991339
World Events,1h,1.0,<=6h,30,32.5,30-35,1,1,1.0,0.32,0.6799999999999999,0.20654329147389294,1.0
World Events,1h,1.0,<=6h,40,42.5,40-45,1,1,1.0,0.4,0.6,0.20654329147389294,1.0
World Events,1h,1.0,<=6h,45,47.5,45-50,1,0,0.0,0.45,-0.45,0.0,0.7934567085261071
World Events,1h,1.0,<=6h,50,52.5,50-55,2,1,0.5,0.52,-0.020000000000000018,0.09452865480086614,0.9054713451991339
World Events,1h,1.0,<=6h,60,62.5,60-65,1,0,0.0,0.63,-0.63,0.0,0.7934567085261071
World Events,1h,1.0,<=6h,65,67.5,65-70,1,1,1.0,0.68,0.31999999999999995,0.20654329147389294,1.0
World Events,1h,1.0,<=6h,70,72.5,70-75,1,1,1.0,0.71,0.29000000000000004,0.20654329147389294,1.0
World Events,1h,1.0,<=6h,75,77.5,75-80,4,3,0.75,0.7775,-0.02749999999999997,0.3006360524426366,0.9544139373553637
World Events,1h,1.0,<=6h,80,82.5,80-85,3,3,1.0,0.8233333333333333,0.17666666666666675,0.43849391955098227,1.0
World Events,1h,1.0,<=6h,85,87.5,85-90,1,1,1.0,0.88,0.12,0.20654329147389294,1.0
World Events,1h,1.0,<=6h,90,92.5,90-95,3,3,1.0,0.9266666666666667,0.07333333333333325,0.43849391955098227,1.0
World Events,1h,1.0,<=6h,95,97.5,95-100,45,45,1.0,0.976,0.02400000000000002,0.9213457380593594,1.0
World Events,1h,1.0,<=24h,0,2.5,0-5,94,1,0.010638297872340425,0.01553191489361702,-0.0048936170212765945,0.001880347339052478,0.057824318161102874
World Events,1h,1.0,<=24h,5,7.5,5-10,12,1,0.08333333333333333,0.065,0.018333333333333326,0.014864709450773478,0.35388592179859524
World Events,1h,1.0,<=24h,10,12.5,10-15,5,1,0.2,0.106,0.09400000000000001,0.03622316096978745,0.6244717358814613
World Events,1h,1.0,<=24h,15,17.5,15-20,4,0,0.0,0.1675,-0.1675,0.0,0.48990002040399916
World Events,1h,1.0,<=24h,25,27.5,25-30,2,1,0.5,0.265,0.235,0.09452865480086614,0.9054713451991339
World Events,1h,1.0,<=24h,30,32.5,30-35,1,1,1.0,0.32,0.6799999999999999,0.20654329147389294,1.0
World Events,1h,1.0,<=24h,40,42.5,40-45,1,1,1.0,0.4,0.6,0.20654329147389294,1.0
World Events,1h,1.0,<=24h,45,47.5,45-50,1,0,0.0,0.45,-0.45,0.0,0.7934567085261071
World Events,1h,1.0,<=24h,50,52.5,50-55,2,1,0.5,0.52,-0.020000000000000018,0.09452865480086614,0.9054713451991339
World Events,1h,1.0,<=24h,60,62.5,60-65,1,0,0.0,0.63,-0.63,0.0,0.7934567085261071
World Events,1h,1.0,<=24h,65,67.5,65-70,1,1,1.0,0.68,0.31999999999999995,0.20654329147389294,1.0
World Events,1h,1.0,<=24h,70,72.5,70-75,1,1,1.0,0.71,0.29000000000000004,0.20654329147389294,1.0
World Events,1h,1.0,<=24h,75,77.5,75-80,4,3,0.75,0.7775,-0.02749999999999997,0.3006360524426366,0.9544139373553637
World Events,1h,1.0,<=24h,80,82.5,80-85,3,3,1.0,0.8233333333333333,0.17666666666666675,0.43849391955098227,1.0
World Events,1h,1.0,<=24h,85,87.5,85-90,1,1,1.0,0.88,0.12,0.20654329147389294,1.0
World Events,1h,1.0,<=24h,90,92.5,90-95,5,5,1.0,0.924,0.07599999999999996,0.5655085052479191,1.0
World Events,1h,1.0,<=24h,95,97.5,95-100,54,54,1.0,0.9766666666666667,0.023333333333333317,0.9335841332189981,1.0
